12as_B	12as_B
12as_B	12as_A
1a54_A	1a54_A
1a54_A	1oib_B
1a54_A	1a54_A
1a54_A	1a54_A
1a54_A	7dm1_A
1a95_C	1a95_C
1a95_C	1a95_A
1a95_C	1a95_B
1a95_C	1a95_C
1a95_C	1a95_B
1a95_C	1a96_B
1a95_C	5xtk_A
1a95_C	1nul_B
1a95_C	1a95_D
1b9z_A	1b9z_A
1b9z_A	5bca_A
1b9z_A	1b90_A
1b9z_A	1b9z_A
1b9z_A	1b9z_A
1b9z_A	1j0y_A
1b9z_A	1j10_B
1cws_A	1cws_A
1cws_A	1ys0_A
1cws_A	1cwr_A
1cws_A	1cws_A
1cws_A	4wh7_A
1dak_A	1dak_A
1dak_A	1byi_A
1dak_A	1bs1_A
1dak_A	1bs1_A
1dak_A	1dad_A
1dak_A	1dae_A
1dak_A	1daf_A
1dak_A	1dag_A
1dak_A	1dag_A
1dak_A	1dah_A
1dak_A	1dah_A
1dak_A	1dak_A
1dak_A	1dam_A
1dak_A	1dam_A
1dqe_B	1dqe_B
1dqe_B	2fjy_A
1dqe_B	1dqe_A
1dqe_B	1dqe_B
1dqe_B	2p70_A
1dqe_B	2p70_A
1dqe_B	2wcj_A
6ial_G	6ial_G
6ial_G	7lvb_A
6ial_G	1fd7_O
6ial_G	6ial_F
6ial_G	1fd7_P
6ial_G	1ct1_A
6ial_G	1ct1_B
6ial_G	1ct1_C
6ial_G	1ct1_D
6ial_G	1ct1_E
6ial_G	1djr_D
6ial_G	1fd7_A
6ial_G	1fd7_B
6ial_G	1fd7_C
6ial_G	1fd7_D
6ial_G	1fd7_E
6ial_G	1jqy_A
6ial_G	1jqy_B
6ial_G	1jqy_C
6ial_G	1jqy_D
6ial_G	1jqy_E
6ial_G	1llr_A
6ial_G	1llr_B
6ial_G	1llr_C
6ial_G	1llr_D
6ial_G	1llr_E
6ial_G	1llr_D
6ial_G	1lt5_A
6ial_G	1lt5_B
6ial_G	1lt5_C
6ial_G	1lt5_D
6ial_G	1lt5_E
6ial_G	1lt5_D
6ial_G	2o2l_E
6ial_G	4l6t_B
6ial_G	5elf_A
6ial_G	6hmw_A
6ial_G	6ial_C
1b0i_A	1b0i_A
1b0i_A	1g9h_A
1b0i_A	1cpu_A
1b0i_A	1hny_A
1b0i_A	1hx0_A
1b0i_A	1jfh_A
1b0i_A	1jfh_A
1b0i_A	1ose_A
1b0i_A	1pig_A
1b0i_A	1ppi_A
1b0i_A	1u2y_A
1b0i_A	1u30_A
1b0i_A	1ua3_A
1b0i_A	1xd0_A
1b0i_A	2qmk_A
1b0i_A	3bai_A
1b0i_A	3baw_A
1b0i_A	3ij7_A
1b0i_A	3old_A
1b0i_A	3olg_A
1b0i_A	3vm5_A
1b0i_A	4gqq_A
1b0i_A	4gqr_A
1b0i_A	5emy_A
1b0i_A	8orp_A
1h3t_B	1h3t_B
1h3t_B	4nqt_A
1i0s_A	1i0s_A
1i0s_A	1i0r_B
1i0s_A	1i0s_A
1i0s_A	1i0s_A
1i7l_A	1i7l_A
1i7l_A	1i7n_A
1i7l_A	1aux_A
1i7l_A	1aux_A
1i7l_A	1i7l_A
1i7l_A	1i7l_A
1i7l_A	1pk8_A
1i7l_A	1px2_A
1i7l_A	2p0a_B
1i7l_A	2p0a_A
1k1y_A	1k1y_A
1k1y_A	1k1x_B
1k1y_A	1k1x_A
1k1y_A	1k1y_A
1k1y_A	1k1y_A
1yre_B	1yre_B
1yre_B	8gxj_B
1yre_B	1yre_C
1yre_B	8gxj_C
1yre_B	1yre_A
1yre_B	8gxk_B
1zeh_A	1zeh_A
1zeh_A	4xc4_A
1zeh_A	1ev6_A
1zeh_A	1ev6_C
1zeh_A	1ev6_E
1zeh_A	1ev6_G
1zeh_A	1ev6_I
1zeh_A	1ev6_K
1zeh_A	4gbi_A
1zeh_A	7ins_A
1zeh_B	1zeh_B
1zeh_B	4xc4_B
1zeh_B	1zeh_D
1zeh_B	4xc4_D
1zeh_B	1aph_B
1zeh_B	1ev6_B
1zeh_B	1ev6_D
1zeh_B	1ev6_F
1zeh_B	1ev6_H
1zeh_B	1ev6_J
1zeh_B	1ev6_L
1zeh_B	1qiy_F
1zeh_B	2om1_T
1zeh_B	3q6e_D
1zeh_B	4gbi_B
1zeh_B	4gbi_D
1zeh_B	5e7w_D
1zeh_B	6gnq_B
1zeh_B	7ins_B
1zeh_B	7ins_C
1zeh_B	7ins_D
1g24_C	1g24_C
1g24_C	2a9k_B
1g24_C	1gzf_A
1g24_C	1gzf_B
1g24_C	1gzf_C
1g24_C	1uzi_B
1g24_C	2c8a_A
1g24_C	1ojz_A
1g24_C	1ojz_A
1g24_C	4fk7_A
1g24_C	5dzq_O
1g24_C	5bwm_B
1g24_C	4xsh_B
2ag2_B	2ag2_B
2ag2_B	1pu5_C
2ag2_B	1tjj_A
2ag2_B	2ag2_A
2ag2_B	2ag2_B
2b98_C	2b98_C
2b98_C	2b99_A
2b98_C	2b99_E
2b98_C	2b98_D
2b98_C	2b99_A
2b98_C	2b99_E
2b98_C	2b99_A
2b98_C	2b99_C
2bhi_A	2bhi_A
2bhi_A	2bhi_B
2bhi_A	1h0j_A
2bhi_A	1xt3_A
2bhi_A	2bhi_A
2bhi_A	2bhi_B
2bhz_A	2bhz_A
2bhz_A	2by3_A
2bhz_A	2bhz_A
2bif_A	2bif_A
2bif_A	3bif_A
2bif_A	1bif_A
2bif_A	1bif_A
2bif_A	1k6m_A
2bif_A	2bif_A
2bif_A	3bif_A
2bif_A	2axn_A
2bif_A	2dwo_A
2bif_A	2dwp_A
2bif_A	2i1v_B
2bif_A	3qpu_A
2bif_A	3qpv_A
2bif_A	3qpw_A
2bif_A	4ma4_A
2bif_A	5htk_A
2c3w_B	2c3w_B
2c3w_B	2c3v_A
2c3w_B	2c3w_C
2c3w_B	2c3v_A
2c3w_B	2c3w_A
2dcf_A	2dcf_A
2dcf_A	1wyc_A
2dcf_A	2dcf_A
4cry_A	4cry_A
4cry_A	4aon_A
4b1f_A	4b1f_A
4b1f_A	2jfy_B
4b1f_A	4b1f_B
4b1f_A	8eb3_A
4b1f_A	2ohv_A
4b1f_A	2jfp_A
4b1f_A	2vvt_A
4d8l_A	4d8l_A
4d8l_A	4di8_A
4ea0_A	4ea0_A
4ea0_A	2zco_A
4ea0_A	2zcq_A
4ea0_A	3adz_A
4ea0_A	3ae0_A
4ea0_A	3vje_A
4ea0_A	3w7f_A
4ea0_A	4e9u_A
4ea0_A	4ea0_A
4ea0_A	4ea1_A
4ea0_A	4ea2_A
4ea0_A	4ea2_A
4ea0_A	4f6v_A
4ei7_A	4ei7_A
4ei7_A	4ei8_A
4ei7_A	4ei7_A
4ei7_A	4ei7_B
4ei7_A	4ei7_A
4f10_A	4f10_A
4f10_A	4e1y_A
4f10_A	1hv6_A
4f10_A	4f10_A
4f10_A	4f13_A
4ff4_A	4ff4_A
4ff4_A	2po4_A
4ff4_A	3c46_A
4ff4_A	3q0a_A
4ff4_A	3q22_A
4ff4_A	3q23_A
4ff4_A	3q23_A
4ff4_A	3q24_A
4ff4_A	4ff2_A
4ff4_A	4ff4_A
4fxq_A	4fxq_A
4fxq_A	4gf1_B
4fxq_A	4fxq_A
4g2r_B	4g2r_B
4g2r_B	4l6w_B
4g2r_B	4g2r_B
4g2r_B	4g2r_B
4g2r_B	6p7u_D
4g2r_B	4l6w_A
4g2r_B	4g2r_A
4g2r_B	4g2r_A
4g2r_B	1on3_F
4g2r_B	1on3_E
4g2r_B	1vrg_A
4g2r_B	5ini_F
4g2r_B	1xny_A
4g2r_B	1xny_B
4g2r_B	1xny_A
4g2r_B	6ybq_A
4g2r_B	7ybu_C
1r8j_A	1r8j_A
1r8j_A	4g86_B
1o24_C	1o24_C
1o24_C	4gtd_B
1o24_C	1o24_A
1o24_C	4gtd_C
1o24_C	4gtd_D
1o24_C	1o24_D
1o24_C	1kq4_A
1o24_C	1kq4_B
1o24_C	1kq4_C
1o24_C	1kq4_D
1o24_C	1o25_A
1o24_C	1o25_B
1o24_C	1o25_C
1o24_C	1o25_D
1o24_C	1o27_A
1o24_C	1o27_B
1o24_C	1o27_C
1o24_C	1o27_D
1o24_C	1o28_A
1o24_C	1o28_B
1o24_C	1o28_C
1o24_C	1o28_D
1o24_C	1o29_A
1o24_C	1o29_B
1o24_C	1o29_C
1o24_C	1o29_D
1o24_C	1o2a_A
1o24_C	1o2a_B
1o24_C	1o2a_C
1o24_C	1o2a_D
1o24_C	1o2b_A
1o24_C	1o2b_B
1o24_C	1o2b_C
1o24_C	1o2b_D
1o24_C	4gte_A
1o24_C	4gte_D
1o24_C	7ndw_D
1o24_C	3ah5_B
1o24_C	3ah5_C
1o24_C	3ah5_D
1o24_C	3ah5_A
1o24_C	4p5a_B
1o24_C	4p5a_A
1o24_C	4p5a_D
4gvq_A	4gvq_A
4gvq_A	4gvr_A
4gvq_A	4gvs_B
4gvq_A	1qlm_A
4gvq_A	4fio_A
4ibk_B	4ibk_B
4ibk_B	4ibk_A
4ibk_B	3l28_F
4ibk_B	3l28_F
4ibk_B	4ghl_A
4nb3_B	4nb3_B
4nb3_B	4ijh_A
4inb_A	4inb_A
4inb_A	2pwo_B
4inb_A	4inb_A
4ma7_A	4ma7_A
4ma7_A	6her_A
4ma7_A	1uw3_A
4ma7_A	4ma8_C
4mo4_C	4mo4_C
4mo4_C	8bre_B
4mo4_C	4mo4_C
4mo4_C	4mo5_A
4mo4_C	8c0u_A
4mo4_C	8cpb_A
4mo4_C	4zlu_B
4mo4_C	4zfv_A
4n49_A	4n49_A
4n49_A	4n4a_A
4n49_A	4n48_B
4n49_A	4n49_A
4nfd_A	4nfd_A
4nfd_A	4nfc_A
4nfd_A	4nfd_A
4onm_B	4onm_B
4onm_B	6p5b_C
4onm_B	4mdk_A
4onm_B	7m2k_A
4ont_D	4ont_D
4ont_D	3rj3_F
4ont_D	4ont_D
4pid_A	4pid_A
4pid_A	4ekf_A
4pid_A	4pid_A
4pid_A	4wx4_A
4ptz_C	4ptz_C
4ptz_C	4pu0_B
4ptz_C	4pty_A
4qat_B	4qat_B
4qat_B	4qas_A
4qat_B	4qar_B
4qat_B	4qat_B
5f7r_E	5f7r_E
5f7r_E	5f7r_A
5f7q_C	5f7q_C
5f7q_C	5f7q_E
5f7q_C	1z05_A
5ff7_C	5ff7_C
5ff7_C	5f2m_D
5ff7_C	3kao_A
5ff7_C	5f2i_D
5ff7_C	5f2l_A
5ff7_C	5f4s_A
5ff7_C	5f4w_A
5ff7_C	5ff7_C
5fsu_B	5fsu_B
5fsu_B	5fsx_A
5fsu_B	5fsy_A
5gmz_B	5gmz_B
5gmz_B	5gmz_A
5gmz_B	6j10_C
5gmz_B	6j10_D
5gmz_B	7pzi_A
5hij_A	5hij_A
5hij_A	5h02_A
5hij_A	5gwx_A
5hij_A	5him_A
5hij_A	1xva_A
5hij_A	2idj_A
5hij_A	1xva_B
5hij_A	2idj_B
5hij_A	1d2h_A
5hij_A	1nbh_A
5hij_A	1xva_A
5hij_A	1xva_B
5hij_A	2idk_D
5h5f_A	5h5f_A
5h5f_A	5c74_A
5h5f_A	5c77_A
5h5f_A	5h5d_A
5h5f_A	5h5e_A
5h5f_A	5h5f_A
5hae_A	5hae_A
5hae_A	5h9k_A
5hae_A	5h9n_A
5hae_A	5hae_A
5hsj_A	5hsj_A
5hsj_A	5hsi_A
5hsj_A	5hsj_B
5hsj_A	5hsi_B
5hsj_A	5hsj_A
5hsj_A	7cwz_A
5hsj_A	7cwz_B
5hsj_A	7cx0_B
5hwa_A	5hwa_A
5hwa_A	2d05_A
5hwa_A	5hwa_A
5ic3_A	5ic3_A
5ic3_A	4k76_C
5ic3_A	4q6h_A
5ic3_A	5ic3_A
5ic3_A	7jzp_B
5ihk_A	5ihk_A
5ihk_A	1bk2_A
5ihk_A	1u06_A
5ihk_A	5ihk_A
5ihk_A	1w70_B
5ihb_A	5ihb_A
1esw_A	1esw_A
1esw_A	5jiw_A
1esw_A	1esw_A
1esw_A	1esw_A
1esw_A	2oww_A
1esw_A	2x1i_A
1esw_A	5csy_B
1esw_A	5csu_A
1esw_A	6lx2_A
1esw_A	6lx1_A
5jv4_A	5jv4_A
5jv4_A	4zky_A
5jv4_A	5jv4_D
5jv4_A	4zky_B
5jv4_A	5jv4_A
5kjq_A	5kjq_A
5kjq_A	4zm7_A
5kjq_A	3x2h_A
5kjq_A	3x2k_A
5kop_D	5kop_D
5kop_D	5kor_C
5kop_D	5kor_B
5kop_D	5kwk_B
5l45_A	5l45_A
5l45_A	5l4l_A
5l45_A	5l3z_A
5l45_A	2zcv_A
5l45_A	2zcv_A
5l45_A	2vrb_A
5l45_A	2jl1_A
5l45_A	5f5n_B
5l45_A	5f5n_A
1dil_A	1dil_A
1dil_A	1dim_A
1dil_A	2sim_A
1dio_D	1dio_D
1dio_D	1dio_F
1dio_D	1eex_D
1dio_D	1eex_F
1dio_D	1egm_D
1dio_D	1egm_F
1dio_D	1egv_D
1dio_D	1egv_F
1dio_D	1iwb_D
1dio_D	1iwb_F
1dio_D	1uc4_D
1dio_D	1uc4_F
1dio_D	1uc5_D
1dio_D	1uc5_F
1dio_D	1iwp_D
1dio_D	1iwp_F
1dio_D	1mmf_C
1djg_B	1djg_B
1djg_B	1djh_B
1djg_B	1djx_A
1djg_B	1djx_B
1djg_B	1djz_B
1djn_A	1djn_A
1djn_A	1djn_B
1djn_A	1djn_A
1djn_A	1djq_A
1djn_A	1djq_B
1djn_A	2tmd_B
1djn_A	3k30_B
1djn_A	6qkg_B
1dl5_A	1dl5_A
1dl5_A	1dl5_B
1dl5_A	1dl5_A
1dl7_B	1dl7_B
1dl7_B	1mfa_B
1dl7_B	1bfv_B
1dl7_B	1cfv_B
1dl7_B	2bfv_B
1dl7_B	43ca_A
1dlk_A	1dlk_A
1dlk_C	1dlk_C
1dmr_A	1dmr_A
1dmr_A	1dms_A
1dmr_A	1e5v_A
1dmr_A	1h5n_A
1dmr_A	1h5n_C
1dmr_A	2dmr_A
1dmr_A	3dmr_A
1dmr_A	4dmr_A
1dmr_A	1eu1_A
1dmr_A	1eu1_A
1dmr_A	7l5s_A
1dmr_A	1tmo_A
1dmr_A	1tmo_A
1dmr_A	4v4d_A
1dmr_A	4v4c_A
1dmr_A	4ydd_A
1dmr_A	4ydd_A
1dmr_A	5ch7_A
1dmr_A	5chc_A
1dmr_A	2ivf_A
1dmr_A	2ivf_A
1dmr_A	2vpy_A
1dmr_A	6cz7_A
1dmr_A	6cz8_A
1dmr_A	6cz9_A
1dmr_A	6cza_A
1dmr_A	1fdo_A
1dmr_A	2e7z_A
1dmr_A	2e7z_A
1dmr_A	8ccq_A
1dmr_A	4aay_A
1dmr_A	8cff_A
1dmr_A	1g8j_A
1dmr_A	1g8k_A
1dmr_A	8ch9_C
1dmr_A	2nya_A
1dmr_A	3ml1_A
1dmr_A	2jiq_A
1dmr_A	2jir_A
1dmr_A	2jir_A
1dmr_A	2nap_A
1dmu_A	1dmu_A
1doa_B	1doa_B
1doa_B	1ds6_B
1doa_B	5fr1_B
1dp6_A	1dp6_A
1dp6_A	1dp9_A
1dp6_A	1lsx_A
1dp6_A	1lt0_A
1dp6_A	1xj2_A
1dp6_A	1s66_L
1dq3_A	1dq3_A
1dqg_A	1dqg_A
1dqg_A	1dqo_A
1dqg_A	1fwu_A
1dqg_A	1fwu_A
1dqg_A	1fwv_A
1dqn_A	1dqn_A
1dqn_A	1dqn_B
1dqn_A	1dqn_A
1dqn_A	1dqp_A
1dqn_A	1dqp_B
1dqn_A	1dqp_A
1dtd_A	1dtd_A
1dtd_A	3cpa_A
1dtd_A	1arl_A
1dtd_A	1arm_A
1dtd_A	1ee3_P
1dtd_A	1f57_A
1dtd_A	1f57_A
1dtd_A	1hdq_A
1dtd_A	1hdu_A
1dtd_A	1hdu_A
1dtd_A	1hee_A
1dtd_A	1hee_A
1dtd_A	1iy7_A
1dtd_A	2pcu_A
1dtd_A	2rfh_A
1dtd_A	3cpa_A
1dtd_A	8cpa_A
1dtd_A	2pj4_B
1dtd_A	2pj4_A
1dtd_A	5lyd_A
1dtd_A	3lms_A
1dtd_A	1obr_A
1dtd_A	3v7z_A
1dtd_A	4duk_A
1dtd_A	6sn6_A
1dtd_A	6t9y_A
1dtd_A	7q87_A
1dtp_A	1dtp_A
1dw2_A	1dw2_A
1dw2_A	1dw1_A
1dwk_A	1dwk_A
1dwk_A	2iuo_B
1dwk_A	4y42_B
1dwk_A	6tv0_A
1dwk_A	8k6h_A
1dwk_A	8k6s_A
1dwk_A	6xgt_D
1dy1_A	1dy1_A
1e0j_A	1e0j_A
1e0j_A	1cr1_A
1e0j_A	1cr2_A
1e0j_A	1cr4_A
1e0j_A	1e0j_B
1e0j_A	1e0j_B
1e29_A	1e29_A
1e29_A	2axt_v
1e29_A	1mz4_A
1e29_A	4pj0_V
1e29_A	7yq2_V
1e32_A	1e32_A
1e32_A	7pux_A
1e3p_A	1e3p_A
1e4e_B	1e4e_B
1e4e_B	1e4e_A
1e4e_B	3r5f_A
1e4e_B	3r5f_A
1e4e_B	4l1k_A
1e4e_B	4fu0_A
1e4e_B	8evx_B
1e4e_B	8evv_A
1e4e_B	1ehi_A
1e4e_B	1ehi_B
1e4e_B	1ehi_A
1e4e_B	2i8c_B
1e4e_B	7u56_A
1e4e_B	3q1k_A
1e4e_B	3r5x_D
1e4e_B	6u1d_B
1e4e_B	2yzm_A
1e4e_B	2yzg_C
1e4e_B	2zdg_B
1e4e_B	2zdq_A
1e4e_B	6u1k_A
1e4e_B	5c1p_B
1e4e_B	1iov_A
1e4e_B	1iow_A
1e4e_B	2dln_A
1e4e_B	4c5b_A
1e4e_B	8evz_C
1e4e_B	8evy_A
1e4i_A	1e4i_A
1e4i_A	1bgg_B
1e4i_A	1e4m_M
1e4i_A	1e6q_A
1e4i_A	1e6q_M
1e4i_A	1e6s_A
1e4i_A	1e6s_M
1e4i_A	1e6x_A
1e4i_A	1e6x_M
1e4i_A	1e70_M
1e4i_A	1e71_M
1e4i_A	1h49_A
1e4i_A	1e1f_A
1e4i_A	1e55_A
1e4i_A	2e40_A
1e4i_A	2e9l_A
1e4i_A	2e9m_A
1e4i_A	2zox_A
1e4i_A	3vkk_A
1e4i_A	3vif_A
1e4i_A	3ai0_A
1e4i_A	3vig_A
1e4i_A	3vil_A
1e4i_A	2jal_B
1e4i_A	1uz1_B
1e4i_A	1w3j_A
1e4i_A	2cbu_B
1e4i_A	2cbv_A
1e4i_A	2cet_B
1e4i_A	2j75_B
1e4i_A	2j79_B
1e4i_A	2j7c_B
1e4i_A	2vrj_A
1e4i_A	2wbg_A
1e4i_A	2wc4_A
1e4i_A	5oss_B
1e4i_A	3aiq_A
1e4i_A	3air_A
1e4i_A	3aiv_A
1e4i_A	3u5y_A
1e4i_A	3u5y_A
1e4i_A	3zj7_A
1e4i_A	3wba_A
1e4i_A	3wh7_A
1e4i_A	4jie_A
1e4i_A	2rgl_A
1e4i_A	3sco_A
1e4i_A	4re2_A
1e4i_A	4re3_A
1e4i_A	4re4_A
1e4i_A	3ptq_A
1e4i_A	3ptq_A
1e4i_A	4pbg_A
1e4i_A	4zfm_C
1e4i_A	4zen_A
1e4i_A	5yj7_C
1e4i_A	1gnx_A
1e4i_A	2z1s_A
1e4i_A	2o9r_A
1e4i_A	6m6l_B
1e4i_A	6z1m_A
1e4i_A	4ipn_B
1e4i_A	4f79_A
1e4i_A	4f66_A
1e4i_A	3qom_A
1e4i_A	5naq_A
1e4i_A	6m55_A
1e4i_A	6m4f_C
1e4i_A	7f1n_A
1e4i_A	1uwr_A
1e4i_A	1uwu_B
1e4i_A	2ceq_A
1e4i_A	2cer_A
1e4i_A	1uwt_A
1e4i_A	4ean_B
1e4i_A	4ean_A
1e4i_A	4ha3_A
1e4i_A	5ixe_B
1e54_A	1e54_A
1e54_A	3vzu_X
1e54_A	3a2s_X
1e5s_A	1e5s_A
1e5s_A	4p7w_A
1e5s_A	4p7x_A
1e6z_B	1e6z_B
1e6z_B	1e6r_B
1e6z_B	1e6z_A
1e6z_B	1h0g_A
1e6z_B	1h0g_B
1e6z_B	1o6i_B
1e6z_B	1ur9_B
1e6z_B	1w1t_B
1e6z_B	3wd4_A
1e6z_B	6jk9_A
1e6z_B	6jkf_B
1e6z_B	7c34_A
1e7d_A	1e7d_A
1e86_A	1e86_A
1e86_A	2xl6_A
1e86_A	2yld_A
1e86_A	5jli_A
1e86_A	5ngx_A
1e86_A	5b3i_A
1e86_A	1gqa_A
1e86_A	1cpr_A
1e86_A	1cpq_A
1e8c_A	1e8c_A
1e8c_A	7b60_A
1e8c_A	7b6q_A
1e8c_A	7b61_A
1e8c_A	4bub_A
1e8c_A	4c13_A
1e8u_B	1e8u_B
1e8u_B	1e8v_A
1e8u_B	1e8v_B
1e8u_B	1v3c_A
1e8u_B	1v3d_A
1e8u_B	1v3e_A
1e8u_B	4mza_A
1e8u_B	4mza_B
1e8u_B	4wef_A
1e8u_B	1z4w_A
1e8u_B	4jf7_A
1e8u_B	5b2d_A
1e8u_B	6jjm_A
1e8u_B	6sg8_B
1e8w_A	1e8w_A
1e8w_A	1e7v_A
1e8w_A	1e7v_A
1e8w_A	1e8w_A
1e8w_A	1e8x_A
1e8w_A	1e8x_A
1e8w_A	1e90_A
1e8w_A	3csf_A
1e8w_A	4urk_A
1e8w_A	1e8z_A
1e8w_A	1e8z_A
1e8w_A	2chz_A
1e8w_A	2v4l_A
1e8w_A	3apf_A
1e8w_A	3hhm_A
1e8w_A	4l2y_A
1e8w_A	7r26_A
1e8w_A	4ajw_A
1e8w_A	4bfr_A
1e9h_B	1e9h_B
1e9h_B	1fin_B
1e9h_B	1h1p_B
1e9h_B	1h1q_B
1e9h_B	1h1r_B
1e9h_B	1h1s_B
1e9h_B	1p5e_B
1e9h_B	1pkd_B
1e9h_B	1qmz_B
1e9h_B	1qmz_D
1e9x_A	1e9x_A
1e9x_A	1e9x_A
1e9x_A	1ea1_A
1e9x_A	1x8v_A
1e9x_A	2w09_A
1e9x_A	3jus_A
1e9x_A	4uhi_D
1e9x_A	6q2t_A
1e9x_A	3tik_A
1e9x_A	3l4d_A
1e9x_A	3zg3_A
1e9x_A	5ajr_A
1e9x_A	4uym_A
1e9x_A	5eqb_A
1e9x_A	4lxj_A
1e9x_A	4zdy_A
1e9x_A	4zdz_A
1e9x_A	4ze0_A
1e9x_A	4ze1_A
1e9x_A	5eqb_A
1e9x_A	5jlc_A
1e9x_A	5ul0_A
1e9x_A	7ry8_A
1e9x_A	6ayb_A
1e9x_A	7rkr_A
1e9x_A	7jj1_C
1e9x_A	6a15_A
1e9x_A	2ve3_A
1e9x_A	2ve3_A
1eah_D	1eah_D
1eah_D	1piv_E
1eah_D	1pvc_E
1eah_D	4q4w_4
1eaq_B	1eaq_B
1eb1_A	1eb1_A
1eb1_B	1eb1_B
1eb6_A	1eb6_A
1ecm_A	1ecm_A
1ecm_A	1ecm_B
1ecy_A	1ecy_A
1ee9_A	1ee9_A
1ee9_A	1ee9_A
1ef0_A	1ef0_A
1efp_A	1efp_A
1efp_A	1efv_A
1egh_A	1egh_A
1egh_A	1b93_B
1egh_A	1egh_B
1egh_A	1egh_C
1egh_A	1egh_D
1egh_A	1egh_E
1egh_A	1egh_F
1egh_A	1egh_A
1egh_A	1ik4_A
1egh_A	1ik4_B
1egh_A	1ik4_C
1egh_A	1ik4_D
1egh_A	1ik4_E
1egh_A	1ik4_F
1egh_A	1ik4_A
1eh6_A	1eh6_A
1ej0_A	1ej0_A
1ej0_A	1eiz_A
1ej0_A	2nyu_B
1ej0_A	2nyu_A
1ej0_A	7o9m_n
1ej0_A	2plw_A
1ej0_A	2plw_A
1ej4_B	1ej4_B
1ej8_A	1ej8_A
1eje_A	1eje_A
1eje_A	1eje_A
1ejh_B	1ejh_B
1ejj_A	1ejj_A
1ejj_A	1ejj_A
1ejj_A	1eqj_A
1ejj_A	3igy_B
1ejj_A	5kgn_A
1ejj_A	7tl7_A
1ek2_A	1ek2_A
1ek2_A	5alu_A
1ek2_A	5alu_A
1m6i_A	1m6i_A
1m6i_A	1gv4_A
1m6i_A	3gd3_A
1m6i_A	4bur_A
1m6i_A	8d3n_A
1m9i_A	1m9i_A
1mai_A	1mai_A
1mbx_A	1mbx_A
1mbx_A	1mbu_A
1mc0_A	1mc0_A
1mc0_A	1mc0_A
1mc0_A	1ykd_B
1mc0_A	1ykd_A
1mdc_A	1mdc_A
1mdc_A	1mdc_A
1mfb_B	1mfb_B
1mfb_B	1mfd_B
1mfb_B	1mfe_B
1mfb_B	1ngp_B
1mfb_B	1i7z_A
1mfb_B	1d6v_B
1mfb_B	1gaf_B
1mfb_B	1i7z_A
1mfb_B	1ngx_A
1mfb_B	7qxd_LLL
1mfb_B	7qxe_LLL
1mfb_B	8b50_L
1mfb_B	1h8s_A
1mfb_B	1lo0_A
1mfb_B	1jgu_B
1mfb_B	1kel_B
1mfb_B	1lo2_A
1mfb_B	1lo3_A
1mfb_B	2pcp_A
1mfb_B	1mh5_A
1mfb_B	1kn2_B
1mfb_B	1a3l_B
1mfb_B	1c1e_B
1mfb_B	1ct8_A
1mfb_B	1ct8_C
1mfb_B	1f3d_B
1mfb_B	1f3d_D
1mfb_B	1fl3_B
1mfb_B	1flr_B
1mfb_B	1jgl_B
1mfb_B	1kn4_B
1mfb_B	1m7d_A
1mfb_B	1mex_B
1mfb_B	1mj7_B
1mfb_B	1nd0_A
1mfb_B	1q72_B
1mfb_B	1qyg_B
1mfb_B	1vpo_B
1mfb_B	1yec_B
1mfb_B	1yee_B
1mfb_B	1yef_B
1mfb_B	1yeg_B
1mfb_B	1yei_B
1mfb_B	1yej_B
1mfb_B	1yek_B
1mfb_B	25c8_B
1mfb_B	2cgr_B
1mfb_B	35c8_B
1mfb_B	7qt0_D
1mfb_B	7ut3_L
1mfb_B	8cc0_L
1mfb_B	1kn2_A
1mfb_B	1flr_A
1mfb_B	1jgu_A
1mfb_B	1kn4_A
1mfb_B	1nd0_B
1mfb_B	1yec_A
1mfb_B	1yee_A
1mfb_B	1yef_A
1mfb_B	1yeg_A
1mfb_B	1yei_A
1mfb_B	1yej_A
1mfb_B	1yek_A
1mfb_B	2cgr_A
1mfb_B	7ut3_H
1mfb_B	1d6v_A
1mfb_B	1a4k_H
1mfb_B	1gaf_A
1mfb_B	1i7z_B
1mfb_B	1ngp_A
1mfb_B	1ngx_B
1mfb_B	1fl3_A
1mfb_B	1jgl_A
1mfb_B	1mex_A
1mfb_B	1mfd_A
1mfb_B	1mfb_A
1mfb_B	1mfe_A
1mfb_B	1qyg_A
1mfb_B	1m7d_B
1mfb_B	1q72_A
1mfb_B	1vpo_A
1mfb_B	1a3l_A
1mfb_B	1c1e_A
1mfb_B	1ct8_B
1mfb_B	1ct8_D
1mfb_B	1f3d_A
1mfb_B	1f3d_C
1mfb_B	1kel_A
1mfb_B	1lo0_B
1mfb_B	1lo2_B
1mfb_B	1lo3_B
1mfb_B	25c8_A
1mfb_B	2pcp_B
1mfb_B	35c8_A
1mfb_B	7qt0_E
1mfb_B	8cc0_H
1mfb_B	7qxd_KKK
1mfb_B	8b50_H
1mfb_B	4lcw_C
1mg5_B	1mg5_B
1mg5_B	3rj9_C
1mg5_B	1a4u_B
1mg5_B	1b14_A
1mg5_B	1b15_A
1mg5_B	1b15_B
1mg5_B	1b15_A
1mg5_B	1b16_A
1mg5_B	1b16_B
1mg5_B	1b2l_A
1mg5_B	1b2l_A
1mg5_B	1mg5_A
1mg5_B	1sby_A
1mg5_B	3rj9_A
1mg5_B	5ilg_A
1mh5_B	1mh5_B
1mh5_B	1mj7_A
1mid_A	1mid_A
1mid_A	1bwo_A
1mid_A	3gsh_A
1mid_A	7w9a_A
1mid_A	5tvi_V
1mid_A	6iwo_A
1mid_A	7w9a_A
1mid_A	1fk1_A
1mid_A	1fk2_A
1mid_A	1fk3_A
1mid_A	1fk4_A
1mid_A	1fk5_A
1mid_A	1fk6_A
1mid_A	1fk6_A
1mid_A	1fk7_A
1mid_A	1fk7_A
1mid_A	1mzm_A
1mid_A	1rzl_A
1mid_A	1uvc_A
1mjt_B	1mjt_B
1mjt_B	1mjt_A
1mjt_B	1mjt_B
1mjt_B	4d1n_A
1mjt_B	5uo3_A
1mjt_B	1d0c_A
1mjt_B	1d0c_B
1mjt_B	1d0o_A
1mjt_B	1d0o_B
1mjt_B	1d1v_A
1mjt_B	1d1v_B
1mjt_B	1d1x_A
1mjt_B	1d1x_B
1mjt_B	1d1y_A
1mjt_B	1d1y_B
1mjt_B	1dm6_A
1mjt_B	1dm6_B
1mjt_B	1dm7_A
1mjt_B	1dm7_B
1mjt_B	1dm7_A
1mjt_B	1dm8_A
1mjt_B	1dm8_B
1mjt_B	1dmj_A
1mjt_B	1dmj_B
1mjt_B	1dmk_A
1mjt_B	1dmk_B
1mjt_B	1ed4_A
1mjt_B	1ed4_B
1mjt_B	1ed5_A
1mjt_B	1ed5_B
1mjt_B	1ed6_A
1mjt_B	1ed6_B
1mjt_B	1ed6_A
1mjt_B	1foi_A
1mjt_B	1foi_B
1mjt_B	1foj_A
1mjt_B	1foj_B
1mjt_B	1i83_A
1mjt_B	1i83_B
1mjt_B	1k2r_A
1mjt_B	1k2r_B
1mjt_B	1k2t_A
1mjt_B	1k2t_B
1mjt_B	1k2u_A
1mjt_B	1k2u_B
1mjt_B	1lzx_A
1mjt_B	1lzx_B
1mjt_B	1lzz_A
1mjt_B	1lzz_B
1mjt_B	1m00_A
1mjt_B	1m00_B
1mjt_B	1m9j_A
1mjt_B	1m9j_B
1mjt_B	1m9k_A
1mjt_B	1m9k_B
1mjt_B	1m9q_A
1mjt_B	1m9q_B
1mjt_B	1mmw_A
1mjt_B	1mmw_B
1mjt_B	1om5_A
1mjt_B	1om5_B
1mjt_B	1zzr_B
1mjt_B	1zzu_B
1mjt_B	3eah_B
1mjt_B	3n5w_B
1mjt_B	5nse_A
1mjt_B	5nse_B
1mjt_B	6nse_A
1mjt_B	6nse_B
1mjt_B	6nse_A
1mjt_B	7nse_A
1mjt_B	7nse_B
1mjt_B	7nse_A
1mjt_B	8nse_A
1mjt_B	8nse_B
1mjt_B	1dd7_A
1mjt_B	2orq_A
1mjt_B	1dwv_A
1mjt_B	1dwv_A
1mjt_B	1dww_A
1mjt_B	1dww_A
1mjt_B	1jwk_A
1mjt_B	1m8d_A
1mjt_B	1m8d_A
1mjt_B	1m8h_A
1mjt_B	1m8i_A
1mjt_B	1m9t_A
1mjt_B	1noc_A
1mjt_B	3e67_A
1mjt_B	3e68_A
1mjt_B	3nqs_B
1mjt_B	4js9_A
1mjt_B	1m7z_A
1mjt_B	1m7v_A
1mjt_B	1nsi_A
1mjt_B	3e7g_A
1mjt_B	3e7g_C
1mjt_B	3ej8_A
1mjt_B	5g65_A
1mjt_B	4d3i_A
1mjt_B	4uga_A
1mka_A	1mka_A
1mka_A	7bk9_A
1mka_A	7bhj_A
1mka_A	1mka_B
1mka_A	1mka_A
1mka_A	4b0b_A
1mka_A	4b0i_A
1mka_A	4b0i_B
1mka_A	4b0j_B
1mka_A	4keh_A
1mka_A	7bka_E
1mka_A	8b72_B
1mkm_A	1mkm_A
1mow_A	1mow_A
1mpx_A	1mpx_A
1mpx_A	1ju3_A
1mpx_A	1ju3_A
1mpx_A	7f65_A
1mpx_A	1nx9_A
1mqw_A	1mqw_A
1mqw_A	1mk1_A
1mqw_A	1mqw_A
1mqw_A	1mr2_A
1mqw_A	2yvp_A
1mr1_C	1mr1_C
1msk_A	1msk_A
1msk_A	1msk_A
1msk_A	6bdy_A
1mt1_B	1mt1_B
1mt1_B	1mt1_D
1mt1_B	1mt1_F
1mt1_B	1n13_B
1mt1_B	1n13_D
1mt1_B	1n13_F
1mt1_B	2qqd_B
2dfy_C	2dfy_C
2djf_C	2djf_C
2djf_C	4cdc_F
2djf_C	4cde_C
2djf_C	4cdf_C
2djf_C	6ic5_C
2djf_C	6ic7_C
2djf_C	6rn6_F
2djf_C	6rn7_C
2djf_C	6rn9_C
2djf_C	6rne_C
2dkh_A	2dkh_A
2dkh_A	2dkh_A
2dkh_A	2dki_A
2dkh_A	1foh_C
2dkh_A	7yj0_D
2dkn_A	2dkn_A
2dkn_A	1fk8_A
2dkn_A	1fk8_A
2dpt_A	2dpt_A
2dpt_A	2z3k_A
2dpt_A	2z3l_B
2dpt_A	2z3m_A
2dpt_A	2z3o_A
2dpt_A	2z3p_A
2drp_D	2drp_D
2ds5_B	2ds5_B
2dso_C	2dso_C
2dsy_B	2dsy_B
2du3_A	2du3_A
2dw0_B	2dw0_B
2dw0_B	2dw0_A
2dw0_B	2dw2_A
2dw0_B	3dsl_A
2dw0_B	3hdb_A
2dw0_B	2ero_A
2dw0_B	2erp_A
2dw0_B	2erp_B
2dw0_B	2erp_A
2dw0_B	3g5c_A
2dw5_A	2dw5_A
2dw5_A	4n2i_A
2dyr_E	2dyr_E
3iiq_B	3iiq_B
3ij6_A	3ij6_A
3ij6_A	2f6k_A
3ij6_A	4ih3_A
3ij6_A	4ih3_B
3ij6_A	4ih3_A
3ij6_A	4ofc_A
3ij6_A	2hbx_A
3ij6_A	7k13_B
3ij6_A	4eri_A
3ij6_A	7k13_C
3ij6_A	4eri_B
3ij6_A	4erg_A
3ij6_A	7k12_A
3ij6_A	6dxs_A
3ijd_B	3ijd_B
3ijd_B	3ijd_A
3ilm_C	3ilm_C
3im0_A	3im0_A
3in6_A	3in6_A
3in6_A	3in6_B
3in6_A	3in6_A
3ip8_A	3ip8_A
3ip8_A	3ixl_A
3iqe_A	3iqe_A
3iqe_A	3iqe_B
3iqe_A	3iqf_A
3iqe_A	3iqz_C
3iqe_A	3iqz_E
3irb_A	3irb_A
3it5_A	3it5_A
3it6_B	3it6_B
3it6_B	2yep_B
3iu6_A	3iu6_A
3iup_A	3iup_A
3iup_A	3iup_B
3iup_A	3iup_A
3iuu_A	3iuu_A
3iv6_A	3iv6_A
3iv6_A	3iv6_A
3mo2_B	3mo2_B
3mo2_B	7x73_A
3mo2_B	3mo0_A
3mo2_B	3mo0_A
3mo2_B	3rjw_B
3mo2_B	3swc_A
3mo2_B	4nvq_A
3mo2_B	5jin_B
3mo2_B	2r3a_A
3mo2_B	2r3a_A
3mo2_B	6z2a_A
3mp2_A	3mp2_A
3mpb_B	3mpb_B
3mq7_E	3mq7_E
3mru_A	3mru_A
3mse_B	3mse_B
3mvc_A	3mvc_A
3mwb_B	3mwb_B
3mwb_B	3mwb_A
3mwb_B	3luy_A
3mxa_A	3mxa_A
3mxa_A	3fd2_A
3myu_A	3myu_A
3myu_A	3myu_B
3myu_A	3e78_A
3myu_A	3e78_A
3myu_A	3e79_A
3mz8_A	3mz8_A
3n0a_A	3n0a_A
3n0y_A	3n0y_A
3n0y_A	3n0z_B
3n0y_A	3n10_B
3n0y_A	3n10_A
3n1e_B	3n1e_B
3n29_A	3n29_A
3n2e_A	3n2e_A
3n2e_A	3muf_A
3n2e_A	3n2e_B
3n2e_A	2iyv_A
3n2e_A	3baf_A
3n2e_A	2iyt_A
3n2e_A	1we2_A
3n2e_A	1zyu_A
3n2e_A	2dfn_A
3n2e_A	2iys_A
3n2e_A	2iyw_A
3n2e_A	2iyy_A
3n2e_A	3baf_A
3n2e_A	4y0a_A
3n39_B	3n39_B
3n39_B	2r2f_A
3n39_B	3mjo_A
3n39_B	1oqu_C
3n39_B	4bmq_A
3n39_B	4bmo_A
3n39_B	4bmp_A
3n39_B	7z3d_A
3n39_B	7mms_D
3n39_B	7mmp_A
3n39_B	7mmr_B
3n39_B	7mmw_A
3n39_C	3n39_C
3n39_C	4n82_A
3n39_C	4n82_B
3n39_C	4n82_B
3n39_C	7mms_E
3n55_A	3n55_A
3n55_A	3njh_D
3n55_A	3njl_A
3n6u_A	3n6u_A
3n7d_A	3n7d_A
3n7d_A	3dso_A
3n7r_B	3n7r_B
3n7x_A	3n7x_A
3n84_C	3n84_C
3n84_C	2aob_A
3n84_C	2huw_A
3n84_C	2aob_B
3n84_C	2huw_B
3n84_C	6wo2_A
3n91_A	3n91_A
3n92_A	3n92_A
3n9b_B	3n9b_B
3n9b_B	5dmp_A
3n9m_A	3n9m_A
3n9m_A	3puq_A
3n9m_A	3pur_C
3nb0_C	3nb0_C
3nb0_C	3rt1_C
3nb0_C	4kq1_A
3nb0_C	4kq2_A
3nb0_C	4kqm_A
3nb0_C	4kqm_C
3nb0_C	5uw0_C
3nb0_C	5uw4_C
3nb0_C	5ux7_B
3nbc_A	3nbc_A
3nbx_X	3nbx_X
3nbx_X	3nbx_A
3nbz_A	3nbz_A
3nbz_A	5ytb_C
3nbz_A	4haw_C
3nbz_A	7ypz_C
3nbz_A	5di9_C
3nbz_A	6m6x_C
3nbz_A	8hq6_C
3nd6_E	3nd6_E
3nd6_E	5ts2_A
3nd6_E	3k9w_A
3nd6_E	3x1j_A
3nd6_E	3x1k_A
3nd6_E	3x1k_D
3nd6_E	5yh7_A
3nd6_E	6j3m_A
3nd6_E	6jnh_A
3nd6_E	3rba_A
3nd6_E	3nbk_D
3nd6_E	7yy7_B
3nd6_E	5o0a_A
3nd6_E	5o0f_B
3nd6_E	5o0h_B
3nd6_E	7yy1_A
3nd6_E	7yy3_A
3nd6_E	7yy8_B
3nd6_E	7yy8_C
3nd6_E	7yyb_C
3nd6_E	4nah_B
3nd6_E	1o6b_A
3nd6_E	3f3m_A
3nd6_E	4nau_A
3nd6_E	4nau_B
3nd6_E	3otw_F
3nd6_E	3otw_A
3nd6_E	6cck_B
3nd6_E	1b6t_A
3nd6_E	1b6t_B
3ndh_A	3ndh_A
3neh_A	3neh_A
3ngf_B	3ngf_B
3ngf_B	1k77_A
3ngl_B	3ngl_B
3ngl_B	3ngl_A
3ngl_B	3p2o_B
3ngl_B	6deb_B
3ngl_B	1a4i_B
3ngl_B	1a4i_A
3ngl_B	1dia_A
3ngl_B	1dia_B
3ngl_B	1dig_A
3ngl_B	1dig_B
3ngl_B	6ecp_A
3ngl_B	4b4w_A
3ngl_B	4cjx_A
3ngl_B	4cjx_B
3ngl_B	6s4a_A
3ngl_B	6kg2_A
3ngl_B	6s4f_A
3ngl_B	7qei_A
3qfe_A	3qfe_A
3qh2_B	3qh2_B
3qhq_A	3qhq_A
3qj0_A	3qj0_A
3qj0_A	2g7q_A
3qj0_A	5vgv_A
3qj0_A	4ej5_A
3qj0_A	8ow8_A
3qj4_A	3qj4_A
3qj4_A	3qj4_A
3qjm_B	3qjm_B
3qme_A	3qme_A
3qme_A	3l4l_A
3qmn_A	3qmn_A
3qmn_A	3qmn_B
3qmn_A	3qmn_C
3qmn_A	3qmn_E
3qmn_A	2wdo_A
3qmn_A	1fth_A
3qmn_A	1fth_B
3qmn_A	1fth_C
3qmn_A	1fth_A
3qmn_A	1f7l_A
3qmn_A	3nfd_E
3qmn_A	7r49_B
3qmn_A	2qg8_A
3qmn_A	5xuk_A
3qp6_A	3qp6_A
3qp6_A	3qp6_A
3qph_A	3qph_A
3qq7_A	3qq7_A
3qqt_A	3qqt_A
3qqt_A	1r2m_A
3qqt_A	2fz6_A
3qqz_A	3qqz_A
3qr0_A	3qr0_A
3qrc_B	3qrc_B
3qsj_A	3qsj_A
3qsp_A	3qsp_A
3qsp_A	3qry_A
3qsp_A	2nvp_A
3qsp_A	5m7i_A
3qsp_A	3qt9_A
3qsp_A	5m7i_A
3qsp_A	6rqk_A
3qsu_D	3qsu_D
3qsz_B	3qsz_B
3qt2_B	3qt2_B
3qta_A	3qta_A
3qtb_A	3qtb_A
3qtm_A	3qtm_A
3qu6_A	3qu6_A
3quh_A	3quh_A
3qv1_C	3qv1_C
3qv1_C	3zdf_B
3qv1_C	3b1j_C
3rza_A	3rza_A
3rza_A	3ife_A
3rzs_A	3rzs_A
3rzs_A	3s0d_A
3rzs_A	3s0e_A
3s19_A	3s19_A
3s19_A	3bp1_D
3s19_A	3rzp_A
3s19_A	3uxj_A
3s19_A	4iqi_A
3s1e_A	3s1e_A
3s1e_A	1w1r_A
3s1e_A	1w1s_A
3s1e_A	3s1d_A
3s1e_A	2q4w_A
3s1e_A	4o95_A
3s1i_B	3s1i_B
3s1i_B	3wfx_A
3s1i_B	3wfw_A
3s1i_B	4vhb_A
3s1i_B	1hlm_A
3s1i_B	4o4t_A
3s1i_B	1oj6_B
3s1i_B	4o4z_A
3s1i_B	5mjc_A
3s1i_B	5nvi_A
3s1i_B	5nw6_A
3s1i_B	6i3t_A
3s1i_B	6wk3_D
3s1s_A	3s1s_A
3s1s_A	3s1s_A
3s28_A	3s28_A
3s28_A	3s27_H
3s2r_B	3s2r_B
3s2u_A	3s2u_A
3s2u_A	1nlm_A
3s2u_A	1nlm_B
3s2z_A	3s2z_A
3s2z_A	2wtn_B
3s2z_A	7z2u_B
3s2z_A	7z2u_A
3s4l_A	3s4l_A
3s5f_B	3s5f_B
3s5w_A	3s5w_A
3s5w_A	4tm4_D
3s5w_A	5o8p_B
3s5w_A	4b65_A
3s5w_A	4b64_A
3s5w_A	4b67_A
3s5w_A	4b68_A
3s5w_A	4nzh_A
3s5w_A	6x0j_B
3s5w_A	7us3_A
3s6f_A	3s6f_A
3s6f_A	3s6f_A
3s6g_A	3s6g_A
3s6g_A	3s6g_B
3s6g_A	3s6g_B
3s6l_D	3s6l_D
3s6x_C	3s6x_C
3s6x_C	3s6x_B
3s8k_A	3s8k_A
3s9f_A	3s9f_A
3s9f_A	1i5g_A
3s9f_A	1o73_A
3s9f_A	6gxg_C
3sdk_B	3sdk_B
3sdk_B	6zou_L
3sdk_B	6zp6_L
3sdk_B	6zp8_L
3sdk_B	8ohz_L
3sdk_B	8oi1_L
3sdk_B	6zou_I
3sdk_B	6zp6_I
3sdk_B	6zp8_I
3sdk_B	8ohz_I
3sdk_B	8oi1_W
3sdk_B	8g6f_a
3sdk_B	8g6e_a
3seq_A	3seq_A
3seq_A	3dla_C
3seq_A	3sez_A
3seq_A	3sez_B
3seq_A	3sez_A
3seq_A	3syt_A
4da2_A	4da2_A
4dcm_A	4dcm_A
4dcm_A	4dcm_A
4ddu_A	4ddu_A
4df3_A	4df3_A
4df3_A	1g8s_A
4df3_A	3nmu_B
4df3_A	7xpl_E
4df3_A	7sec_A
4df3_A	7se6_A
4df3_A	2ipx_A
4dgl_B	4dgl_B
4dgu_A	4dgu_A
4dh2_B	4dh2_B
4dh2_B	4fl4_A
4dh2_B	6kgf_D
4die_A	4die_A
4die_A	2h92_B
4die_A	2h92_A
4die_A	1kdp_B
4die_A	2fem_A
4die_A	1kdo_A
4die_A	1kdr_A
4die_A	1kdr_A
4die_A	1kdt_A
4die_A	1kdt_A
4die_A	2cmk_A
4die_A	2feo_A
4die_A	3akc_A
4die_A	7ckj_A
4die_A	3w90_A
4die_A	3akd_A
4die_A	7l4a_A
4djd_D	4djd_D
4dkj_A	4dkj_A
4dkj_A	4dkj_A
4dkj_A	8c58_A
4dkw_A	4dkw_A
4dlc_A	4dlc_A
4dlc_A	4dl8_A
4dlc_A	4dlc_A
4dlc_A	2yb0_E
4dlc_A	2cje_A
4dlc_A	2cje_A
4dlc_A	2yay_A
4dlc_A	2yaz_B
4dlf_A	4dlf_A
4dm8_B	4dm8_B
4dmb_B	4dmb_B
4dok_A	4dok_A
4dok_A	1fm7_A
4dok_A	1fm8_A
4dok_A	1jep_A
4dok_A	1jep_A
4dok_A	1jx1_A
4dok_A	5yx4_A
4dok_A	5wkr_A
4htf_B	4htf_B
4htf_B	4htf_B
4htf_B	8joz_A
4htf_B	2avn_A
4hut_A	4hut_A
4hut_A	1g64_A
4hut_A	1g64_B
4hut_A	4hut_B
4hut_A	4hut_A
4huz_A	4huz_A
4hv4_A	4hv4_A
4hv4_A	1gqy_B
4hv4_A	1gqy_A
4hv4_A	1p31_A
4hv4_A	1p31_B
4hv4_A	1p3d_A
4hv4_A	1p3d_A
4hv4_A	7bva_A
4hva_A	4hva_A
4hva_A	3h11_B
4hva_A	3h11_B
4hva_A	1nms_A
4hva_A	1nmq_A
4hva_A	1nmq_B
4hva_A	1nms_B
4hva_A	4pry_A
4hva_A	1shj_A
4hva_A	1shj_B
4hva_A	7wr6_A
4hvl_A	4hvl_A
4hxd_B	4hxd_B
4hxd_B	7jms_C
4hxd_B	5v5h_A
4hxd_B	3phx_A
4hxd_B	5jze_A
4hxy_B	4hxy_B
4hxy_B	4hxy_A
4hy0_B	4hy0_B
4hy0_B	1xb0_D
4hy0_B	1xb0_E
4hy0_B	4hy0_A
4hy0_B	4hy0_C
4hy0_B	1oxq_A
4hy0_B	1oxn_A
4hy0_B	3mup_A
4hy0_B	3mup_B
4hy0_B	3mup_C
4hy0_B	8dso_D
4i14_A	4i14_A
4i45_A	4i45_A
4i45_A	5kl9_A
4i45_A	5kl9_D
4i45_A	5kl9_A
4i45_A	5t06_A
4i45_A	5t07_A
4i4c_A	4i4c_A
4i4t_F	4i4t_F
4i4t_F	4ihj_F
4i4t_F	4o4i_A
4i4t_F	5lxt_F
4i4t_F	3tii_B
4i4t_F	3tin_A
4i4t_F	4zhq_A
4i4t_F	5ca0_A
4i4t_F	5c8y_A
4i4t_F	5mf4_F
4i4y_B	4i4y_B
4i4y_B	4i4u_A
4i5l_E	4i5l_E
4i5w_A	4i5w_A
4i5w_A	4i5v_A
4i5w_A	4i5v_A
4i6v_B	4i6v_B
4i7h_B	4i7h_B
4i7h_B	4lmy_B
4i7h_B	6dk4_A
4i7z_D	4i7z_D
4i9f_A	4i9f_A
4i9w_A	4i9w_A
4i9w_A	6cq8_B
4i9w_A	4twk_A
4i9w_A	6cq8_A
4i9w_A	6w8c_B
4i9w_A	8de8_A
4i9w_A	6rv3_D
4i9w_A	6rv2_D
4i9x_B	4i9x_B
4i9x_D	4i9x_D
5inx_A	5inx_A
5inx_A	5img_C
5inx_A	5inr_A
5ioo_A	5ioo_A
5iqj_A	5iqj_A
5iqn_A	5iqn_A
5iqr_8	5iqr_8
5irb_B	5irb_B
5irn_A	5irn_A
5irn_A	5irn_A
5irx_A	5irx_A
5isx_A	5isx_A
5iuc_A	5iuc_A
5iuf_B	5iuf_B
5iuf_B	5ipp_A
5iuf_B	5izo_B
5iuf_B	5xsi_A
5iuf_B	5xsn_A
5iuf_B	5xsp_A
5iuf_B	5xt3_B
5iwq_B	5iwq_B
5iwq_B	5hxx_A
5iwq_B	6u7a_D
5iwq_B	5c6u_A
5iwq_B	6u7a_A
5iws_A	5iws_A
5ixb_A	5ixb_A
5ixc_A	5ixc_A
5ixc_A	1cjy_A
5ixh_B	5ixh_B
5ixo_A	5ixo_A
5ixo_A	3rgz_A
5ixo_A	4j0m_A
5ixo_A	4z64_A
5ixo_A	4z64_A
5ixo_A	4z61_A
5izl_A	5izl_A
5izl_A	7zjw_E
5j1s_A	5j1s_A
5j1s_B	5j1s_B
5j4h_A	5j4h_A
5j4h_A	4b3d_A
5j4h_A	4a6p_A
5j4h_A	4b2i_A
5j4h_A	4b2p_A
5j4h_A	4b32_A
5j4h_A	4b33_A
5j4h_A	4b35_A
5j4h_A	5j4k_A
5j4h_A	5qub_A
5j5k_A	5j5k_A
5j5k_A	5j5l_A
5j6c_A	5j6c_A
5j6c_A	3koq_B
5j6c_A	3koq_A
5j6p_B	5j6p_B
5j6y_A	5j6y_A
5j6y_A	6x7j_A
5j6y_A	6x7x_A
5j6y_A	6x7z_A
5j6y_A	6x8d_A
5j6y_A	6x8y_A
5j6y_A	6x95_A
5j6y_A	6x9m_A
5j6y_A	6xac_A
5j6y_A	6xaq_A
5j72_A	5j72_A
5j9k_A	5j9k_A
5j9w_E	5j9w_E
5j9w_E	1fy7_A
5j9w_E	1mj9_A
5j9w_E	1mja_A
5j9w_E	1mjb_A
5j9w_E	2ou2_A
5j9w_E	3to6_A
5j9w_E	3to6_A
5j9w_E	3to7_A
5j9w_E	2y0m_A
5j9w_E	6oin_A
5j9w_E	4dnc_B
5j9w_E	5wci_A
5j9w_E	7d0q_A
5j9w_E	2ozu_A
5j9w_E	7d0r_A
5j9w_E	7d0s_A
5ja8_C	5ja8_C
5jb2_A	5jb2_A
5jb2_A	7bkp_A
5jb2_A	5e3h_A
5jb2_A	5f9f_I
5jb2_A	3tbk_A
5jcz_C	5jcz_C
7c53_E	7c53_E
7c5e_A	7c5e_A
7c5e_A	6v6z_C
7c5e_A	3zgc_A
7c5e_A	6v6z_D
7c5e_A	3zgc_B
7c5e_A	3vnh_A
7c5e_A	5fzn_A
7c5e_A	5whl_A
7c5e_A	5wiy_A
7c5e_A	7yen_A
7c5e_A	7ong_A
7c5x_A	7c5x_A
7c7a_K	7c7a_K
7c7d_A	7c7d_A
7c7d_A	5zru_A
7c7d_A	6k0v_A
7c7d_A	6k0m_A
7c7d_A	6k0v_B
7c7e_A	7c7e_A
7c7u_A	7c7u_A
7c83_A	7c83_A
7c86_A	7c86_A
7c86_A	4yzi_A
7c86_A	6eid_A
7c8f_A	7c8f_A
7c90_A	7c90_A
7c90_A	2d0w_A
7c9k_A	7c9k_A
7c9k_A	7c9m_C
7c9k_A	7c7m_A
7cb8_A	7cb8_A
7cbb_A	7cbb_A
7cbs_A	7cbs_A
7cc7_A	7cc7_A
7cfe_A	7cfe_A
7cff_A	7cff_A
7cfn_R	7cfn_R
7cfu_S	7cfu_S
7cge_A	7cge_A
7cge_G	7cge_G
7cj3_B	7cj3_B
7cjg_A	7cjg_A
7cjg_A	7cje_C
7cjg_A	7d1e_A
7cjg_A	7d1d_A
7cjg_A	4f9u_B
7cjg_A	6yi1_A
7cjg_A	2afw_A
7cjg_A	2afw_A
7cjg_A	2afx_A
7cjg_A	2afz_A
7cjg_A	6yjy_A
7cjg_A	6yjy_B
7cjg_A	7d2d_A
7cjg_A	7d1n_A
7cjg_A	7d1y_A
7cjg_A	7d2i_A
7cjg_A	7d2j_A
7ck2_A	7ck2_A
7clt_A	7clt_A
7cm9_A	7cm9_A
7cma_A	7cma_A
7cn6_B	7cn6_B
7cnp_A	7cnp_A
7cns_A	7cns_A
7cns_B	7cns_B
7cnv_E	7cnv_E
7cnv_E	2z7e_B
7coh_H	7coh_H
7col_A	7col_A
7col_A	1nvt_B
7col_A	1nvt_B
7col_A	1o9b_A
7col_A	1npd_B
7col_A	1npd_A
7col_A	1o9b_A
7col_A	3t4e_B
7col_A	3tnl_C
7col_A	3tnl_A
7col_A	3toz_A
7col_A	3jyp_A
7col_A	3jyp_A
7coy_aI	7coy_aI
7coy_aK	7coy_aK
7cqq_A	7cqq_A
7cqq_A	7cqn_A
7cqq_A	2lgs_A
7cqq_A	1f52_A
7cqq_A	1hto_A
7cqq_A	2wgs_A
7cqq_A	2whi_A
7cqq_A	4lnk_A
7cqq_A	4lnf_A
7cqq_A	4lnk_B
7cqq_A	8ooo_A
7cqq_A	3ng0_A
7cqq_A	5zlp_A
7cqq_A	5zlp_J
7cqq_A	5dm3_B
7cqq_A	5dm3_C
7cqq_A	5dm3_A
7cta_A	7cta_A
7cta_A	4qnu_A
7cta_A	7ct9_A
7ctq_A	7ctq_A
7cup_A	7cup_A
7cup_A	7cn3_C
5la7_A	5la7_A
5ldq_A	5ldq_A
5ldq_A	5ldi_B
5ldq_A	5ldq_B
5ldq_A	5ldi_C
5ldq_A	4qak_A
5ldq_A	4qak_B
5ldq_A	4qak_B
5ldq_A	5ldj_B
5ldq_A	5ldo_A
5ldq_A	5ldp_A
5ldq_A	5ldq_A
5ldq_A	5h7e_A
5llf_D	5llf_D
5llf_D	4yeg_A
5llf_D	5ll0_D
5llf_D	5llf_D
5llf_D	6dzg_D
5llf_D	6dzg_A
5mtr_A	5mtr_A
5mtr_A	4trm_E
5mtr_A	1eny_A
5mtr_A	1enz_A
5mtr_A	2ntv_A
5mtr_A	2yw9_D
5mtr_A	2yw9_D
5mtr_A	4m87_A
5mtr_A	1mfp_A
5mtr_A	1c14_A
5mtr_A	1c14_B
5mtr_A	1d8a_A
5mtr_A	1d8a_B
5mtr_A	1dfg_A
5mtr_A	1dfg_B
5mtr_A	1dfh_A
5mtr_A	1dfh_B
5mtr_A	1dfi_A
5mtr_A	1dfi_B
5mtr_A	1dfi_C
5mtr_A	1dfi_D
5mtr_A	1i30_A
5mtr_A	1i30_B
5mtr_A	1lx6_A
5mtr_A	1lx6_B
5mtr_A	1lxc_A
5mtr_A	1lxc_B
5mtr_A	1mfp_B
5mtr_A	1qg6_A
5mtr_A	1qg6_B
5mtr_A	1qg6_C
5mtr_A	1qg6_D
5mtr_A	4rlh_B
5mtr_A	3k31_A
5mtr_A	8jfn_A
5mtr_A	5koi_A
3phz_A	3phz_A
3phz_A	5mua_A
3phz_A	5mua_B
3phz_A	3phz_B
3phz_A	3phz_A
3phz_A	2iho_A
3phz_A	3ef2_A
3phz_A	5mu9_A
3phz_A	6tso_AAA
3phz_A	6tsp_AAA
3phz_A	6tsq_AAA
6f52_A	6f52_A
6f52_A	5mx8_A
6f52_A	1jdv_C
6f52_A	1jdt_A
6f52_A	1jdv_A
6f52_A	1jdv_B
6f52_A	1jdv_D
6f52_A	1jdv_E
6f52_A	1jdv_F
6f52_A	1jdz_B
6f52_A	1jdz_C
6f52_A	1je1_A
6f52_A	1je1_B
6f52_A	1je1_C
6f52_A	1je1_D
6f52_A	1je1_E
6f52_A	1je1_F
6f52_A	1je1_C
6f52_A	2i4t_A
6f52_A	2i4t_B
6f52_A	3of3_A
6f52_A	1a69_A
6f52_A	1a69_B
6f52_A	1a69_C
6f52_A	1a69_A
6f52_A	1k9s_A
6f52_A	1k9s_B
6f52_A	1k9s_C
6f52_A	1k9s_D
6f52_A	1k9s_E
6f52_A	1k9s_F
6f52_A	1oty_A
6f52_A	1pk9_A
6f52_A	1pke_A
6f52_A	1pr0_A
6f52_A	1pr1_B
6f52_A	1pr4_B
6f52_A	1pr5_C
6f52_A	1pr6_A
6f52_A	1pw7_A
6f52_A	3occ_B
6f52_A	3occ_C
6f52_A	3of3_B
6f52_A	3of3_A
6f52_A	3ut6_A
6f52_A	4ttj_B
6f52_A	5i3c_A
6f52_A	3uaw_A
6f52_A	4d8v_A
6f52_A	4da0_A
6f52_A	4da6_A
6f52_A	4dab_A
6f52_A	4dao_B
6f52_A	1odi_C
6f52_A	1odi_D
6f52_A	1odj_A
6f52_A	1odj_B
6f52_A	1odj_C
6f52_A	1odj_D
6f52_A	1odj_E
6f52_A	1odj_F
6f52_A	3u40_D
5nv0_B	5nv0_B
5nv0_B	3flg_A
7s5g_A	7s5g_A
7s5g_A	5oca_A
8fmu_B	8fmu_B
8fmu_B	5qsb_A
8fmu_B	5qrf_A
8fmu_B	5qrg_A
8fmu_B	5qrh_A
8fmu_B	5qri_A
8fmu_B	5qrl_A
8fmu_B	5qrm_A
8fmu_B	5qrn_A
8fmu_B	5qro_A
8fmu_B	5qrq_A
8fmu_B	5qrs_A
8fmu_B	5qrt_A
8fmu_B	5qru_A
8fmu_B	5qrv_A
8fmu_B	5qrw_A
8fmu_B	5qrx_A
8fmu_B	5qry_A
8fmu_B	5qs0_A
8fmu_B	5qs1_A
8fmu_B	5qs3_A
8fmu_B	5qs4_A
8fmu_B	5qs5_A
8fmu_B	5qs6_A
8fmu_B	5qs9_A
8fmu_B	5qsa_A
8fmu_B	5qsb_A
8fmu_B	5qsc_A
8fmu_B	5qsd_A
8fmu_B	5qse_A
8fmu_B	5qsf_A
8fmu_B	5qsh_A
8fmu_B	5qsj_A
8fmu_B	5qsk_A
8fmu_B	5qsl_A
8fmu_B	5qt0_A
8fmu_B	6zu8_A
8fmu_B	2x6v_A
5r8c_A	5r8c_A
5r8c_A	8c3u_A
5r8c_A	5r85_A
5r8c_A	5r86_A
5r8c_A	5r87_A
5r8c_A	5r88_A
5r8c_A	5r89_A
5r8c_A	5r8a_A
5r8c_A	5r8b_A
5r8c_A	5r8c_A
5r8c_A	5r8d_A
5r8c_A	5r8e_A
5r8c_A	5r8f_A
5r8c_A	5r8g_A
5r8c_A	5r8i_A
5r8c_A	5r8l_A
5r8c_A	5r8m_A
5r8c_A	5r8q_A
5r8c_A	6y8m_A
5rju_A	5rju_A
5rju_A	7av9_A
5ryp_A	5ryp_A
5ryp_A	2he7_A
5ryp_A	5rym_A
5ryp_A	5ryn_A
5ryp_A	5ryo_A
5ryp_A	5ryq_A
5ryp_A	5rys_A
5ryp_A	5ryt_A
5ryp_A	5ryu_A
5ryp_A	5ryx_A
5ryp_A	5ryz_A
5ryp_A	5rz0_A
5ryp_A	5rz1_A
5ryp_A	5rz2_A
5ryp_A	5rz6_A
5ryp_A	5rz7_A
5ryp_A	5rz9_A
5ryp_A	5rzb_A
5ryp_A	5rzc_A
5ryp_A	5rzd_A
5ryp_A	5rze_A
5ryp_A	5rzf_A
5ryp_A	5rzh_A
5ryp_A	5rzj_A
5ryp_A	5rzl_A
5ryp_A	5rzn_A
5ryp_A	5rzp_A
5ryp_A	5rzq_A
5ryp_A	5rzr_A
5ryp_A	5rzs_A
5ryp_A	5rzt_A
5ryp_A	5rzu_A
5ryp_A	5rzv_A
5ryp_A	5rzx_A
5ryp_A	5rzy_A
5ryp_A	1gc6_A
5ryp_A	6cds_A
5sdo_A	5sdo_A
5sdo_A	7r51_B
5sdo_A	5sdm_A
5sdo_A	5sdn_A
5sdo_A	5sdo_A
5sdo_A	5sdq_A
8cn8_C	8cn8_C
8cn8_C	5snb_A
8cn8_C	2gfx_A
8cn8_C	3g11_A
8cn8_C	5sne_A
8cn8_C	5sns_B
8cn8_C	5snv_A
8cn8_C	5so4_A
8cn8_C	5so6_A
8cn8_C	5sob_A
8cn8_C	5soc_A
8cn8_C	1ek4_A
8cn8_C	1ek4_B
8cn8_C	2aqb_A
8cn8_C	2wge_A
8cn8_C	4f32_A
8cn8_C	4jv3_A
2jas_C	2jas_C
2jas_C	2jaq_A
2jas_C	2jas_A
2jas_C	2jat_B
2jcb_A	2jcb_A
2jcb_A	1u3f_A
2jcb_A	1u3g_A
2jcb_A	1u3g_A
2jcb_A	3hy3_A
2jcb_A	3hy6_A
2jd4_A	2jd4_A
2jd4_A	5ik7_A
2jd4_A	5ik5_A
2jd4_A	5ik8_B
2jd4_A	1h30_A
2je9_A	2je9_A
2je9_A	1qdc_A
2je9_A	1bxh_A
2je9_A	1con_A
2je9_A	1gkb_A
2je9_A	1hqw_A
2je9_A	1jn2_P
2je9_A	1nxd_1
2je9_A	1scr_A
2je9_A	1scs_A
2je9_A	1tei_A
2je9_A	1val_A
2je9_A	1vam_A
2je9_A	3a0k_E
2je9_A	3sh3_A
2je9_A	1dq2_A
2je9_A	4h55_A
2je9_A	7un2_A
2je9_A	3snm_A
2je9_A	4dpn_A
2je9_A	7uod_B
2jfn_A	2jfn_A
2jg3_A	2jg3_A
2jg3_A	1aqi_A
2jg3_A	1aqj_B
2jg3_A	2adm_A
2jg3_A	2adm_A
2jgr_A	2jgr_A
2jgr_A	2bon_A
2jgr_A	2p1r_A
2jgr_A	4wer_A
2jgr_A	2qv7_A
2jgr_A	3t5p_L
2jh3_A	2jh3_A
2jhp_A	2jhp_A
2jhp_A	2jh9_A
2ji2_A	2ji2_A
2ji2_A	1vzg_A
2ji2_A	2ji2_C
2ji2_A	2ji3_C
2jj2_G	2jj2_G
2jj2_G	2jj1_G
2jj2_G	2jiz_G
2jjb_A	2jjb_A
2jjb_A	5z66_A
2jkg_A	2jkg_A
2jks_A	2jks_A
2k0g_A	2k0g_A
2k0g_A	1u12_A
2k0g_A	4muv_A
2k1q_A	2k1q_A
2k1q_A	4i31_A
2k5t_A	2k5t_A
2k5t_A	4cry_A
2k5t_A	4crz_B
3ghh_B	3ghh_B
3ghh_B	7vke_A
3ghh_B	2hct_A
3ghh_B	2i67_A
3ghh_B	3dzg_A
3ghh_B	3dzh_A
3ghh_B	3dzi_A
3ghh_B	3dzi_B
3ghh_B	3f6y_A
3ghh_B	4f46_B
3ghh_B	4xjs_A
3ghh_B	4xjt_A
3ghh_B	3zwm_C
3ghh_B	3i9l_A
3ghh_B	1lbe_B
3ghh_B	1r15_A
3ghh_B	3i9j_B
3ghh_B	1isg_A
3ghh_B	1ish_A
3ghh_B	1ish_B
3ghh_B	1ish_A
3ghh_B	1isi_A
3ghh_B	1isi_B
3ghh_B	1isj_A
3ghh_B	1isj_B
3ghh_B	1ism_A
3gkj_A	3gkj_A
3gkj_A	3gki_A
3gla_B	3gla_B
3glr_A	3glr_A
3glr_A	3glu_A
3glr_A	4hd8_A
3glr_A	4jsr_A
3glr_A	4o8z_A
3glr_A	5ytk_A
3glr_A	5ytk_B
3glr_A	6iso_A
3glr_A	1j8f_C
3glr_A	4y6q_B
3glr_A	4rmj_A
3glr_A	5d7p_A
3glr_A	5dy4_A
3glr_A	5dy5_A
3glr_A	6qcn_B
3glr_A	2hjh_B
3glr_A	2od9_A
3glr_A	1szc_A
3glr_A	5oj7_A
3gma_B	3gma_B
3gma_B	3gf3_A
3gma_B	3glm_A
3gma_B	3glm_B
3gn5_A	3gn5_A
3gn6_C	3gn6_C
3go4_A	3go4_A
3go4_A	3go4_A
3go4_A	2qe6_A
3go4_A	2qe6_A
3go9_A	3go9_A
3gob_A	3gob_A
3gob_A	3gl2_B
3gob_A	3gl0_C
3god_A	3god_A
3goe_A	3goe_A
3gp4_A	3gp4_A
3gp6_A	3gp6_A
3gpl_A	3gpl_A
3gqa_A	3gqa_A
3gqa_A	3gq7_A
3gqk_A	3gqk_A
3gr3_A	3gr3_A
3gr3_A	2wzv_B
3gr3_A	2wzv_A
3gr3_A	2wzv_B
3gr3_A	2wzw_A
3gr3_A	3pxv_A
3gr3_A	3pxv_B
3gri_B	3gri_B
3gri_B	2z00_A
3gri_B	4bjh_A
3gri_B	3d6n_A
3gri_B	4c6l_A
3gri_B	8pbm_A
3gri_B	4c6b_A
3gri_B	8gvz_A
3gri_B	4yiw_B
3gri_B	2gwn_A
3gri_B	3e74_B
3gri_B	8hfd_A
3gri_B	7uof_A
3gs2_A	3gs2_A
3gu3_A	3gu3_A
3gu3_A	3gu3_A
3guc_A	3guc_A
3guc_A	6h77_B
4hdt_A	4hdt_A
4hdt_A	3bpt_A
4hdt_A	3bpt_A
4hec_B	4hec_B
4hec_B	4oke_A
4hec_B	4okk_A
4hec_B	4okk_B
4hec_B	4okk_A
4hei_A	4hei_A
4hg5_A	4hg5_A
4hg5_A	4hg3_A
4hga_A	4hga_A
4hh0_A	4hh0_A
4hh0_A	4hh0_A
4hh4_D	4hh4_D
4hh4_D	4hh4_C
4hhv_A	4hhv_A
4hi6_A	4hi6_A
4hi6_A	3f1j_A
4hiz_A	4hiz_A
4hiz_A	3gvj_A
4hj1_A	4hj1_A
4hj1_A	6egu_C
4hj6_B	4hj6_B
4hj6_B	4hj3_B
4hj6_B	4hj4_A
4hj6_B	4hnb_A
4hj6_B	4hnb_B
4hjv_B	4hjv_B
4hk5_D	4hk5_D
4hk5_D	4hk6_C
4hk5_D	4hk7_A
4hk5_D	4lal_B
4hkf_A	4hkf_A
4hkf_A	3vwd_A
4hkf_A	4u9y_A
4hkf_A	4u9z_A
4hmx_A	4hmx_A
4hmx_A	4hmx_B
4hmx_A	1ci0_B
4hmx_A	1ci0_A
4hmx_A	1ty9_A
4hmx_A	1ty9_B
4hmx_A	1jnw_A
4hne_A	4hne_A
4hno_A	4hno_A
4hno_A	2nqh_A
4hno_A	3aal_A
4hp1_C	4hp1_C
4hpp_A	4hpp_A
4hpp_A	8wwv_A
4hpp_A	8wwu_B
4hqs_A	4hqs_A
4hqs_A	4grf_A
4hro_B	4hro_B
4hse_A	4hse_A
4hsu_A	4hsu_A
4hsu_A	4guu_A
4hsu_C	4hsu_C
4hte_A	4hte_A
4pn2_A	4pn2_A
4pn2_A	4pmx_A
4pn2_A	3u7b_B
4pn2_A	1e0x_A
4pn2_A	3cuf_A
4pn2_A	1exp_A
4pn2_A	1exp_A
4pn2_A	1fh7_A
4pn2_A	1fh8_A
4pn2_A	1fh9_A
4pn2_A	1fhd_A
4pn2_A	1j01_A
4pn2_A	2xyl_A
4pn2_A	2xyl_A
4pn2_A	3cug_A
4pn2_A	3cuh_A
4pn2_A	3cui_A
4pn2_A	3cui_A
4pn2_A	4xx6_B
4pn2_A	6sry_A
4pn2_A	4bs0_B
4pn2_A	7k4w_A
4pn2_A	1bg4_A
4pn2_A	1goq_A
4pn2_A	3nyd_A
4pn2_A	7k4w_A
4pn2_A	5ofk_A
4pn2_A	1r85_A
4pn2_A	1hiz_A
4pn2_A	1uqz_A
4pn2_A	1ur2_A
4pn2_A	3emz_A
4pn2_A	5efd_A
4pn2_A	2fgl_A
4pn2_A	2uwf_A
4pn2_A	7nl2_A
4pom_A	4pom_A
4pom_A	2xc2_A
4pom_A	1tho_A
4poo_A	4poo_A
4poo_A	8h0t_A
4poo_A	8h27_A
4poo_A	8h1b_B
4poo_A	3lby_A
4poo_A	3eey_A
4poo_A	3eey_A
4ppr_A	4ppr_A
4pqa_A	4pqa_A
4pqa_A	5vo3_A
4pqa_A	2pok_A
4pr3_A	4pr3_A
4pr3_A	4pr3_A
4psb_A	4psb_A
4psb_A	2flh_B
4psb_A	3c0v_D
4psb_A	4q0k_A
4psb_A	4q0k_A
4psb_A	2vq5_B
4psb_A	2vq5_B
4psb_A	2vq5_A
4pse_A	4pse_A
4psw_A	4psw_A
4psw_A	1bob_A
4psw_A	1bob_A
4psw_A	4psw_A
4psw_A	4psx_A
4psw_A	6vo5_A
4psw_A	2p0w_A
4psw_C	4psw_C
4psw_C	4psx_C
4pwa_D	4pwa_D
4pwy_A	4pwy_A
4px9_B	4px9_B
4px9_B	7ymf_A
4px9_B	4px9_A
4pxe_A	4pxe_A
4pxe_A	4pxb_A
4pxe_A	3n5f_A
4pxe_A	8apz_A
4pxe_A	1r3n_A
4pxe_A	1r43_A
4pxe_A	2v8g_A
4pxe_A	2v8v_D
4pxe_A	2vl1_A
4pxe_A	1z2l_A
4pxg_A	4pxg_A
4pxv_A	4pxv_A
4pxy_A	4pxy_A
4py5_A	4py5_A
4py6_B	4py6_B
4py6_B	4py6_A
4pyr_A	4pyr_A
4pzs_A	4pzs_A
4pzs_A	4pzs_A
4pzs_A	4pzt_A
4q04_A	4q04_A
4q04_A	3sia_A
4q0p_A	4q0p_A
4q0p_A	3ww1_A
4q0p_A	4q0q_A
4q0p_A	4q0s_A
4q12_A	4q12_A
4q12_A	5vyq_A
4q12_A	6v2t_B
4q12_A	4nv1_A
4q12_A	4nv1_B
4q12_A	4nv1_H
4q12_A	4yfy_B
4q1q_A	4q1q_A
4q2x_A	4q2x_A
4q2x_A	4q2t_A
4q2x_A	1f7u_A
4q2x_A	2zue_A
4q2x_A	2zue_A
4q35_A	4q35_A
4q35_A	8h1r_D
4q3a_C	4q3a_C
4q3a_C	4j49_A
4q3a_C	4j4b_A
4q3a_C	4q39_A
4q3a_C	4q3c_A
4q51_A	4q51_A
4q52_A	4q52_A
4q56_A	4q56_A
4q5h_A	4q5h_A
4q5h_A	4q5h_A
4q86_B	4q86_B
4q8g_B	4q8g_B
4q8r_A	4q8r_A
4q8r_A	1twy_A
4q8r_A	4omb_A
4q95_A	4q95_A
4qaw_A	4qaw_A
4qbl_E	4qbl_E
4qbo_A	4qbo_A
4qbz_A	4qbz_A
4qbz_A	5wyx_B
4qbz_A	4r08_B
4qbz_A	3w3g_A
4qbz_A	5wyx_A
4qbz_A	3w3g_A
4qbz_A	4r08_A
4qbz_A	3w3g_B
4qbz_A	4r09_B
4qbz_A	5gmf_A
4qbz_A	5gmh_A
4qbz_A	5zsf_A
4qbz_A	5zsi_A
4qbz_A	5zsn_A
4qbz_A	5zsn_B
4qdg_B	4qdg_B
4qdj_A	4qdj_A
4qdj_A	4qdj_A
4qdj_A	4qdk_A
4qen_A	4qen_A
4qen_A	4qen_A
4qen_A	6a5m_A
4qfh_B	4qfh_B
4qfh_B	1iri_A
4qfh_B	6xuh_C
4qfh_B	1jlh_A
4qfh_B	6xuh_D
4qfh_B	1jlh_B
4qfh_B	1dqr_A
4qfh_B	1dqr_B
4qfh_B	1g98_A
4qfh_B	1g98_B
4qfh_B	1hox_A
4qfh_B	1hox_B
4qfh_B	1koj_A
4qfh_B	1koj_B
4qfh_B	1koj_A
4qfh_B	1xtb_A
4qfh_B	2cxn_A
4qfh_B	2cxo_A
4qfh_B	2cxp_A
4qfh_B	2cxq_A
4qfh_B	2cxr_A
4qfh_B	6xuh_A
4qfh_B	3hjb_B
4qfh_B	3q88_A
4qfh_B	3ujh_A
4qfh_B	3pr3_A
4qfh_B	7oyl_A
4qhz_C	4qhz_C
4qi7_B	4qi7_B
4qi7_B	4qi7_A
4qi7_B	4qi7_A
4qkf_A	4qkf_A
4qkf_A	4qkb_A
4ql5_B	4ql5_B
4qlz_A	4qlz_A
4qlz_A	2ik0_B
4qlz_A	1e6a_A
4qlz_A	1e6a_B
4qlz_A	1e6a_A
4qm8_A	4qm8_A
4qm8_A	3eqe_A
4qma_A	4qma_A
4qma_A	4wvz_D
4qma_A	6xb9_A
4qn1_A	4qn1_A
4qn9_B	4qn9_B
4qnq_A	4qnq_A
4qnq_A	6vwc_A
4qnq_A	7xgf_E
4qnq_A	2o22_A
4qnq_A	3zln_A
4qnq_A	4qnq_B
4qnq_A	4qnq_C
4qnq_A	4qnq_D
4qo5_A	4qo5_A
4qom_A	4qom_A
4qom_A	4qon_A
4qom_A	4qoo_A
4qom_A	4qop_A
4qom_A	4qoq_A
4qom_A	4qor_A
4qom_A	1gwh_A
4qom_A	1gwf_A
4qom_A	1th2_D
4qom_A	1dgg_A
4qom_A	3rgs_B
4qom_A	4blc_A
4qom_A	4e37_A
4qom_A	1h6n_A
4qom_A	1mqf_A
4qom_A	1nm0_A
4qom_A	1qwl_A
4qom_A	2cah_A
4qom_A	6pt7_A
4qom_A	4b7f_A
4qom_A	6rjn_A
4qpl_A	4qpl_A
4qpn_A	4qpn_A
4qpn_A	4lg1_A
4qpn_A	4mtl_B
4qpn_A	7oas_A
4qpw_A	4qpw_A
4qq3_A	4qq3_A
4qq3_A	4qne_A
4qq3_A	2cu0_A
4qq3_A	1eep_A
4qq3_A	5ou2_A
4qq3_A	4zqm_A
4qq3_A	1mew_A
4qq3_A	1mew_A
4qq3_A	1me7_A
4qq3_A	1lrt_D
4qq3_A	1me8_A
4qq3_A	1me9_A
4qq3_A	1meh_A
4qq3_A	1mei_A
4qq3_A	1mei_A
4qq3_A	1pvn_A
4qq3_A	1pvn_B
4qq3_A	1pvn_C
4qq3_A	1pvn_D
4qq3_A	2a1y_A
4qq3_A	2a7r_A
4qq3_A	2a7r_C
4qq3_A	2ble_A
4qq3_A	2c6q_B
4qqr_A	4qqr_A
4qqr_A	7jid_A
4qqz_A	4qqz_A
4qqz_A	4qqz_A
4qqz_A	4qqw_A
4qqz_A	4q2d_A
4qt6_A	4qt6_A
4qtn_C	4qtn_C
4qtn_C	4qtn_C
4qtq_A	4qtq_A
4qtu_B	4qtu_B
4qtu_B	4qtu_B
4qtu_B	7wtu_q
4qu6_A	4qu6_A
4quv_A	4quv_A
4quv_A	4quv_A
4qvb_B	4qvb_B
4qvb_B	2aq6_A
4qvb_B	1xxo_A
4qvb_B	2aq6_B
4qvb_B	1xxo_B
4qvb_B	1y30_A
4qvb_B	2aq6_A
4qvb_B	4qvb_A
4qvb_B	4qvb_B
4qvh_A	4qvh_A
4qvh_A	3mp8_A
4qvh_A	4qvh_A
4qvh_A	4tsm_B
4qvt_A	4qvt_A
4qvt_A	2pdo_B
4qvu_A	4qvu_A
4r0m_A	4r0m_A
4r0t_B	4r0t_B
4r0t_B	4r0s_A
4r12_A	4r12_A
4r1d_A	4r1d_A
4r1s_A	4r1s_A
4r1s_A	2c29_A
4r1s_A	2iod_B
4r1s_A	2nnl_F
4r1s_A	3bxx_A
4r1s_A	3bxx_A
4r1s_A	1y1p_A
4r1s_A	8jqk_A
4r1s_A	1y1p_A
4r1s_A	4pvd_A
4r1s_A	7ymb_A
4r1s_A	5gmo_A
4r1s_A	5ywn_A
4r1s_A	5z2x_A
4r1s_A	8fev_A
4r1s_A	8fio_A
4r29_B	4r29_B
4r29_B	4r29_A
4r2j_A	4r2j_A
4r2j_A	4wy2_A
4r2l_A	4r2l_A
4r2l_A	3fh0_A
4r2l_A	4r2l_A
4r2l_A	4r2m_A
4r33_A	4r33_A
4r33_A	4r34_A
4r33_A	4r34_B
4r33_A	6htk_A
4r33_A	6htm_A
4r3a_A	4r3a_A
4r3a_A	4r3a_A
4r3u_A	4r3u_A
4r42_C	4r42_C
4r43_A	4r43_A
4r43_A	4wl8_A
4r43_A	4wou_A
4r43_A	4wou_A
4r43_A	3dt7_A
4r43_A	1khe_A
4r43_A	1m51_A
4r43_A	1nhx_A
4r43_A	2fah_D
4r43_A	2qf2_A
4r43_A	2rk8_A
4r43_A	2rkd_A
4r43_A	2rke_A
4r43_A	3dt2_A
4r43_A	3dtb_A
4r43_A	3mof_A
4r43_A	4yw8_A
4r43_A	4ywb_A
4r43_A	4ywd_A
4r43_A	7l3m_A
4r4u_A	4r4u_A
4r4u_A	4r4u_B
4r4u_A	4r4u_A
4r4x_A	4r4x_A
4r4y_A	4r4y_A
4r4y_A	4r4y_A
4r4y_A	1p4v_A
4r5j_C	4r5j_C
4r5o_A	4r5o_A
4r5q_A	4r5q_A
4r5z_A	4r5z_A
4r5z_A	4r2n_A
4r5z_A	3ly1_D
4r5z_A	4wbt_A
4r5z_A	1fg3_A
4r5z_A	1fg3_A
4r5z_A	1fg7_A
4r5z_A	1fg7_A
4r5z_A	1gew_A
4r5z_A	1gex_A
4r5z_A	1gey_A
4r5z_A	1gey_A
4r5z_A	1iji_A
4r5z_A	3cq6_A
4r5z_A	3cq5_A
4r5z_A	3cq5_B
4r5z_A	1h1c_A
4r5z_A	1uu1_C
4r5z_A	1lc7_A
4r5z_A	1lc8_A
4r5z_A	1lkc_A
4r5z_A	1lkc_A
4r7b_A	4r7b_A
4r7b_A	4r78_A
4r7f_A	4r7f_A
4r82_B	4r82_B
4r82_B	4r82_A
4r82_B	5cho_A
4r82_B	5cho_B
4r82_B	5cho_C
4r82_B	3pft_B
4r82_B	3pft_A
4r82_B	3pft_B
4r82_B	4ira_A
4r82_B	3cb0_A
4r82_B	4ira_A
4r84_A	4r84_A
4r84_A	4r83_A
4r84_A	2z4t_A
4r8q_A	4r8q_A
4r8q_A	5dmz_A
4r8q_A	6f7b_A
4r9w_B	4r9w_B
4rap_E	4rap_E
4rck_A	4rck_A
4rdi_B	4rdi_B
4rdi_B	4rdi_A
4rdi_B	4yed_D
4rdq_A	4rdq_A
4rdq_A	8d1e_A
4rdr_A	4rdr_A
4rel_A	4rel_A
4rel_A	4rel_A
4rel_A	4whm_A
4rel_A	2c1z_A
4rel_A	2c1z_A
4rel_A	2c9z_A
4rel_A	3hbf_A
4rel_A	3hbf_A
4rel_A	7vej_B
4rel_A	6lzy_A
4rel_A	6inh_A
4rel_A	6inf_A
4rel_A	6inh_A
4rel_A	6kvj_A
4rel_A	2acw_B
4rel_A	2acv_A
4rel_A	5u6n_B
4rel_A	5u6n_A
4rel_A	5v2k_B
4rel_A	5u6n_A
4rel_A	6bk3_A
4rel_A	6su6_A
4rel_A	2vce_A
4rel_A	2vce_A
4rel_A	5nlm_A
4rel_A	6jen_A
4rel_A	6jem_A
4rel_A	7c2x_A
4rel_A	7w1b_A
4rel_A	7w11_A
4rel_A	8wrk_A
4rep_A	4rep_A
4rf9_A	4rf9_A
4udm_B	4udm_B
4ue0_B	4ue0_B
4ufc_B	4ufc_B
4ufc_B	2eab_A
4ufc_B	2eac_B
4ufc_B	2ead_B
4ufc_B	2eae_A
4ufv_C	4ufv_C
4ufv_C	2yne_A
4ufv_C	6ehj_B
4ufv_C	6ehj_B
4ufv_C	4c2x_A
4ufv_C	6f56_B
4ufv_C	1rxt_C
4ufv_C	4c2z_A
4ufv_C	6pau_A
4ufv_C	7rk3_A
4ufv_C	1iic_A
4ufv_C	1iid_A
4ufv_C	2nmt_A
4ufv_C	2p6e_C
4ufv_C	1iyk_A
4ufv_C	4qbj_A
4ufv_C	6omk_A
4ufv_C	2wuu_A
4ufv_C	4a30_A
4ufv_C	4c7h_A
4ufv_C	5ag7_A
4uhe_A	4uhe_A
4uhe_A	4uhd_A
4uhe_A	4uhf_A
4uhe_A	1iun_B
4uhe_A	1iup_A
4uhe_A	1uka_A
4uhe_A	1iup_A
4uhe_A	1uk7_A
4uhe_A	1uk8_A
4uhe_A	1uk9_A
4uhe_A	1uka_A
4uhe_A	2d0d_A
4uhe_A	2og1_A
4uhe_A	2puh_A
4uhe_A	2rht_A
4uhe_A	3v1m_A
4uhe_A	4lxh_A
4uhe_A	4lxh_A
4uhe_A	4lye_A
4uhe_A	7zm2_A
4uhe_A	2wuf_A
4uhe_A	7zm3_A
4uhe_A	3hea_A
4uhe_A	5h3h_B
4uhe_A	6i8w_B
4uhe_A	4g8c_A
4uhe_A	4g8b_A
4uhe_A	4g8c_A
4uhe_A	5frd_A
4uhe_A	5frd_A
4uii_A	4uii_A
4uii_A	6m9a_C
4uii_A	4uiq_A
4uii_A	6m9a_A
4uir_A	4uir_A
4uir_A	4uir_A
4uir_A	7kaw_B
4uir_A	7kay_A
4uir_A	4ia6_A
4uj5_B	4uj5_B
4uj5_B	4uj3_B
4uj8_D	4uj8_D
4umj_B	4umj_B
4umj_B	3p41_A
4umj_B	1rqi_A
4umj_B	1rqj_A
4umj_B	1rqj_A
4umj_B	3zl6_A
4umj_B	3zl6_A
4umj_B	4lfg_B
4umj_B	4lls_A
4umj_B	3krp_D
4umj_B	2j1p_A
4umj_B	3krc_A
4umo_B	4umo_B
4un1_A	4un1_A
4un1_A	4un1_B
4unc_D	4unc_D
4unc_D	2vs7_D
4unc_D	4un7_A
4unm_B	4unm_B
4usj_C	4usj_C
4usj_C	4usj_D
4uso_A	4uso_A
4usw_A	4usw_A
4usw_A	4oyz_A
4usw_A	4clz_A
4usw_A	4clt_A
4usw_A	4cly_A
4usw_A	4clz_A
4usw_A	4cm2_A
4usw_A	4oyp_A
4usw_A	4oyx_A
4usw_A	4oyz_A
4usw_A	5d0r_A
4usw_A	5d0r_A
4usx_C	4usx_C
4usz_A	4usz_A
4uuu_B	4uuu_B
4uvm_A	4uvm_A
4uvm_A	6ei3_A
4uvm_A	5oxn_A
4uvm_A	5oxk_A
4uvm_A	5oxl_A
4uvm_A	5oxm_A
4uvm_A	6eia_A
4uvm_A	4d2d_A
4uvm_A	6fmr_A
4uvm_A	4ikz_A
4uvm_A	4ikz_A
4uvm_A	4ikv_A
4uvm_A	8jzs_A
4uvm_A	8qsl_A
4uvq_A	4uvq_A
4uw9_A	4uw9_A
4uy7_A	4uy7_A
4uy7_A	4pin_B
4uy7_A	4pio_A
4uy7_A	4pip_D
4uy7_A	4uy5_A
4uy7_A	4uy5_A
4uy7_A	4uy6_A
4uy7_A	6fnq_B
4uy7_A	7sew_A
4uy7_A	7sf4_A
4uyq_A	4uyq_A
4uyr_A	4uyr_A
4v02_A	4v02_A
4v02_A	1g3r_A
4v02_A	1g3q_A
4v02_A	1ion_A
4v02_A	3q9l_A
4v02_A	3r9i_A
4v02_A	3r9i_B
4v02_A	3r9i_A
4v02_A	3kjg_A
4v02_A	3kje_A
4v02_A	3kjg_A
4v02_A	3kjg_A
4v02_A	3kjh_A
4v02_A	3ea0_B
4v02_A	3ea0_A
4v02_A	3ea0_B
4v02_A	5j1j_A
4v02_A	7ejw_A
4v02_A	4rz3_A
4v02_A	4rz3_B
4v02_A	4rz3_A
4v0h_D	4v0h_D
4v12_A	4v12_A
4v1u_A	4v1u_A
4v1u_A	4v1t_B
4v1x_E	4v1x_E
4v1x_E	4dzh_A
4v1x_E	1p1m_A
4v1x_E	2plm_A
4v1x_E	2plm_A
4v1x_E	4f0r_A
4v1x_E	4f0r_A
4v1x_E	4f0s_A
4v1x_E	4gbd_A
4v1x_E	4gbd_A
4v1x_E	3lnp_A
4v1x_E	4wgx_A
4v1x_E	4ub9_A
4v1x_E	4lh8_A
4v1x_E	8is4_A
4v1x_E	6sj3_B
4v1x_E	6sj2_B
4v28_A	4v28_A
4v28_A	5lyr_A
4v28_A	5mc8_A
4v28_A	6far_A
4v28_A	6fwm_A
4v28_A	6zj6_AAA
4v28_A	6zdk_AAA
4v28_A	6zfa_A
4v28_A	6zdc_A
4v28_A	6zj1_AAA
4v28_A	6zj5_AAA
4v29_A	4v29_A
4v29_A	5a50_B
4v29_A	5a51_B
4v35_A	4v35_A
4v35_A	4v36_A
4v3i_A	4v3i_A
4v3i_A	7thw_A
4v4c_B	4v4c_B
4v67_AC	4v67_AC
4v67_AX	4v67_AX
4v7l_AO	4v7l_AO
4v88_BR	4v88_BR
4v88_BR	4u3m_M9
4v88_Bl	4v88_Bl
4v88_Bl	4u3m_O9
4v88_Bm	4v88_Bm
4v88_Bm	6zu5_LMM
4v88_DM	4v88_DM
4v88_DW	4v88_DW
4v88_Di	4v88_Di
4v88_Dp	4v88_Dp
4v88_Dp	4u3m_Q3
4v99_GW	4v99_GW
4v9f_L	4v9f_L
4v9f_Y	4v9f_Y
4v9r_B2	4v9r_B2
4w2e_7	4w2e_7
4w2f_BO	4w2f_BO
4w2f_BT	4w2f_BT
4w2f_BY	4w2f_BY
4w2f_BY	1vy4_BY
4w2f_CR	4w2f_CR
4w2f_D9	4w2f_D9
4w2f_D9	6vlz_4
4w4s_A	4w4s_A
4w50_A	4w50_A
4w50_A	2wo1_A
4w50_A	6nk0_A
4w50_A	6njz_B
4w5a_A	4w5a_A
4w66_A	4w66_A
4w6q_A	4w6q_A
4w6q_A	4w6q_B
4w79_A	4w79_A
4w8j_A	4w8j_A
4w8x_A	4w8x_A
4w8y_A	4w8y_A
4w8y_A	6s91_K
4w8y_A	6s6b_K
4w9n_A	4w9n_A
4w9n_A	4w9n_A
4w9n_A	5dov_B
4w9n_A	5doz_C
4w9n_A	5doz_A
4w9n_A	5dp2_A
4w9n_A	5dp2_A
4wai_A	4wai_A
4wbb_A	4wbb_A
4wbb_A	1cx4_A
4wbb_A	1ne6_A
4wbb_A	1ne4_A
4wbb_A	4x6r_B
4wbb_A	3of1_A
4wbb_A	5kbf_A
4wbb_A	6hyq_C
4wbb_A	6hyi_B
4wbb_A	3shr_A
4wbd_A	4wbd_A
4wbd_A	4wbd_A
4wbq_A	4wbq_A
4wc2_A	4wc2_A
4wc2_A	5hc9_A
4wc2_A	3h39_A
4wc2_A	3h39_B
4wc2_A	3h3a_B
4wcj_A	4wcj_A
4wcj_A	4u10_A
4wck_A	4wck_A
4wck_A	4q6m_A
4wck_A	4q6n_A
4wck_A	4wcm_A
4wck_A	5d2r_A
4wei_A	4wei_A
4wfo_A	4wfo_A
4wfo_A	1no3_A
4wfo_A	1hu9_A
4wfo_A	1jnq_A
4wfo_A	1jnq_A
4wfo_A	1n8q_A
4wfo_A	1n8q_A
4wfo_A	1no3_A
4wfo_A	1rrh_A
4wgf_A	4wgf_A
4wgk_B	4wgk_B
4wgk_B	2zxc_A
4wh3_A	4wh3_A
4wh3_A	4ock_A
4wh3_A	4oco_A
4wh3_A	4ocp_A
4wh3_A	4ocp_A
4wh3_A	4ocv_A
4wh5_A	4wh5_A
4wiw_D	4wiw_D
4wk1_A	4wk1_A
4wk1_A	4rww_A
4wk1_A	4rle_A
4wk1_A	4rww_B
4wm0_A	4wm0_A
4wm0_A	4wma_A
4wm0_A	4wmb_A
4wm0_A	4wnh_A
4wmq_A	4wmq_A
4wmq_A	4wn0_A
4wmq_A	6usc_A
4wnb_A	4wnb_A
4wnb_B	4wnb_B
4wnr_A	4wnr_A
4wnx_A	4wnx_A
4wp4_A	4wp4_A
4wpo_DZ	4wpo_DZ
4wpo_DZ	1dar_A
4wpo_DZ	2bv3_A
4wpo_DZ	4wqf_BZ
4wpo_DZ	4wqf_DZ
4wpo_DZ	6ydp_BC
4wpo_DZ	7n2v_EF
4wpo_DZ	1wdt_A
4wpo_DZ	7osa_eEF2
4wpo_DZ	1n0u_A
4wpo_DZ	1u2r_A
4wpo_DZ	1u2r_A
4wpo_DZ	8eub_DC
4wpo_DZ	8evs_DC
4wpy_A	4wpy_A
4wqb_A	4wqb_A
4wqq_A	4wqq_A
4wqq_A	1tn3_A
4wqq_A	1htn_A
4wqq_A	7jue_A
4wqq_A	7juc_A
4wqq_A	7l66_A
4wqq_A	3alu_A
4wqy_A4	4wqy_A4
4wqy_A4	6zto_B7
4wri_A	4wri_A
4wri_A	4wri_A
4wtr_A	4wtr_A
4wu3_A	4wu3_A
4wuj_A	4wuj_A
4wuj_A	4wuj_B
4wuj_A	3hjk_A
4wuj_A	3d72_B
4wuj_A	3is2_B
4wut_A	4wut_A
4wut_A	3ksm_A
4wut_A	4ru1_A
4wut_A	4ry8_B
4wut_A	5dkv_A
4wut_A	5dte_B
4wut_A	8wl5_A
4wut_A	8wl9_A
4wut_A	1gud_A
4wut_A	1rpj_A
4wut_A	8wl9_A
4wut_A	4rxt_A
4wut_A	6gt9_A
4wut_A	7x0g_B
4wut_A	7x0h_A
4wut_A	5hqj_A
4wut_A	3c6q_C
4wut_A	2h3h_A
4wvc_A	4wvc_A
4wvc_A	5oi0_A
4wvc_A	5oiv_A
4wvc_A	5oj4_A
4ww9_A	4ww9_A
4ww9_A	4ww5_A
4ww9_A	4ww7_A
4ww9_A	4ww9_A
4wwb_A	4wwb_A
4wwb_A	2y3d_A
4wwb_A	3epv_A
4wwb_A	4wwd_A
4wwj_A	4wwj_A
4wwj_A	4wwz_A
4wwj_A	4wwz_B
4wwj_A	4wx0_A
4wy9_A	4wy9_A
4wzi_B	4wzi_B
4wzx_A	4wzx_A
4wzz_A	4wzz_A
4x1t_A	4x1t_A
4x1x_A	4x1x_A
4x29_A	4x29_A
4x29_A	4x27_A
4x2d_A	4x2d_A
4x33_B	4x33_B
4x3l_A	4x3l_A
4x3l_A	4x3l_B
4x3l_A	4x3l_A
4x3l_A	4x3m_A
4x3l_A	5kzk_A
4x3l_A	1x7p_A
4x3l_A	3nk7_B
4x3l_A	3gyq_A
4x3l_A	3gyq_B
4x3l_A	3nk7_A
4x3l_A	3nk7_A
4x3l_A	3nk7_B
4x3n_A	4x3n_A
5qsm_A	5qsm_A
5qsm_A	5qso_A
5qsm_A	5qsp_A
5qsm_A	5qsq_A
5qsm_A	5qsy_B
5qsx_C	5qsx_C
5qsx_C	5qst_C
5qsx_C	5qsu_C
5qsx_C	5qsx_D
5qsx_C	6qb5_D
5qsx_C	5qsv_D
5r5t_A	5r5t_A
5r5t_A	5r5u_A
5r5t_A	5r5v_A
5r5t_A	5r5w_A
5r5t_A	5r5x_A
5r5t_A	5r5y_A
5r5t_A	5r5z_A
5r5t_A	5r61_A
5r5t_A	5r62_A
5r5t_A	5r63_A
5r5t_A	2j0h_E
5r5t_A	2j0g_F
5r5t_A	2j0y_C
5r5t_A	2j2p_A
5r5t_A	2j2p_B
5r5t_A	2j2p_C
5r5t_A	2j2p_B
5r5t_A	2j2p_C
5r5t_A	2j3u_B
5r5t_A	4nyt_A
5r5t_A	4nyt_C
5r5t_A	2j60_A
5r5t_A	2j5z_A
5r5t_A	4m7f_A
5r5t_A	6zqy_A
5r5t_A	6zr0_B
5r5t_A	6zr3_A
5rw2_A	5rw2_A
5rw2_A	5rw6_A
5rw2_A	5rw8_A
5rw2_A	5rw9_A
5rw2_A	5rwa_A
5rw2_A	5rwb_A
5rw2_A	5rwc_A
5rw2_A	5rwd_A
5rw2_A	5rwe_A
5rw2_A	5rwg_A
5rw2_A	5rwh_A
5rw2_A	5rwj_A
5rw2_A	5rwk_A
5rw2_A	5rwl_A
5rw2_A	5rwn_A
5rw2_A	5rwp_A
5rw2_A	5rwq_A
5rw2_A	5rwr_A
5rw2_A	5rwt_A
5rw2_A	5rwu_A
5rw2_A	5rww_A
5rw2_A	5rwx_A
5rw2_A	5rwy_A
5rw2_A	5rx0_A
5rw2_A	5rx2_A
5rw2_A	5rx4_A
5rw2_A	5rx5_A
5rw2_A	5rx6_A
5rw2_A	5rx7_A
5rw2_A	5rx8_A
5rw2_A	5rx9_A
5rw2_A	5rxb_A
5rw2_A	5rxc_A
5rw2_A	5rxd_A
5rw2_A	5rxf_A
5rw2_A	5rxi_A
5rw2_A	5rxk_A
5rw2_A	5rxl_A
5rw2_A	5rxo_A
5rw2_A	5rxp_A
5rw2_A	5rxr_A
5rw2_A	5rxs_A
5rw2_A	5rxt_A
5rw2_A	5rxw_A
5rw2_A	5rxy_A
5rw2_A	5ry0_A
5rw2_A	5ry1_A
5rw2_A	5ry2_A
5rw2_A	5ry3_A
5rw2_A	5ry4_A
5rw2_A	5ry5_A
5rw2_A	5ry6_A
5rw2_A	5ry8_A
5rw2_A	5ry9_A
5rw2_A	5rye_A
5rw2_A	5ryi_A
5rw2_A	5ryl_A
5w7b_A	5w7b_A
5w7b_C	5w7b_C
5w7d_A	5w7d_A
5w8c_A	5w8c_A
5w8c_A	5w8a_A
5w8c_A	5w8g_A
5w8c_A	6wn0_B
5w8o_B	5w8o_B
5w8o_B	6ioh_A
5w8o_B	6pux_A
5w8o_B	2vav_B
5w8o_B	2vat_A
5w8o_B	2vax_A
5w8x_A	5w8x_A
5w9a_A	5w9a_A
5wab_A	5wab_A
5wab_A	5jp0_A
5wab_A	3ac0_A
5wab_A	5yqs_A
5wab_A	7eap_A
5wab_A	4zoe_B
5wab_A	4zoa_A
5wab_A	4zoa_A
5wab_A	4zob_A
5wab_A	4zob_B
5wab_A	5xxm_A
5wab_A	5z87_A
5wab_A	6r5t_A
5wab_A	6r5n_A
5wab_A	8c7f_A
5wab_A	2x42_A
5wab_A	7zdy_W
5wab_A	6q7i_A
5wab_A	4iid_A
5wab_A	4iic_B
5wab_A	4iic_A
5wab_A	4iie_A
5wab_A	4iif_A
5wab_A	4iih_A
5wab_A	5nbs_A
5wab_A	6sz6_A
5wab_A	5ae6_B
5wab_A	7ey2_A
5wab_A	6kj0_A
5wab_A	7ey2_E
5wab_A	7yo7_B
5wai_B	5wai_B
5wam_B	5wam_B
5wcj_A	5wcj_A
5wcn_A	5wcn_A
5wdt_Z	5wdt_Z
5wdt_Z	1vy4_D3
5wdt_t	5wdt_t
5we2_B	5we2_B
5wfg_E	5wfg_E
5wfg_E	7mpk_B
5wgw_A	5wgw_A
5wgw_A	5wgr_A
5whb_C	5whb_C
5whg_A	5whg_A
5whm_A	5whm_A
5whm_A	8eju_B
5why_B	5why_B
5why_B	5wgg_A
5why_B	8vpo_A
5wic_B	5wic_B
5wic_B	4nhf_F
5wje_A	5wje_A
5wk0_A	5wk0_A
5wmm_A	5wmm_A
5wo1_A	5wo1_A
5wo1_A	5wo1_A
5wo1_A	6owy_A
5wo1_A	6bie_B
5wp4_A	5wp4_A
5wpj_A	5wpj_A
5wpj_A	6dio_C
5wpj_A	1qax_A
5wpj_A	1t02_A
5wpj_A	4i4b_A
5wpj_A	4i4b_B
5wpj_A	4i6y_B
5wpj_A	6eev_A
5wpj_A	6p7k_A
5wpj_A	8gdn_A
5wpj_A	8vlq_A
5wpj_A	7m1z_C
5wpj_A	7m1z_B
5wqf_C	5wqf_C
5wqf_C	5wqg_A
5wri_B	5wri_B
5wri_B	3ap2_A
5wri_B	5wrj_A
5wri_B	4gbm_A
5wrs_B	5wrs_B
5wsy_B	5wsy_B
5wti_Z	5wti_Z
5wtl_C	5wtl_C
5wu4_A	5wu4_A
5wu4_A	5wu3_B
5wuq_C	5wuq_C
5wvp_A	5wvp_A
5wvp_A	5k6m_A
5wvp_A	5k6n_A
5wvp_A	5k6o_A
5wzr_A	5wzr_A
5zrd_A	5zrd_A
5zrt_A	5zrt_A
5zs6_A	5zs6_A
5zve_A	5zve_A
5zyr_A	5zyr_A
5zz6_C	5zz6_C
5zz6_C	2dt5_B
5zz6_C	1xcb_A
5zz6_C	1xcb_B
5zz6_C	1xcb_D
5zz6_C	2dt5_A
5zz6_C	3ikt_A
5zz6_C	3ikt_B
5zz6_C	3ket_A
5zz6_C	3keo_B
5zz6_C	2vt3_B
5zz6_C	2vt2_A
5zz6_C	2vt2_B
5zz6_C	3wgh_B
5zz6_C	3wgg_A
5zza_P	5zza_P
5zzu_B	5zzu_B
6a2j_A	6a2j_A
6a3i_A	6a3i_A
6a3i_A	6a3j_C
6a3i_A	3dty_A
6a3i_A	7d5n_B
6a3i_A	7d5m_A
6a3i_A	6ktl_C
6a3i_A	5yaq_B
6a3i_A	6ktl_D
6a3i_A	5uhw_A
6a3i_A	6jw7_A
6a3i_A	3q2k_C
6a3i_A	3q2k_A
6a3i_A	3q2k_B
6a3i_A	8qc8_B
6a48_A	6a48_A
6a48_A	2e26_A
6a4f_A	6a4f_A
6a4f_A	3tr8_A
6a4f_A	2igi_A
6a4f_A	5cy4_C
6a4f_A	7va2_A
6a4f_A	7wik_C
6a55_A	6a55_A
6a55_A	5tfz_B
6a55_A	5tg0_A
6a55_A	6a53_A
6a56_A	6a56_A
6a5d_A	6a5d_A
6a99_A	6a99_A
6a99_A	6a99_A
6a99_A	6a98_C
6a99_A	5z53_D
6a99_A	5yvl_D
6add_A	6add_A
6add_A	5yge_A
6add_A	5yo2_A
6ae9_A	6ae9_A
6aef_A	6aef_A
6aem_A	6aem_A
6dcb_A	6dcb_A
6dcb_A	6l8u_C
6dcj_A	6dcj_A
6dep_A	6dep_A
6dep_A	6deq_A
6dep_A	6der_A
6dep_A	1jsc_B
6dep_A	1n0h_A
6dep_A	1t9a_A
6dep_A	1t9a_B
6dep_A	1t9a_A
6dep_A	1t9d_A
6dep_A	5fem_A
6dep_A	5ims_B
6dep_A	5wkc_B
6dep_A	6bd3_B
6dep_A	6bd9_B
6dep_A	3ea4_A
6dep_A	3e9y_A
6dep_A	2ihv_A
6dep_A	1upa_B
6dep_A	1upc_A
6dep_A	1upc_B
6dep_A	2ihu_A
6dep_A	4fee_A
6dep_A	1pow_A
6dep_A	1pow_B
6dep_A	1pox_A
6dep_A	2ez4_B
6dep_A	2ez8_A
6dep_A	2ez9_A
6dep_A	1v5e_A
6dep_A	1v5f_A
6dep_A	1v5g_A
6dep_A	2dji_A
6dep_A	5ahk_B
6dep_A	5ahk_A
6dep_A	5dx6_B
6dep_A	1ozg_A
6dep_A	5wdg_B
6dep_A	4rjk_G
6dep_A	8i01_A
6dep_A	2pan_A
6dep_A	8beo_A
6dep_A	8beo_B
6dep_A	8i07_A
6dep_A	8i07_D
6dep_A	2q29_A
6dep_A	2q28_A
6dep_A	2ji6_A
6dep_A	2c31_A
6dep_A	2ji6_A
6dep_A	2ji7_A
6dep_A	2ji8_A
6dep_A	2jib_A
6dep_A	3eya_A
6dep_A	3ey9_A
6dep_A	3eya_B
6dep_A	7pt4_B
6dep_A	7pt1_A
6dep_A	7pt4_A
6dep_A	4cok_A
6dep_A	4cok_B
6dep_A	5euj_E
6dep_A	5tma_A
6dep_A	2wva_A
6dep_A	2wva_E
6dep_A	2wvg_A
6dep_A	3oe1_A
6dep_A	4zp1_A
6dep_A	4zp1_B
6dep_A	2q5q_B
6dep_A	2q5o_B
6dep_A	2q5q_A
6dep_A	2q5q_B
6dep_A	2nxw_A
6dep_A	2q5l_A
6dep_A	2vbg_A
6dep_A	1qpb_A
6dep_A	1pvd_A
6dep_A	1pvd_B
6dep_A	1pyd_A
6dep_A	1pyd_B
6dep_A	1qpb_B
6dep_A	2vjy_A
6dep_A	4d5g_A
6dep_A	2pgn_A
6dep_A	4d5g_B
6dep_A	4gg1_A
6dep_A	1bfd_A
6dep_A	1mcz_A
6dep_A	3fsj_X
6dep_A	3fzn_A
6dep_A	4juc_B
6dep_A	4mpp_A
6dep_A	5dei_A
6dep_A	4k9q_A
6dep_A	3d7k_A
6dep_A	3d7k_B
6dep_A	3d7k_A
6dep_A	3iaf_A
6dep_A	3iaf_B
6dew_B	6dew_B
6dew_B	6dew_A
6dex_B	6dex_B
6dfe_B	6dfe_B
6dfe_B	2h1f_A
6dfe_B	2h1h_A
6dgm_B	6dgm_B
6dhe_y	6dhe_y
6dhe_y	4il6_y
6dhe_z	6dhe_z
6dhe_z	2axt_Z
6djt_A	6djt_A
6dka_F	6dka_F
6dka_F	6dk9_F
6dlh_A	6dlh_A
6dnl_A	6dnl_A
6dnw_A	6dnw_A
6dps_D	6dps_D
6dq3_A	6dq3_A
6dre_A	6dre_A
6drs_A	6drs_A
6ds6_A	6ds6_A
6dsp_A	6dsp_A
6dt1_A	6dt1_A
6dta_B	6dta_B
6dtk_E	6dtk_E
6dww_A	6dww_A
6dxx_B	6dxx_B
6dxx_B	6dxx_D
6dxx_B	6dxz_B
6dxx_B	6mhm_B
6dxz_A	6dxz_A
6dxz_A	6dxx_A
6dym_A	6dym_A
6dym_A	6dyn_A
6dym_A	6dyo_A
6dz0_A	6dz0_A
6dz0_A	1cb0_A
6dz0_A	1cg6_A
6dz0_A	1cg6_A
6dz0_A	1k27_A
6dz0_A	1k27_A
6dz0_A	1sd1_A
6dz0_A	3ozc_A
6dz0_A	5tc5_A
6dz0_A	5tc7_A
6dz0_A	5tc8_A
6dz0_A	6dyz_A
6dz0_A	6dz2_A
6dz0_A	6dz3_A
6dz0_A	3t94_B
6dz0_A	3t94_A
6dz0_A	5f7j_B
6dz0_A	4l5a_A
6dz0_A	4l5a_B
6dz0_A	5f76_B
6dz0_A	5f7x_C
6dz0_A	3ozb_A
6dz0_A	3ozb_B
6dz0_A	3ozb_C
6dz0_A	4lna_A
6dz0_A	4m1e_B
6dz0_A	4m1e_A
6dz0_A	4m1e_B
6dz0_A	3lba_A
6dz0_A	4ns1_B
6dzs_A	6dzs_A
6ip0_A	6ip0_A
6ip0_A	5fwj_A
6ip0_A	5fzi_A
6ip0_A	5a3t_A
6ip0_A	5fpu_A
6ip0_A	5fy4_A
6ip0_A	5fy9_A
6ip0_A	5fys_A
6ip0_A	5fyv_A
6ip0_A	5fyy_A
6ip0_A	5fz1_A
6ip0_A	5fz6_A
6ip0_A	5fzd_A
6ip0_A	5fzh_A
6ip0_A	6rbi_A
6ip0_A	5v9p_A
6ipw_A	6ipw_A
6iqq_C	6iqq_C
6ist_C	6ist_C
6iu3_A	6iu3_A
6iu9_B	6iu9_B
6iu9_B	6iu8_B
6iuf_A	6iuf_A
6iuq_B	6iuq_B
6iuy_A	6iuy_A
6iv3_A	6iv3_A
6iv9_A	6iv9_A
6iw6_A	6iw6_A
6iwd_B	6iwd_B
6iy9_A	6iy9_A
6iz2_A	6iz2_A
6j06_B	6j06_B
6j06_B	8jya_B
6j06_B	8jye_A
6j06_B	8igt_A
6j06_B	8jyc_A
6j06_B	8pd6_A
6j0d_A	6j0d_A
6j0p_A	6j0p_A
6j0p_A	6j0p_B
6j0p_A	6j1h_A
6j0p_A	6j1f_A
6j17_A	6j17_A
6j17_A	6jd5_A
6j2l_B	6j2l_B
6j2l_B	7bgn_F
6j2l_B	7bgm_A
6j3h_A	6j3h_A
6j44_A	6j44_A
6j4n_A	6j4n_A
6j4q_A	6j4q_A
6j4q_A	6jze_A
6j6o_A	6j6o_A
6j6t_B	6j6t_B
6j6t_B	1zz1_B
6j6t_B	1zz1_A
6j6t_B	2vqj_A
6j6t_B	3c0z_A
6j6t_B	5efn_B
6j6t_B	6csr_A
6j6t_B	6cw8_B
6j6t_B	6dvo_A
6j6t_B	6tcy_BBB
6j6t_B	8tq0_A
6j6t_B	6uob_A
6j6t_B	6uo3_A
6j6t_B	4a69_A
6j6t_B	7zzu_B
6j6t_B	7zzw_A
6j6t_B	7zzo_A
6j6t_B	7zzw_B
6j6t_B	7zzo_B
6j6t_B	8hpo_F
6j6t_B	1c3r_A
6j6t_B	1c3r_A
6j6t_B	4bz7_C
6j6t_B	4bz6_C
6j6t_B	4bz8_A
6j6t_B	6hsh_C
6j6t_B	7p2t_C
6j6t_B	7p2t_D
6j6t_B	4bz8_B
6j6t_B	6hsh_D
6j6t_B	4qa5_B
6j6t_B	3mz4_B
6j6t_B	3mz6_A
6j6t_B	3mz7_A
6j6t_B	3sff_A
6j6t_B	3sfh_A
6j6t_B	5fcw_A
6j6t_B	5thu_B
6j6x_B	6j6x_B
6j6x_B	1dce_B
6j6x_B	3dss_B
6j6x_B	3dsu_B
6j6x_B	3pz3_B
6j6x_B	4gtt_B
6j6x_B	6j7f_B
6j6x_B	1n4p_B
6j6x_B	1n4p_J
6j6x_B	1n4q_B
6j6x_B	1n4q_B
6j6x_B	1n4s_B
6j6x_B	1s64_B
6j6x_B	3dra_B
6j72_A	6j72_A
6j7k_A	6j7k_A
6j7k_A	6j7l_A
6j7n_A	6j7n_A
6j7n_A	8xhr_C
6j7n_A	7c48_A
6j7n_A	6j7q_A
6j7n_A	8xhr_A
6j7x_A	6j7x_A
6j98_A	6j98_A
6jbd_A	6jbd_A
6jbd_A	6jbc_A
6jdd_A	6jdd_A
6jdh_A	6jdh_A
6jdh_A	6jdb_A
6jdh_A	6jdo_A
6jdh_A	3vgl_A
6jdh_A	3vgm_A
6jdh_A	3vgl_A
6jdh_A	3vgl_A
6jdh_A	2qm1_B
6jdh_A	3lm9_A
6jdh_A	1xc3_A
6jdh_A	3lm9_A
6jdh_A	7p9l_BBB
6jdh_A	7p7w_BBB
6jdh_A	2yhy_A
6jdh_A	2yhw_A
6jdh_A	2yhy_A
6jdh_A	2yi1_A
6jdh_A	4db3_A
6jfk_A	6jfk_A
6jfk_A	5gof_A
6jfk_A	6jfm_B
6jhu_A	6jhu_A
6jil_B	6jil_B
6jim_B	6jim_B
6jja_A	6jja_A
6jjc_C	6jjc_C
6jkh_A	6jkh_A
6jkv_A	6jkv_A
6jkv_A	5d2u_A
6jkv_A	5f1m_A
6jkv_A	6ihr_A
6jla_C	6jla_C
6jla_C	6jl9_A
6jmg_A	6jmg_A
6jom_A	6jom_A
6jon_A	6jon_A
6jon_A	6jop_A
6jon_A	6joq_A
6jon_A	6k9a_A
6jon_A	7rr3_A
6jph_A	6jph_A
6jph_A	6jp4_A
6jpl_B	6jpl_B
6jq8_A	6jq8_A
6jre_B	6jre_B
6jrf_A	6jrf_A
6jrf_A	6lcm_C
6jrf_A	6kvo_A
6jsb_A	6jsb_A
6jta_A	6jta_A
6jta_A	1t3t_A
6jta_A	4l78_A
6jta_A	4l78_A
6jtg_A	6jtg_A
6jua_B	6jua_B
6jua_B	3w6w_A
6jul_A	6jul_A
6jul_A	6jur_A
6jwf_A	6jwf_A
6jwf_A	6jt5_A
6jwi_A	6jwi_A
6jwi_A	8dar_G
6jwu_A	6jwu_A
6jwu_A	6kcm_B
6jwu_A	5z79_C
6jwu_A	6jws_B
6jwu_A	6jwq_B
6jy3_G	6jy3_G
6jy3_G	2dyr_G
6jy3_J	6jy3_J
6jy3_J	3ag2_J
6jy3_K	6jy3_K
6jy3_K	5b1b_K
6jzb_A	6jzb_A
6jze_B	6jze_B
6jzy_A	6jzy_A
6k02_B	6k02_B
7cv2_A	7cv2_A
7cv2_A	7cv0_A
7cv8_A	7cv8_A
7cv8_A	7cv7_A
7cv8_A	7cv9_A
7cww_A	7cww_A
7cx2_R	7cx2_R
7cx2_R	8fn0_A
7cxu_B	7cxu_B
7cxz_A	7cxz_A
7cy6_A	7cy6_A
7cy6_A	7cy5_A
7cym_B	7cym_B
7cz2_A	7cz2_A
7cz2_A	7cz2_A
7d0v_A	7d0v_A
7d0v_A	5h7w_B
7d0v_A	4wwl_A
7d0v_A	1hp1_A
7d0v_A	1ho5_A
7d0v_A	1ho5_A
7d0v_A	1hp1_A
7d0v_A	1hpu_A
7d0v_A	1oi8_A
7d0v_A	4wwl_A
7d0v_A	7pby_A
7d0v_A	6xue_A
7d0v_A	4h2b_A
7d0v_A	4h2i_A
7d0v_A	6tvg_A
7d0v_A	7bbj_A
7d0v_A	7p9n_A
7d0v_A	7p9r_A
7d0v_A	7p9t_A
7d0v_A	7pa4_A
7d0v_A	7pb5_A
7d0v_A	7pba_A
7d0v_A	7pbb_A
7d0v_A	7pby_A
7d0v_A	7pcp_A
7d0v_A	7pd9_A
7d0v_A	3qfk_A
7d0v_A	4q7f_A
7d0v_A	4q7f_A
7d0v_A	3zu0_A
7d0v_A	3ztv_A
7d0v_A	3zu0_A
7d0v_A	3ive_A
7d0v_A	3ivd_A
7d1b_A	7d1b_A
7d2a_A	7d2a_A
7d2f_A	7d2f_A
7d2f_A	4e3w_A
7d2f_A	3it0_A
7d2f_A	3it3_A
7d2f_A	1nd6_B
7d2f_A	1nd5_A
7d2f_A	1nd6_A
7d2f_A	1nd6_B
7d2f_A	1rpt_A
7d2f_A	2hpa_A
7d2m_B	7d2m_B
7d34_A	7d34_A
7d38_A	7d38_A
7d38_A	7d3a_A
7d38_A	7d3b_A
7d53_A	7d53_A
7d53_A	7d50_B
7d53_A	6vtv_B
7d54_A	7d54_A
7d62_A	7d62_A
7d6v_C	7d6v_C
7d87_A	7d87_A
7d88_A	7d88_A
7d8g_A	7d8g_A
7d8g_A	7d8i_A
7d8g_A	7d8l_A
7d9f_A	7d9f_A
7d9l_A	7d9l_A
7d9l_A	3ir4_A
7d9x_A	7d9x_A
7dal_B	7dal_B
7dal_B	7daj_B
7dal_B	7dak_A
7dbl_A	7dbl_A
7dbt_A	7dbt_A
7dbt_A	7dbu_A
7dbt_A	7df2_A
7dck_A	7dck_A
7dck_A	2p4z_B
7dck_A	3h3e_A
7dcm_A	7dcm_A
7dco_C	7dco_C
7dco_N	7dco_N
7dco_Q	7dco_Q
7dco_R	7dco_R
7dco_v	7dco_v
7ddb_A	7ddb_A
7ddq_X	7ddq_X
7de2_A	7de2_A
7de2_A	7emz_A
7de2_A	7eus_B
7de7_A	7de7_A
7dei_B	7dei_B
7dei_B	5wvr_A
7dei_B	5h2d_A
7dei_B	5zm8_B
7dei_B	4b2z_B
7dei_B	4ph7_D
7dei_B	1zhw_A
7dei_B	1zhw_A
7dei_B	1zhx_A
7dei_B	1zhy_A
7dei_B	1zhz_A
8tg3_A	8tg3_A
8tgb_A	8tgb_A
8the_A	8the_A
8the_A	1fi1_A
8the_A	1by5_A
8the_A	1fcp_A
8the_A	4cu4_A
8the_A	6i96_A
8the_A	6i98_A
8the_A	6z8a_A
8the_A	2gsk_A
8the_A	1ujw_A
8the_A	2guf_A
8the_A	3m8b_A
8the_A	3m8d_A
8the_A	5fr8_A
8the_A	6i2j_A
8the_A	5nc3_A
8the_A	6v81_A
8the_A	1po0_A
8the_A	3v8x_A
8the_A	4aiq_A
8thm_D	8thm_D
8thm_D	8thm_B
8thm_D	2fgy_A
8tjc_B	8tjc_B
8tjc_B	6wmo_B
8tjc_B	7jhk_D
8tjc_B	7jhi_C
8tjc_B	7jhl_A
8tjc_B	7jhm_A
8tjk_A	8tjk_A
8tjk_A	4a6d_A
8tjk_A	4a6e_A
8tjk_A	4a6e_A
8tjk_A	5i2h_A
8tjk_A	5i2h_B
8tjk_A	5i2h_A
8tjk_A	7clf_A
8tjk_A	7clf_B
8tjk_A	7clu_A
8tjk_A	7wdw_A
8tjk_A	7wdq_A
8tkp_D	8tkp_D
8tn3_A	8tn3_A
8tn3_A	2z1y_B
8tn3_A	2zyj_A
8tn3_A	3wx9_C
8tn3_A	1x0m_A
8tn3_A	3aow_C
8tn3_A	3av7_A
8tn3_A	3av7_B
8tn3_A	3av7_A
8tn3_A	3wx9_A
8tn3_A	1vp4_A
8tn3_A	4ge9_A
8tn3_A	6t8p_A
8tn3_A	2qlr_A
8tn3_A	6t8p_B
8tn3_A	2qlr_B
8tn3_A	2r2n_A
8tn3_A	2vgz_A
8tn3_A	4ge9_B
8tn3_A	6hnu_B
8tn3_A	4je5_B
8tn3_A	4je5_A
8tn3_A	4je5_A
8tn3_A	4je5_B
8tn3_A	6hnv_B
8tn3_A	6hnv_A
8tn3_A	5x03_A
8tn3_A	5x03_B
8tn3_A	7pq9_BBB
8tn3_A	4m2m_A
8tn3_A	4m2j_A
8tnq_C	8tnq_C
8twj_A	8twj_A
8twj_A	2nun_A
8twj_A	8two_A
8twj_A	8tws_A
8tz1_A	8tz1_A
8u0k_A	8u0k_A
8u0k_A	3k4y_A
8u0k_A	3k52_B
8u0k_A	3k52_A
8u0k_A	3ll9_B
8u0k_A	2ako_A
8u0k_A	2ako_B
8u0k_A	3ll5_B
8u0k_A	3lkk_B
8u0k_A	7lnu_B
8u0k_A	6rke_F
8u0k_A	6rj4_B
8u0z_A	8u0z_A
8u0z_A	2v30_A
8u0z_A	7ov0_A
8u0z_A	3mo7_A
8u0z_A	2qcg_A
8u0z_A	2qch_A
8u0z_A	3bvj_A
8u0z_A	3dbp_A
8u0z_A	3ewy_A
8u0z_A	3ex1_A
8u0z_A	3g3d_B
8u0z_A	3mi2_A
8u0z_A	3mo7_A
8u0z_A	6yvk_A
8u0z_A	7ov0_A
8u0z_A	7q1h_A
8u0z_A	1dqx_A
8u0z_A	3gdl_A
8u0z_A	3gdr_A
8u0z_A	3gdl_B
8u0z_A	3gdr_D
8u0z_A	1dqx_B
8u0z_A	1dqx_A
8u0z_A	3gdl_A
8u0z_A	3gdt_A
8u15_A	8u15_A
8u15_A	8tnr_B
8u15_A	8oiz_B
8u16_C	8u16_C
8u16_C	8u15_C
8u4v_A	8u4v_A
8u8m_A	8u8m_A
8ubx_A	8ubx_A
8ubx_A	8uc0_A
8uc9_A	8uc9_A
8uc9_A	1nvu_C
8uc9_A	1nvv_C
8uc9_A	4nyj_B
8ucd_A	8ucd_A
8ucd_A	6y9b_A
8uci_A	8uci_A
8uci_A	2vug_A
8uci_A	8ucf_A
8uci_A	8uch_A
8uci_A	3qwu_A
8uci_A	5d1o_A
8ugb_A	8ugb_A
8uh7_C	8uh7_C
8uh7_C	8dqw_E
8uh7_C	7st9_E
8uhe_C	8uhe_C
8uhe_C	6yyj_B
8uhe_C	1f99_B
8uhe_C	1f99_D
8uhe_C	1f99_F
8uhe_C	1i7y_B
8uhe_C	1ktp_B
8uhe_C	1phn_B
8uhe_C	1b8d_B
8uhe_C	1b8d_E
8uhe_C	1eyx_B
8uhe_C	1eyx_F
8uhe_C	7ap5_BBB
8uhe_C	7sut_F
8uhe_C	7t8s_E
8uhe_C	8el3_B
8uhe_K	8uhe_K
8ut1_A	8ut1_A
8uua_Z	8uua_Z
8uwv_A	8uwv_A
8uwv_A	3cgh_A
8uwv_A	7nox_A
8uwv_A	6e60_A
8uwv_A	3mx3_A
8uwv_A	5fq4_B
8uwv_A	5fq8_A
8uyh_A	8uyh_A
8uzd_A	8uzd_A
8uzd_A	1m6e_X
8uzd_A	1m6e_A
8uzd_A	2eg5_A
8uzd_A	2efj_A
8uzd_A	3b5i_B
8uzd_A	3b5i_A
8v06_B	8v06_B
8v06_B	8q1k_A
8v06_B	8q1x_A
8v06_B	8v05_A
8v14_A	8v14_A
8v1f_C	8v1f_C
8vc8_A	8vc8_A
8vdw_B	8vdw_B
8veh_C	8veh_C
8vlb_D	8vlb_D
8vlb_D	8vl9_D
1a46_B	1a46_B
1a46_B	1a5g_B
1a46_B	1ae8_B
1a46_B	1afe_B
1a46_B	1aht_B
1a46_B	1ai8_B
1a46_B	1aix_B
1a46_B	1awf_B
1a46_B	1ay6_B
1a46_B	1b5g_B
1a46_B	1bcu_B
1a46_B	1c5n_B
1a46_B	1d6w_B
1a46_B	1d9i_B
1a46_B	1fpc_B
1a46_B	1g30_C
1a46_B	1g32_C
1a46_B	1h8i_B
1a46_B	1k21_B
1a46_B	1k22_B
1a46_B	1ktt_C
1a46_B	1qhr_C
1a46_B	1qj1_C
1a46_B	1qj6_C
1a46_B	1qj7_C
1a46_B	1tbz_B
1a46_B	1tom_B
1a46_B	1uma_B
1a4w_B	1a4w_B
1a6l_A	1a6l_A
1a73_A	1a73_A
1a78_A	1a78_A
1a78_A	1a78_B
1a78_A	1a78_A
1a78_A	3t1l_A
1a78_A	4jc1_A
1a78_A	4jck_A
1a78_A	5e88_A
1a78_A	5h9p_A
1a78_A	6b8k_A
1a78_A	6fk2_A
1a78_A	6kxa_A
1a78_A	8ojm_A
1a78_A	8ojo_A
1a78_A	6f83_A
1a78_A	7nml_B
1a78_A	3oy8_A
1a78_A	5mwx_B
1a78_A	3w59_D
1a78_A	3t2t_A
1a78_A	4no4_A
1a78_A	4y1u_A
1a78_A	4y22_B
1a78_A	4y24_A
1a78_A	6b94_A
1a78_A	3wuc_B
1a78_A	1is3_A
1a78_A	1is4_A
1a78_A	1wlw_A
1a7w_A	1a7w_A
1a7x_A	1a7x_A
1a7x_A	1fap_A
1a7x_A	1fkg_A
1a7x_A	1fkl_A
1a7x_A	1nsg_A
1a7x_A	1tco_C
1a7x_A	2dg3_A
1a7x_A	2fap_A
1a7x_A	3fap_A
1a7x_A	8er6_A
1a7x_A	8ppz_A
1a7x_A	3ihz_B
1a7x_A	3ihz_A
1a7x_A	4qt3_A
1a7x_A	2l2s_A
1a7x_A	7u0s_A
1a8v_B	1a8v_B
1abe_A	1abe_A
1abe_A	1abf_A
1abe_A	1abf_A
1abe_A	1apb_A
1abe_A	5abp_A
1abe_A	6abp_A
1abe_A	7abp_A
1abe_A	8abp_A
1abe_A	9abp_A
1cb8_A	1cb8_A
1cb8_A	1hm2_A
1cb8_A	1hmw_A
1cb8_A	1lxm_A
1cb8_A	1i8q_A
1cb8_A	1ojn_A
1cb8_A	1f9g_A
1cb8_A	1f9g_A
1cb8_A	1n7q_A
1cb8_A	1ojo_A
1cb8_A	1w3y_A
1cb8_A	2brp_A
1cb8_A	1rwf_A
1cb8_A	1rwc_A
1cb8_A	1j0n_A
1cb8_A	1x1j_A
1cb8_A	2e22_A
1cb8_A	2wda_A
1ce8_B	1ce8_B
1ce8_B	1c3o_B
1cfz_A	1cfz_A
1cgl_A	1cgl_A
1cgl_A	1a85_A
1cgl_A	1a86_A
1cgl_A	1i76_A
1cgl_A	1jj9_A
1cgl_A	1kbc_A
1cgl_A	1mmb_A
1cgl_A	1zs0_A
1cgl_A	2tcl_A
1cgl_A	3ayk_A
1cgl_A	966c_A
1cgl_A	966c_A
1cgl_A	1bqo_B
1cgl_A	1bqo_A
1cgl_A	1bqo_B
1cgl_A	1caq_A
1cgl_A	1ciz_A
1cgl_A	1d7x_A
1cgl_A	1d7x_B
1cgl_A	1fm1_A
1cgl_A	1g4k_A
1cgl_A	1hfs_A
1cgl_A	1hy7_A
1cgl_A	1q3a_A
1cgl_A	1q3a_B
1cgl_A	2usn_A
1cgl_A	456c_A
1cgl_A	456c_B
1cgl_A	4dpe_A
1cgl_A	4dpe_A
1cgl_A	830c_A
1cgl_A	1cxv_A
1cgl_A	1hov_A
1cgl_A	3ljz_B
1cgl_A	3wv1_A
1cgl_A	830c_A
1cgl_A	1gkd_A
1cgl_A	1gkd_B
1cgl_A	2ow1_A
1cgl_A	4xct_A
1cgl_A	6esm_A
1cgl_A	1hv5_A
1cgl_A	1mnc_A
1cgl_A	1bzs_A
1cgl_A	1rm8_A
1cgl_A	1rm8_A
1cgl_A	2jsd_A
1cgl_A	2xs3_A
1cgl_A	2xs4_A
1cgl_A	2y6d_A
1cgl_A	1os2_B
1cgl_A	5l79_A
1cgl_A	1os2_C
1cgl_A	1utt_A
1cgl_A	1y93_A
1cgl_A	3lir_A
1cgl_A	3lka_A
1chm_B	1chm_B
1chm_B	1chm_A
1ci3_M	1ci3_M
1ci3_M	4pv1_C
1ci3_M	2zt9_C
1ci3_M	4i7z_C
1ci9_A	1ci9_A
1ci9_A	1ci9_B
1ci9_A	1ci9_A
1ci9_A	5zwr_A
1ci9_A	4p87_A
1ci9_A	7pp8_A
1ci9_A	4ivk_A
1ci9_A	7u1b_A
1cja_A	1cja_A
1ck7_A	1ck7_A
1ckm_A	1ckm_A
1ckm_A	1ckm_A
1ckm_A	1ckn_A
1ckm_A	4pz6_B
1ckm_A	1p16_B
1ckm_A	1p16_A
1ete_A	1ete_A
1ew6_A	1ew6_A
1ew6_A	1ewa_A
1ew6_A	1ewa_B
1ew6_A	1ewa_A
1ew6_A	2qfn_A
1ew6_A	3kun_A
1ew6_A	3lb2_A
1ew6_A	3lb3_A
1ew6_A	3lb4_A
1ew6_A	4fh6_A
1ew6_A	4ilz_A
1ew6_A	4jac_A
1ew6_A	4kmv_A
1ew6_A	5chq_A
1ew6_A	5chr_A
1ew6_A	5k1l_A
1ew6_A	5lk9_A
1ew6_A	5llz_B
1ew6_A	6cke_A
1ew6_A	6i6g_A
1ew6_A	6i7f_A
1ew6_A	6oo1_A
1ew6_A	6oo6_A
1ew6_A	6oo8_A
1ew6_A	6vd3_A
1ew6_A	6vdr_A
1ew6_A	6vdv_A
1ew6_A	7lzo_A
1ew6_A	7m1i_A
1ew6_A	7m1j_B
1ew6_A	7m1k_A
1ew6_A	7sje_A
1ew6_A	7sjf_A
1ew6_A	8dog_A
1ew6_A	8doi_A
1ew8_A	1ew8_A
1ew8_A	5c66_A
1ew8_A	3dpc_B
1ew8_A	1kh5_A
1ew8_A	1y6v_A
1ew8_A	5c66_A
1ewj_A	1ewj_A
1ewj_A	1ewj_B
1ewj_A	1ewj_A
1ewk_A	1ewk_A
1ewk_A	1ewk_B
1ewk_A	3mq4_A
1ewk_A	5kzn_A
1ewk_A	2e4x_B
1ewk_A	5fbh_B
1ewk_A	5fbk_A
1ewk_A	5x2o_C
1ewk_A	5x2p_B
1ewk_A	5x2m_B
1ewk_A	5x2n_B
1ewk_A	5x2q_D
1ex7_A	1ex7_A
1ex7_A	1gky_A
1ex7_A	1gky_A
1ex7_A	1lvg_A
1ex7_A	6mfu_A
1ex7_A	1znz_A
1ex7_A	1zny_A
1ex7_A	2anb_A
1ex7_A	2an9_A
1ex7_A	2f3r_A
1ex7_A	3lnc_A
1ex7_A	3tr0_A
1ex7_A	7s5e_D
1ex7_A	2qor_A
1exb_B	1exb_B
1exc_A	1exc_A
1exc_A	1ex2_A
1exd_A	1exd_A
1exd_A	1gts_A
1exd_A	1o0b_A
1exd_A	1o0c_A
1exd_A	2re8_A
1exd_A	4jyz_A
1exd_A	4h3s_A
1exd_A	5zdk_A
1exd_A	7wak_A
1exd_A	7waj_A
1exd_A	7wao_A
1exf_A	1exf_A
1exw_A	1exw_A
1exz_A	1exz_A
1exz_A	1scf_A
1exz_A	1scf_B
1ey2_A	1ey2_A
1ey2_A	3zds_C
1ey2_A	4aq6_D
1eys_B	1eys_B
1eys_B	1aij_A
1eys_B	1ds8_A
1eys_B	1dv3_A
1eys_B	1dv6_A
1eys_B	1e6d_A
1eys_B	1kby_A
1eys_B	1l9b_B
1eys_B	1ogv_A
1eys_B	1qov_A
1eys_B	1dxr_B
1eys_B	1prc_B
1eys_B	2prc_B
1eys_B	3prc_B
1eys_B	5prc_B
1eys_B	6prc_B
1eys_B	7oy8_H
1eyx_C	1eyx_C
1eyx_D	1eyx_D
3bos_A	3bos_A
3bos_A	3bos_B
3bos_A	3bos_B
3bpd_F	3bpd_F
3bpu_A	3bpu_A
3brf_A	3brf_A
3bs0_A	3bs0_A
3bs1_A	3bs1_A
3bs6_A	3bs6_A
3bsu_C	3bsu_C
3bts_A	3bts_A
3bts_A	3bts_B
3bts_B	3bts_B
3btx_A	3btx_A
3btx_A	8jnk_C
3btx_A	2iuw_A
3bu5_B	3bu5_B
3bus_A	3bus_A
3bus_A	4pne_A
3bus_A	5gm2_B
3bvc_A	3bvc_A
3bvc_A	2rg4_A
3bwl_A	3bwl_A
3bwn_F	3bwn_F
3bwn_F	3bwn_B
3bwn_F	2hox_B
3bwn_F	1lk9_B
3bwn_F	2hor_A
3bwn_F	2hox_C
3bwv_B	3bwv_B
3bwv_B	1z4i_A
3bwv_B	1z4j_A
3bwv_B	1z4k_A
3bwv_B	1z4l_A
3bwv_B	1z4m_A
3bwv_B	2jau_A
3bwv_B	2jaw_A
3bwv_B	4l6a_A
3bwv_B	2jao_A
3bwv_B	2i7d_A
3bwv_B	2jar_A
3bww_A	3bww_A
3bwx_A	3bwx_A
3bxf_A	3bxf_A
3bxf_A	2okg_B
3bxf_A	3bxg_B
3bxf_A	3bxh_B
3bxf_A	4l5j_A
3bxo_A	3bxo_A
3bxo_A	3bxo_B
3bxo_A	3pfg_A
3bxo_A	3pfh_A
3bxo_A	3pfh_A
3bxz_B	3bxz_B
3by6_C	3by6_C
3by9_A	3by9_A
3byn_A	3byn_A
3byn_A	2yfs_A
3byn_A	2yfr_A
3byn_A	6rv5_A
3byn_A	7fdz_A
3byn_A	3vss_A
3byn_A	6m0e_A
3byw_C	3byw_C
3bzn_A	3bzn_A
3c01_E	3c01_E
3c03_A	3c03_A
3c0o_A	3c0o_A
3c0r_A	3c0r_A
3c1y_A	3c1y_A
3c1y_A	3c23_A
3c1y_A	3c23_A
3c1y_A	4yvz_A
3c1y_A	4yxj_A
3c25_A	3c25_A
3c2f_A	3c2f_A
3c2f_A	3c2v_A
3c2f_A	3tqv_B
3c2f_A	1qap_B
3c2f_A	1qap_A
3c2f_A	5ayz_A
3c2f_A	4i9a_A
3c2f_A	4i9a_B
3c2f_A	4kww_A
3c2f_A	5ayz_B
3c2f_A	5ayz_A
3c2f_A	7xgl_A
3c2f_A	7xgm_A
3c2f_A	7xgn_A
3c2f_A	1qpq_A
3c2f_A	1qpq_B
3c2f_A	1qpr_A
3c2f_A	1qpr_B
3c2f_A	1qpr_A
3c3e_A	3c3e_A
3c3e_A	3c3d_A
3c3e_A	3c3e_A
3c3e_A	6uw5_B
3c3e_A	6uw3_A
3c3e_A	6uw3_B
3t5o_A	3t5o_A
3t6a_B	3t6a_B
3t6q_A	3t6q_A
3t6q_A	7mlm_A
3t6r_A	3t6r_A
3t7v_A	3t7v_A
3t7v_A	3iix_A
3t7v_A	7o1o_A
3t7v_A	4jyd_A
3t7v_A	4jye_A
3t7v_A	5fep_A
3t7v_A	5fex_A
3t7v_A	5fez_A
3t7v_A	5ff3_A
3t7v_A	5ff4_A
3t7v_A	7o25_A
3t7v_A	8qmk_A
3t81_A	3t81_A
3t81_A	3nqb_A
3t91_B	3t91_B
3t91_B	3t9q_B
3t92_A	3t92_A
3t9o_B	3t9o_B
3tav_A	3tav_A
3tb3_B	3tb3_B
3tb3_B	3rii_A
3tb3_B	4ig7_A
3tb3_B	1xd3_A
3tb3_B	7yv4_A
3tb3_B	6isu_A
3tb4_A	3tb4_A
3tb4_A	1nf8_A
3tb4_A	1nf8_A
3tbd_A	3tbd_A
3tbm_A	3tbm_A
3td7_A	3td7_A
3td7_A	3td7_A
3te4_A	3te4_A
3te4_A	5gi6_A
3te4_A	5gi7_A
3te4_A	6k80_A
3tf9_B	3tf9_B
3tf9_B	3l6j_A
3tf9_B	5ixv_A
3tf9_B	5ixw_A
3tf9_B	6dxi_A
3tfc_A	3tfc_A
3tfc_A	5j6f_A
3tfy_B	3tfy_B
3tgn_B	3tgn_B
3tho_A	3tho_A
3tho_A	3qf7_A
3tho_A	3auy_A
3tho_A	4ncj_D
3tho_A	3qkt_A
3tho_A	5da9_A
3tho_A	5da9_B
3tho_A	5da9_A
3tho_A	5dac_B
3tho_A	5dac_A
3tho_A	5h68_B
3tho_A	1w1w_A
3tho_A	1w1w_B
3tho_A	7q2x_B
3tho_A	7q2x_A
3thy_A	3thy_A
3thy_A	8ag6_A
3tj7_C	3tj7_C
3tj9_A	3tj9_A
3tjm_A	3tjm_A
3tjm_A	2px6_A
3tjm_A	2px6_B
3tjm_A	4z49_A
3wie_A	3wie_A
3wie_A	3wie_C
3wie_A	3wie_A
3wie_A	2cd9_A
3wie_A	2cda_B
3wie_A	2cda_A
3wie_A	2cdb_A
3wie_A	2cdc_A
3wip_B	3wip_B
3wip_B	1uv6_C
3wip_B	3u8l_A
3wip_B	3u8l_B
3wip_B	4xhe_B
3wip_B	4dbm_B
3wip_B	2byp_D
3wip_B	4dbm_C
3wip_B	2byp_E
3wip_B	2pgz_A
3wip_B	2ph9_C
3wip_B	2xyt_B
3wip_B	2xz5_A
3wip_B	2ymd_A
3wip_B	2yme_A
3wip_B	4bqt_B
3wip_B	4ez1_C
3wip_B	5ain_D
3wip_B	5ain_E
3wip_B	5ain_B
3wip_B	5o87_B
3wip_B	5oan_C
3wip_B	5obg_E
3wip_B	5obh_A
3wip_B	6qkk_B
3wiq_A	3wiq_A
3wiq_A	3wir_A
3wiq_A	8iuc_A
3wiq_A	7fe4_A
3wiq_A	4ktp_A
3wiq_A	4ktp_B
3wiq_A	4ktr_A
3wis_A	3wis_A
3wix_B	3wix_B
3wix_B	3wix_A
3wmp_D	3wmp_D
3wmw_B	3wmw_B
3wmw_B	2yy7_A
3wmw_B	2yy7_A
3wmw_B	3a9w_B
3wmw_B	4yr9_B
3wmw_B	5y1e_A
3wmw_B	5y1g_A
3wmw_B	6jyg_D
3wmw_B	5k4w_C
3wmw_B	5k50_C
3wmw_B	5lc1_A
3wmw_B	5lc1_B
3wnc_A	3wnc_A
3wnc_A	3wnb_A
6oax_A	6oax_A
6oax_A	8xon_O
6ob5_D	6ob5_D
6ob5_D	2qyj_A
6ob5_D	5cbn_A
6ob5_D	5oyj_B
6ob5_D	7z7c_A
6oby_A	6oby_A
6oby_A	3kb1_A
6oby_A	3kb1_B
6oby_A	3kb1_A
6oby_A	5auo_B
6oby_A	5aun_B
6oby_A	6g2g_B
6oec_L	6oec_L
6of2_B	6of2_B
6ofb_A	6ofb_A
6ofr_A	6ofr_A
6oh3_A	6oh3_A
6oh3_A	6i1r_B
6oha_A	6oha_A
6oha_A	6oh9_A
6oha_A	2i9u_A
6oha_A	4aql_A
6oha_A	2ood_A
6ohh_B	6ohh_B
6oid_A	6oid_A
6ojb_A	6ojb_A
6ok1_B	6ok1_B
6okh_A	6okh_A
6om5_A	6om5_A
6om5_A	8glo_A
6omp_A	6omp_A
6on1_A	6on1_A
6on1_A	6on3_B
6on2_E	6on2_E
6on2_E	7p09_B
3vdm_B	3vdm_B
3vdm_B	3t7d_B
3vdm_B	3t5t_B
3vdm_B	3vdn_B
3vdm_B	4f97_A
3vdm_B	4f97_A
3vdm_B	4f9f_A
3t8b_A	3t8b_A
3t8b_A	2vsu_D
3t8b_A	2vss_F
3t8b_A	2j5i_J
3t8b_A	2vss_E
3t8b_A	6p5u_E
3t8b_A	7xwt_B
3tpe_A	3tpe_A
3tpe_A	3hzi_A
3tpe_A	3tpt_B
3tpe_A	3dnt_B
3tpe_A	3hzi_A
3tpe_A	3tpt_B
3tpe_A	3tpv_B
3tpe_A	4pu5_A
3u2u_A	3u2u_A
3u2u_A	6eqj_A
3u2u_A	1zdf_A
3u2u_A	1zdf_A
3u2u_A	3rmw_A
3u2u_A	3rmw_A
3u2u_A	3t7m_A
3u2u_A	3t7o_A
3u2u_A	3u2w_A
3u2u_A	3u2x_A
3ugk_A	3ugk_A
3ugk_A	3uh1_A
3ugk_A	2qrj_A
3ugk_A	2qrk_A
3ugk_A	3uh1_A
3ugk_A	3uha_A
3ugk_A	8e8v_B
3upp_A	3upp_A
3upp_A	3lo7_A
3upp_A	3upn_B
3upp_A	3upo_A
3upp_A	3upp_A
3upp_A	4r1g_B
3upp_A	4qjg_A
3upp_A	4r0q_A
3upp_A	7kis_A
3upp_A	6tix_BBB
3upp_A	6g9f_A
3v66_A	3v66_A
3v66_A	3vjb_D
3v66_A	1ezf_A
3v66_A	3q30_A
3v66_A	3vj9_A
3v66_A	3vjc_A
3v66_A	3wcd_A
3v66_A	3wei_A
3v66_A	3wej_A
3v66_A	3wca_A
3v66_A	3wsb_C
3v66_A	3wsb_A
3v66_A	7wgi_A
3v66_A	7wgh_A
3ve7_A	3ve7_A
3ve7_A	3ve9_A
3ve7_A	3ve7_B
3ve7_A	3ve9_B
3ve7_A	2cze_A
3ve7_A	2czd_A
3ve7_A	2cze_B
3ve7_A	2czd_B
3ve7_A	2czf_A
3ve7_A	2czf_B
3ve7_A	4dbe_A
3ve7_A	1dvj_A
3ve7_A	1dvj_A
3ve7_A	1kly_A
3ve7_A	1klz_A
3ve7_A	1km1_A
3ve7_A	1km1_B
3ve7_A	1km2_A
3ve7_A	1km3_A
3ve7_A	1km4_A
3ve7_A	1km5_A
3ve7_A	1km6_A
3ve7_A	1km6_A
3ve7_A	1lol_A
3ve7_A	1lol_B
3ve7_A	1lol_B
3ve7_A	1loq_A
3ve7_A	1lor_A
3ve7_A	1los_A
3ve7_A	1los_B
3ve7_A	1lp6_B
3ve7_A	2zz1_A
3ve7_A	3g1d_A
3ve7_A	3g1x_A
3ve7_A	3li0_A
3ve7_A	3p5z_A
3ve7_A	3sec_A
3ve7_A	3ssj_A
3ve7_A	3sw6_A
3ve7_A	3thq_A
3ve7_A	4fx6_N
3ve7_A	4nt0_A
3ve7_A	4nuw_A
3ve7_A	4o8r_C
7psj_A	7psj_A
7psj_A	8oht_AAA
7psj_A	3vo0_A
7psj_A	7psi_A
7psj_A	8b0d_AAA
7psj_A	8b0e_AAA
7psj_A	8ogx_A
7psj_A	8ohv_AAA
3w34_A	3w34_A
3w34_A	3asy_A
3w34_A	3w34_A
3w34_A	3w8r_A
3w34_A	1uj2_A
3w34_A	1udw_B
3w34_A	1uei_B
3w34_A	1xrj_B
3w7s_B	3w7s_B
3w7s_B	5gw7_B
3w7s_B	3w7s_A
3w7s_B	3w7t_A
3w7s_B	3w7u_A
3w7s_B	5gw7_B
3wbf_A	3wbf_A
3wbf_A	3wb9_C
3wbf_A	3wbb_C
3wbf_A	3wbf_A
3wbf_A	1dap_B
3wbf_A	5loc_A
3wbf_A	1dap_B
3wbf_A	1dap_A
3wbf_A	1dap_B
3wbf_A	1f06_A
3wbf_A	2dap_A
3wbf_A	3dap_A
3wbf_A	3dap_B
3wbf_A	3wyc_B
3wbf_A	3wgy_B
3wbf_A	3wgz_B
3wbf_A	3wyc_A
3wdu_C	3wdu_C
3wdu_C	3wdw_A
3wdu_C	2cl2_A
3wdu_C	2w39_A
3wdu_C	2wne_A
3wqm_A	3wqm_A
3wqm_A	4cmw_B
3wqm_A	3wql_B
3wqm_A	3wqm_A
3wqm_A	3wqm_A
3wqm_A	4cmx_A
3wur_A	3wur_A
3wur_A	3vjz_A
3wur_A	3wur_B
1bo4_B	1bo4_B
1bow_A	1bow_A
1bp1_A	1bp1_A
1brw_A	1brw_A
1brw_A	1brw_B
1brw_A	1brw_A
1brw_A	1brw_B
1brw_A	5oln_B
1brw_A	2wk6_A
1brw_A	1uou_A
1brw_A	2j0f_A
1brw_A	5ey3_A
1brw_A	4ead_A
1brw_A	4lhm_A
1brw_A	4yek_A
1brw_A	4yek_A
1brw_A	4yyy_B
1brw_A	4ga6_A
1btc_A	1btc_A
1btc_A	1byb_A
1btc_A	1bfn_A
1btc_A	2xff_A
1btc_A	2xfy_A
1btc_A	2xg9_A
1btc_A	6f9j_A
1btc_A	1fa2_A
1btn_A	1btn_A
1bug_A	1bug_A
1bug_A	4z10_A
1bug_A	4z0y_B
1bug_A	4z10_C
1bug_A	4z0y_D
1bug_A	4z10_F
1bug_A	8bbq_A
1bvv_A	1bvv_A
1bvv_A	1c5i_A
1bvv_A	1c5i_A
1bvv_A	5tzo_A
1bvv_A	1f5j_B
1bvv_A	1h4g_B
1bvv_A	1h4g_A
1bvv_A	1h4h_B
1bvv_A	1qh6_A
1bvv_A	1red_A
1bvv_A	1ree_A
1bvv_A	1ref_A
1bvv_A	1xnk_A
1bvv_A	2dfb_A
1bvv_A	3lgr_A
1bvv_A	5jrn_A
1bvv_A	7mgu_A
1bvv_A	3wp6_A
1bvv_A	7dfo_B
1bvv_A	7dfn_A
1bw9_A	1bw9_A
1bw9_A	1bxg_A
1bw9_A	1bxg_B
1bw9_A	1bxg_A
1bw9_A	1c1d_A
1bw9_A	1c1d_A
1bw9_A	1c1x_A
1bw9_A	1c1x_A
1bwn_A	1bwn_A
1bwn_A	2z0p_B
1bwn_A	4y94_A
1bwn_A	6tse_A
1d7c_A	1d7c_A
1d7c_A	1d7c_B
1d7c_A	1d7d_A
1d7c_A	1d7d_B
1d7c_A	4qi3_A
1d8d_C	1d8d_C
1d8h_A	1d8h_A
1d8t_B	1d8t_B
1dbg_A	1dbg_A
1dbg_A	1dbg_A
1dbg_A	1dbo_A
1dbg_A	1dbo_A
1dbg_A	1ofl_A
1dcp_A	1dcp_A
1dd1_B	1dd1_B
1dd4_A	1dd4_A
1dd4_A	1dd4_B
1dd4_A	1dd4_A
1dd4_C	1dd4_C
1dd4_C	1dd4_D
1ddg_A	1ddg_A
1ddg_A	1f20_A
1ddz_A	1ddz_A
1de5_A	1de5_A
1de5_A	1de5_B
1de5_A	1de5_C
1de5_A	1de5_D
1de5_A	1de5_A
1de5_A	1de6_A
1de5_A	1de6_B
1de5_A	1de6_C
1de5_A	1de6_D
1de5_A	1de6_A
1de5_A	8jq5_B
1de5_A	8jq4_D
1de5_A	8jq5_A
1de5_A	8jq6_D
1dek_A	1dek_A
1dek_A	1dek_B
1dek_A	1dek_A
1dek_A	1del_B
1dfm_A	1dfm_A
1dfm_A	1d2i_A
1dgr_N	1dgr_N
1dii_A	1dii_A
1dii_A	1dii_B
1dii_A	1diq_A
1dii_A	1e8g_A
1dii_A	1e8g_B
1dii_A	1e8h_B
1dii_A	1e8h_A
1dii_A	1qlt_A
1dii_A	1qlt_B
1dii_A	1qlu_A
1dii_A	1qlu_B
1dii_A	1vao_A
1dii_A	1vao_B
1dii_A	2vao_A
1dii_A	5fxe_A
1dii_A	5fxp_A
1dii_A	7ywu_A
1dii_A	7ywv_B
1dii_A	8bap_A
1igr_A	1igr_A
1iht_B	1iht_B
1ii0_B	1ii0_B
1ii0_B	1f48_A
1ii0_B	1f48_A
1ii0_B	1ii0_A
1ii0_B	1ihu_A
1ii0_B	1ihu_A
1ii0_B	1ii9_B
1ii7_A	1ii7_A
1ii7_A	1ii7_B
1ii7_A	1ii7_A
1iid_B	1iid_B
1ije_B	1ije_B
1ikt_A	1ikt_A
1ikt_A	1ikt_A
1ikt_A	4jgx_B
1nkt_A	1nkt_A
1nkt_A	2fsg_B
1nkt_A	2fsg_A
1nkt_A	2fsh_B
1nkt_A	4ys0_A
1nkt_A	6t4h_A
1nl2_A	1nl2_A
1nlf_B	1nlf_B
1nlt_A	1nlt_A
1nly_A	1nly_A
1nly_A	1g6o_B
1nm6_B	1nm6_B
1nmp_A	1nmp_A
1nmp_A	1nmo_A
1nmp_A	3wsf_A
1nmp_A	3wse_A
1nnf_A	1nnf_A
1nnf_A	1d9v_A
1nnf_A	1xvx_A
1nnf_A	2pt2_A
1nnf_A	6g7n_A
1nnf_A	1si0_A
1nnf_A	2ows_A
1nnf_A	4elq_A
1nnf_A	3wae_A
1nnf_A	4elr_A
1nnq_A	1nnq_A
1nnq_A	3mps_A
1nnq_A	3mps_F
1nnq_A	1lkp_A
1nnq_A	1b71_A
1nnq_A	1yux_B
1no5_B	1no5_B
1np0_A	1np0_A
1np0_B	1np0_B
1np0_D	1np0_D
1np0_D	1np0_C
1np6_B	1np6_B
1np8_A	1np8_A
1np8_A	4wq3_B
1np8_A	6qlb_C
1np8_A	1nx3_A
1np8_A	2i7a_A
1npi_A	1npi_A
1nq1_A	1nq1_A
1nq1_A	1nav_A
1nq1_A	1nq0_A
1nq1_A	1nq2_A
1nq1_A	1ie9_A
1nq1_A	1db1_A
1nq1_A	1ie8_A
1nq1_A	2hb7_A
1nq1_A	3w0i_A
1nq1_A	3w0j_A
1nq1_A	4g1d_A
1nq1_A	7qpi_A
1nq1_A	6hl0_A
1nq1_A	4oiv_A
1nq1_A	1osh_A
1nq1_A	1osv_A
1nq1_A	3bej_A
1nq1_A	4wvd_A
1nq1_A	5wzx_A
1nq1_A	6hl1_A
1nq1_A	1xnx_B
1nq1_A	1xv9_B
1nq1_A	6p2b_A
1nq1_A	3r8d_A
1nq1_A	7axj_A
1nq1_A	1skx_A
1nq1_A	6bns_A
1nq1_A	6hj2_A
1nq1_A	7axg_A
1nq1_A	6tfi_B
1nq1_A	1m13_A
1nq1_A	1nrl_A
1nq1_A	2o9i_A
1nq1_A	3hvl_A
1nq1_A	6xp9_A
1nq1_A	7axl_A
1nq1_A	8f5y_A
1nq1_A	7axc_A
1nq1_A	7axh_A
1nq1_A	4kzi_A
1vbg_A	1vbg_A
1vbg_A	1kc7_A
1vbg_A	1kc7_A
1vbg_A	5lu4_A
1vbt_B	1vbt_B
1vc9_A	1vc9_A
1vc9_A	1vc8_A
1vc9_A	3i7v_B
1vc9_A	3i7v_A
1vce_A	1vce_A
1vce_A	2pcm_A
1vce_A	2pcm_B
1vcf_A	1vcf_A
1vcf_A	3dh7_B
1vcf_A	3dh7_B
1vcf_A	1p0n_A
1vcf_A	4n02_A
1vcf_A	2zrw_A
1vcf_A	2zrx_A
1vcf_A	2zry_A
1vcf_A	2zrz_C
1vcf_A	3b04_D
1vcl_A	1vcl_A
1vcl_A	2z49_A
1vcl_A	3w9t_A
1vcl_A	3w9t_B
1vcn_A	1vcn_A
1vcn_A	2ad5_B
1vcn_A	2ad5_A
1vcn_A	8fv6_AAA
1vcn_A	8i9o_A
1vcn_A	7mgz_F
1vcn_A	7dpt_A
1vcn_A	7mh1_H
1vcn_A	7rkh_A
1ve0_A	1ve0_A
1ve3_A	1ve3_A
1ve3_A	1ve3_B
1vhn_A	1vhn_A
1vhn_A	3b0u_X
1vhn_A	4yco_A
1vhn_A	4bf9_A
1vj7_B	1vj7_B
1vj7_B	1vj7_A
1vj7_B	6s2u_A
1vj7_B	7oiw_A
1vk9_A	1vk9_A
1vko_A	1vko_A
1vko_A	1jki_A
1vko_A	1jkf_A
1vko_A	1jkf_B
1vko_A	1jki_B
1vko_A	1jki_A
1vko_A	1p1h_C
1vko_A	1p1i_A
1vko_A	1p1j_A
1vko_A	1p1j_B
1vko_A	1p1j_A
1vko_A	1p1k_A
1vko_A	1p1k_B
1vko_A	1rm0_A
1vli_A	1vli_A
1vli_A	3g8r_B
1vli_A	4ipi_A
1vli_A	1xuz_A
1vli_A	2wqp_A
1vli_A	6ppw_A
1vli_A	6ppz_A
1vnc_A	1vnc_A
1vnc_A	1vns_A
1vnc_A	3bb0_A
1vpm_B	1vpm_B
1vpm_B	1vpm_C
1vpm_B	1y7u_A
1vpm_B	1y7u_A
1vpm_B	4ien_A
1vpm_B	4ien_B
1vpm_B	4ien_A
1vpm_B	5egl_A
1vpm_B	5egj_A
1vpm_B	1yli_B
1vpm_B	1yli_A
1vpm_B	1yli_B
1vpm_B	2v1o_D
1vpm_B	2v1o_A
1vpy_A	1vpy_A
1vq2_A	1vq2_A
1vqw_A	1vqw_A
1vqw_A	2gv8_B
1vqw_A	2gv8_A
1vqw_A	2xlr_C
1vqw_A	2xlu_A
1vqw_A	2xvf_A
1vqw_A	2xvj_A
1vqw_A	5gsn_A
1vqw_A	6sek_A
1vqw_A	6se3_A
1vqw_A	6sem_B
1vr0_A	1vr0_A
1vr0_A	2z0j_A
1vr8_A	1vr8_A
1vrb_D	1vrb_D
1vrb_D	7zcc_B
3hb1_A	3hb1_A
3hb1_A	3hb0_A
3hbn_A	3hbn_A
3hbz_A	3hbz_A
3hc1_A	3hc1_A
3hci_B	3hci_B
3hci_B	3hci_A
3hee_A	3hee_A
3hee_A	3ph3_A
3hee_A	3ph4_A
3hee_A	4lfl_B
3hee_A	4lfm_B
3hee_A	4lfn_B
3hee_A	1usl_C
3hee_A	2bes_C
3hee_A	2vvp_C
3hee_A	4lfl_A
3hee_A	4lfm_A
3hee_A	4lfn_A
3hf6_A	3hf6_A
3hf6_A	3e2t_A
3hf6_A	4v06_A
3hf6_A	1mmk_A
3hf6_A	1kw0_A
3hf6_A	1mmk_A
3hf6_A	1tg2_A
3hf6_A	4pah_A
3hf6_A	5pah_A
3hf6_A	5pah_A
3hf6_A	6pah_A
3hf6_A	2toh_A
3hf6_A	2xsn_D
3hft_A	3hft_A
3hfu_B	3hfu_B
3hgm_A	3hgm_A
3hgm_A	3hgm_B
3hgm_A	3hgm_A
3hgm_A	2z09_A
3hgm_A	1wjg_A
3hgm_A	2z08_A
3hgm_A	2z09_A
3hgm_A	3s3t_B
3hgm_A	3s3t_A
3hgm_A	3s3t_A
3hgx_A	3hgx_A
3hgx_A	2h9c_A
3hgx_A	2h9d_D
3hgx_A	3hgx_B
3hgy_A	3hgy_A
3hgy_A	2qco_A
3hia_C	3hia_C
3hia_C	3hia_A
3hia_C	3hia_B
3hii_B	3hii_B
3hii_B	3hi7_A
3hii_B	3hig_A
3hii_B	3hii_A
3hii_B	3hii_A
3hii_B	2pnc_A
3hii_B	2pnc_A
3hii_B	2y73_A
3hii_B	2y74_A
3hii_B	2y74_B
3hii_B	3pgb_A
3hii_B	1w7c_A
3hii_B	1rky_A
3hiy_A	3hiy_A
3hiy_A	3hiy_A
3hiy_A	3hj1_B
3hj9_A	3hj9_A
3hj9_A	3hj9_B
3hj9_A	3hj9_A
3hk9_A	3hk9_A
3hk9_A	2qee_E
3hk9_A	3hk7_A
3hkv_A	3hkv_A
3hlg_A	3hlg_A
3hlg_A	3hlf_A
3hly_B	3hly_B
3hm2_G	3hm2_G
3hm2_G	3njr_A
3hml_B	3hml_B
3hml_B	1otw_A
3hnm_A	3hnm_A
3ho6_A	3ho6_A
3lla_A	3lla_A
3lla_A	5e9e_B
3lla_A	3lla_A
3lla_A	3pdt_A
3lla_A	4zme_A
3lla_A	5dyj_A
3llk_A	3llk_A
3llm_A	3llm_A
3lm4_C	3lm4_C
3lm4_C	3lm4_D
3lm4_C	7q2a_B
3lm4_C	3hpy_B
3lm4_C	1mpy_A
3lm4_C	5zsx_A
3lm4_C	5znh_A
3lm4_C	4z6o_B
3lm4_C	1f1v_A
3lm4_C	1f1v_B
3lm4_C	1f1x_A
3lm4_C	1q0c_A
3lm4_C	1q0c_B
3lm4_C	1q0c_C
3lm4_C	1q0c_D
3lm4_C	1q0o_A
3lm4_C	2iga_C
3lm4_C	3bza_A
3lm4_C	3ojj_B
3lm4_C	3ojk_D
3lm4_C	4ghc_C
3lm4_C	4z6o_D
3lmc_A	3lmc_A
3lmm_D	3lmm_D
3lmw_A	3lmw_A
3lmw_A	1h80_A
3lmw_A	1ktw_A
3lnb_A	3lnb_A
3lnb_A	3lnb_A
3lnb_A	4dmo_A
3lnn_A	3lnn_A
3lo1_A	3lo1_A
3lop_A	3lop_A
3loq_A	3loq_A
3lor_B	3lor_B
3lpr_B	3lpr_B
3lq3_A	3lq3_A
3lq3_A	8bi6_A
3lq3_A	7nb3_A
3lq3_A	2ckq_B
3lq3_A	2ckq_B
3lq3_A	4da5_B
3lq3_A	1nw1_A
3lq3_A	6yxs_A
3lq3_A	3c5i_D
3lq3_A	3fi8_A
3lq3_A	3fi8_A
3lq3_A	6yxt_A
3lq3_A	3mes_A
3lq3_A	3mes_B
3lqc_A	3lqc_A
3lqi_C	3lqi_C
3lqv_B	3lqv_B
3lrq_D	3lrq_D
3ls1_A	3ls1_A
3ls8_A	3ls8_A
3lsj_A	3lsj_A
3ltl_A	3ltl_A
3ltl_A	4l5m_A
3ltl_A	4jmi_A
3ltl_A	1r8q_E
3ltl_A	1r8s_E
3ltl_A	1s9d_B
3ltl_A	4jxh_A
3ltl_A	1re0_B
3lub_F	3lub_F
3lub_F	3a6d_A
3lub_F	1q3k_A
3lub_F	1v7z_A
3lub_F	3a6k_A
3luf_B	3luf_B
3luu_A	3luu_A
3lw7_B	3lw7_B
3lwa_A	3lwa_A
3lxf_A	3lxf_A
3lxf_A	4jws_C
3lxf_A	1e6e_B
3lxf_A	8bq5_O
3lxf_A	8bef_O
3lxv_A	3lxv_A
3lxv_A	3mfl_A
3lxv_A	3pcb_F
3lxv_A	3pce_C
3lxv_A	3pcf_A
3lxv_A	3pcg_C
3lxv_A	3pch_A
3lxv_A	3pci_A
3lxv_A	3pcl_A
3lxv_A	3pcm_F
3lxv_A	4who_A
3lxv_A	4whq_A
3lxv_A	4whr_A
3lxv_A	4whs_C
3lxv_A	1eob_A
3lxv_A	2buq_A
3lxv_A	2buu_A
3lxv_A	2buy_A
3lxv_A	4whq_B
3lxv_A	3pcb_M
3lxv_A	3pcc_A
3lxv_A	3pcc_B
3lxv_A	3pce_M
3lxv_A	3pcf_M
3lxv_A	3pcg_M
3lxv_A	3pch_M
3lxv_A	3pci_M
3lxv_A	3pcj_M
3lxv_A	3pck_M
3lxv_A	4whq_F
3lxv_A	4whr_B
3lxv_A	1eo9_B
3lxv_A	1eoa_B
3lxv_A	1eob_B
3lxv_A	2buy_B
3lxv_A	1eo2_B
3lxv_A	3mv4_M
3lxv_A	3mfl_M
3lyb_B	3lyb_B
3zxk_B	3zxk_B
3zxk_B	3zxk_A
3zxs_A	3zxs_A
3zxs_A	3zxs_A
3zxs_A	4dja_A
3zxs_A	8a1h_A
3zyp_A	3zyp_A
3zzr_A	3zzr_A
4a0g_D	4a0g_D
4a0g_D	4a0g_A
4a0g_D	4a0h_A
4a0g_D	4a0r_A
4a0g_D	4a0r_B
4a0g_D	4a0r_A
4a0t_A	4a0t_A
4a0t_A	4a0u_B
4a0z_B	4a0z_B
4a0z_A	4a0z_A
4a0z_A	4a0x_A
4a0z_A	4a0z_A
4a15_A	4a15_A
4a15_A	3crv_A
4a38_A	4a38_A
4a38_A	4a39_A
4a38_A	4a39_A
4a38_A	3l2n_A
4a38_A	4b6z_B
4a3n_A	4a3n_A
4a42_A	4a42_A
4a48_A	4a48_A
4a48_A	2xmw_A
4a48_A	4a48_B
4a48_A	3dxs_X
4a48_A	5t7l_B
4a48_A	3cjk_B
4a48_A	6ff2_A
4a62_B	4a62_B
4a69_C	4a69_C
4a6a_E	4a6a_E
4a6a_E	2qxx_A
4a6a_E	4a6a_A
4a6a_E	1xs1_A
4a6a_E	1xs4_A
4a6a_E	2j4h_A
4a6a_E	2j4q_A
4a6a_E	2j4q_A
4a6a_E	2hxd_A
4a6a_E	1pkj_B
4a6a_E	1pkk_B
4a6a_E	2hxd_A
4a6a_E	3gf0_A
4a6f_B	4a6f_B
4a6f_B	4a6k_C
4a6f_B	3nsu_A
4a6f_B	4a6k_A
4a6o_A	4a6o_A
4a7y_A	4a7y_A
4a7y_A	4a7y_A
4a7y_A	4a7z_A
4a91_A	4a91_A
4a9v_A	4a9v_A
4a9v_A	4a9x_A
4a9v_A	4alf_A
4aah_B	4aah_B
4aah_B	1g72_B
4aah_B	1g72_D
4aah_B	4aah_D
4aah_B	1h4i_D
4aah_B	1lrw_D
4aah_B	1lrw_B
4aah_B	1w6s_D
4aah_B	1h4i_B
4abk_A	4abk_A
4abk_A	3v2b_A
4abk_A	5qhu_A
4abk_A	5qhv_A
4abk_A	5qhw_A
4abk_A	5qhx_A
4abk_A	5qhy_A
4abk_A	5qhz_A
4abk_A	5qi3_A
4abk_A	5qi4_A
4abk_A	5qi7_A
4abk_A	5qi8_A
4abk_A	5qi9_A
4abk_A	5qia_A
4abt_A	4abt_A
4abt_A	1fiu_A
4ac1_X	4ac1_X
4ad9_A	4ad9_A
4adg_C	4adg_C
4af1_A	4af1_A
4afh_B	4afh_B
4afh_B	4afg_A
4afh_B	4afh_C
4afh_B	4afh_A
4afp_A	4afp_A
4ag4_A	4ag4_A
4ag5_B	4ag5_B
4ag5_A	4ag5_A
4ag5_A	4ag5_A
4agi_A	4agi_A
4agi_A	4agt_A
4agi_A	4c1y_A
4agi_A	4d4u_A
4agi_A	4d52_A
4agi_A	4d52_B
4ags_A	4ags_A
4ak2_A	4ak2_A
4am9_A	4am9_A
4am9_A	3wxx_G
4am9_A	7b1u_B
4amp_A	4amp_A
4amq_A	4amq_A
4amq_A	4xul_A
4amq_A	4ams_A
4amq_A	4xul_A
4anj_A	4anj_A
4ao7_A	4ao7_A
4aov_A	4aov_A
4aov_A	2qfv_B
4aov_A	2qfv_A
4aov_A	4hcx_A
4aov_A	5yfn_A
4aov_A	6bkz_A
4aov_A	6bkx_A
4aov_A	6bkz_B
4aov_A	6bkx_B
4aov_A	4l03_C
4aov_A	5yzi_A
4aov_A	6bky_A
4aov_A	6vei_A
4aov_A	4umy_A
4aov_A	6adi_A
4aov_A	1lwd_A
4aov_A	1lwd_B
4aov_A	4ja8_A
4aov_A	4ja8_B
4aov_A	6ajb_D
4aov_A	6ixn_C
4aov_A	6ixl_C
4aov_A	6ixn_D
4aov_A	6ixl_D
4aov_A	6ixn_A
4apm_A	4apm_A
4aq1_A	4aq1_A
4ar9_A	4ar9_A
4are_A	4are_A
4arr_A	4arr_A
4arr_A	4arn_B
4arx_A	4arx_A
4arx_A	4ary_B
4as2_A	4as2_A
4at0_A	4at0_A
4at0_A	4at0_A
4at0_A	4at2_A
4at0_A	6t87_A
4at0_A	6t85_A
4at0_A	5zyn_B
4at0_A	8am6_AAA
4at0_A	8joj_A
4at0_A	4c3x_A
4at0_A	4c3x_A
4at0_A	4c3x_D
4at0_A	8jbz_AAA
4at0_A	8kcz_A
4at8_A	4at8_A
4at8_A	4at8_A
4at8_A	4at9_A
4au7_B	4au7_B
4av3_B	4av3_B
4av3_B	6afs_A
4av3_B	4a01_A
4avx_A	4avx_A
4aw7_A	4aw7_A
4aw7_A	5ta0_A
4aw7_A	5ta1_A
4awn_A	4awn_A
4awn_A	2a3z_B
4awn_A	7kiu_A
4awt_A	4awt_A
4awt_A	2g5w_A
4awt_A	8aub_A
4awt_A	3hgo_A
4awt_A	8aue_A
4awt_A	8aun_A
4awt_A	3atz_A
4awt_A	4e2b_A
4awt_A	4a3u_A
4awt_A	4b5n_A
4awt_A	1gvr_A
4awt_A	1gvo_A
4awt_A	1gvq_A
4awt_A	1gvs_A
4awt_A	1h50_A
4awt_A	1h60_A
4awt_A	1h61_A
4awt_A	1h62_A
4awt_A	1h63_A
4awt_A	3p62_A
4awt_A	1gwj_A
4awt_A	3tjl_A
4awt_A	4jiq_A
4awt_A	1bwk_A
4awt_A	1oya_A
4awt_A	1oyb_A
4awt_A	1oyc_A
4awt_A	4tmb_A
4awt_A	3gka_A
4awt_A	3kru_B
4awt_A	3kru_A
4awt_A	1z41_B
4awt_A	1z41_A
4awt_A	3gr8_A
4awt_A	3hf3_B
4awt_A	3hf3_A
4awt_A	8auh_A
4awt_A	2h8x_A
4awt_A	4uth_A
4awt_A	5cpm_A
4awt_A	5cpm_B
4awt_A	8au9_B
4awt_A	8auf_A
4awt_A	4qnw_A
4awt_A	1icp_A
4awt_A	1icq_A
4awt_A	1ics_A
4awt_A	1vji_A
4awt_A	3hgr_A
4axd_A	4axd_A
4axd_A	6fl3_B
4axd_A	6fl8_A
4axd_A	2xam_B
4axd_A	4aqk_A
4axd_A	6fl3_A
4axd_A	6gfh_A
4axd_A	6gfg_A
4axd_A	5mwm_A
4axd_A	5mw8_A
4axd_A	5xu6_C
4axn_A	4axn_A
4axn_A	3n18_A
4axn_A	3n1a_A
4axn_A	3n1a_A
4axn_A	5kz6_A
4axn_A	4tx8_A
4axv_A	4axv_A
4ay8_A	4ay8_A
4ayc_A	4ayc_A
4ayl_A	4ayl_A
4ayl_A	4ayj_B
4azh_A	4azh_A
4azh_A	2yll_A
4azh_A	2yl6_A
4azh_A	2yl8_A
4azh_A	4az6_A
4azh_A	4az7_A
4azw_A	4azw_A
4azw_A	4azw_A
4azw_A	4ax8_A
4azw_A	4azs_A
4azw_A	4azt_A
4b0a_A	4b0a_A
4b17_A	4b17_A
4b1m_A	4b1m_A
4b1u_M	4b1u_M
4b21_A	4b21_A
4b2n_A	4b2n_A
4b46_A	4b46_A
4b46_A	4b45_A
4b46_A	4b45_A
4b46_A	3zid_A
4b46_A	3zid_A
4b48_A	4b48_A
4b4o_A	4b4o_A
4b4o_A	4b4o_A
4bl6_C	4bl6_C
4blo_B	4blo_B
4blo_B	4blo_L
4blr_C	4blr_C
4blr_C	4blt_A
4blr_C	4bls_A
4blr_C	1w44_A
4blr_C	2vht_A
4blr_C	4bls_B
4blv_A	4blv_A
4blv_A	4blv_A
4blv_A	4blw_A
4blv_A	6qe0_A
4blv_A	7p8q_A
4blv_A	7p9o_A
4bn7_A	4bn7_A
4bn7_A	2ifa_A
4bn7_A	2ifa_B
4bn7_A	8cqv_A
4bnd_B	4bnd_B
4bnd_B	6i5x_B
4bnd_B	2amy_A
4bnd_B	7o4g_A
4bnd_B	2fue_A
4bnd_B	6cfv_A
4bnd_B	6cfs_A
4bnd_B	6cfv_A
4bnd_B	2i55_B
4boe_A	4boe_A
4boe_A	4boe_A
4bp3_A	4bp3_A
4bp3_A	3rie_A
4bp3_A	2o06_A
4bp3_A	2o07_B
4bp3_A	3rw9_A
4bp3_A	3rw9_A
4bp3_A	2zsu_B
4bp3_A	2e5w_A
4bp3_A	1jq3_C
4bp3_A	1jq3_A
4bp3_A	3bwc_A
4bp3_A	4yuy_A
4bp3_A	4yv0_A
4bp3_A	6qmm_B
4bpa_B	4bpa_B
4bpa_B	2wkx_A
4bph_A	4bph_A
4bq3_B	4bq3_B
4bq3_B	4bq4_A
4bqn_A	4bqn_A
4btv_A	4btv_A
4btv_A	4brs_A
4buc_A	4buc_A
4buc_A	8dp2_A
4buc_A	2x5o_A
4buc_A	1eeh_A
4buc_A	1uag_A
4buc_A	2uag_A
4buc_A	4uag_A
4buc_A	4uag_A
4buc_A	8vw0_A
4buc_A	8vw2_A
4buc_A	7ti7_A
4bup_A	4bup_A
4bup_A	3s8p_A
4bup_A	8t9f_K
4bup_A	4au7_A
4bup_A	4au7_A
4bvp_A	4bvp_A
4bvp_A	4brf_A
4bvp_A	3aar_A
4bvp_A	3aaq_A
4bvp_A	4brc_A
4bvp_A	4brd_A
4bvp_A	4brg_B
4bvp_A	4bri_B
4bvp_A	4brk_B
4bvp_A	4brn_A
4bvp_A	4brq_A
4bvp_A	3zx0_D
4bvp_A	4br2_A
4bvp_A	4br5_A
4bvp_A	4cd3_A
4bvp_A	3cj1_A
4bvp_A	3cj7_A
4bvp_A	3cj9_A
4bvp_A	4bqz_A
4bvp_A	4bqz_A
4bvp_A	4br0_A
4bvp_A	5u7v_A
4bvp_A	5u7w_A
4bvp_A	5u7x_F
4bvx_A	4bvx_A
4bvx_B	4bvx_B
4bwi_A	4bwi_A
4bwl_A	4bwl_A
4bwl_A	1hl2_A
4bwl_A	3lbc_D
4bwl_A	4bwl_C
4bwl_A	1f74_A
4bwl_A	1f73_A
4bwl_A	1f73_B
4bwl_A	1f73_C
4bwl_A	1f73_D
4bwl_A	1f74_B
4bwl_A	1f7b_A
4bwl_A	1f7b_B
4bwl_A	1f7b_A
4bwl_A	4img_A
4bwl_A	4img_B
4bwl_A	4woq_C
4bwl_A	6rd1_A
4bwl_A	6rb7_A
4bwo_A	4bwo_A
4bwo_A	4b4q_A
4bwr_A	4bwr_A
4bwz_A	4bwz_A
4bxf_A	4bxf_A
4bxf_A	4e4h_B
4bxf_A	4cck_D
4bxf_A	4diq_A
4bxo_A	4bxo_A
4bxo_B	4bxo_B
4by6_A	4by6_A
4bz4_B	4bz4_B
4bzf_B	4bzf_B
4bzw_A	4bzw_A
4bzw_A	4bzw_B
4bzw_A	4c01_B
4bzw_A	4c01_C
4bzw_A	4c01_E
4cdg_A	4cdg_A
4cdg_A	4cdg_A
4cdg_A	2v1x_A
4cdn_A	4cdn_A
4cdn_A	4cdm_A
4cdn_A	8oy8_A
4cdn_A	3umv_A
4cdn_A	3umv_A
4ce0_A	4ce0_A
4ce0_A	4x7v_A
4ce0_A	4x7u_A
4ce0_A	4x7w_A
4ce0_A	4x7y_B
4cej_A	4cej_A
4cej_B	4cej_B
4cfo_A	4cfo_A
4cfo_A	4cfp_A
4cfo_A	4chx_A
4cg4_C	4cg4_C
4chg_A	4chg_A
4cid_A	4cid_A
4cid_A	4cid_A
4cj6_A	4cj6_A
4cj6_A	3hx3_A
4ckb_D	4ckb_D
4ckb_D	4ckc_D
4ckb_D	4ckc_A
4cn2_C	4cn2_C
4cn4_A	4cn4_A
4cn4_A	4cn1_A
4cn4_A	4cn6_A
4cn4_A	4u31_A
4cn4_A	5cgm_A
4cn9_A	4cn9_A
4cnf_B	4cnf_B
4cnf_B	4cng_A
4cnf_B	4cnf_A
4cnf_B	4cnf_A
4cnf_B	5gmc_A
4cnf_B	5gm8_C
4cnf_B	5gm8_D
4cnf_B	5gmc_B
4cnf_B	5gm8_B
4co0_A	4co0_A
4co0_A	3o5t_B
4co0_A	5ovo_B
4co0_A	1v3s_A
4co0_A	1v9o_A
4co0_A	1v9o_B
4co0_A	2xbp_A
4co0_A	4aff_A
4co0_A	3n5b_A
4co0_A	4aff_A
4co0_A	4aff_A
4co0_A	1ul3_B
4co0_A	5l9n_A
4co0_A	2eg2_A
4co0_A	2o67_B
4co0_A	3lf0_C
4co0_A	3lf0_B
4co0_A	3ta2_A
4co0_A	2j9d_C
4co0_A	2j9d_E
4co0_A	3ncr_A
4co0_A	3ncr_B
4co0_A	3ncr_C
4co0_A	7p4v_A
4co0_A	7p50_A
4co0_A	4ozn_C
4co0_A	4ozn_A
4co0_A	4rx6_A
4co0_A	4r25_A
4co0_A	4rx6_B
4co9_A	4co9_A
4co9_A	4cog_A
4co9_A	8hmo_A
4co9_A	1r61_A
4cot_A	4cot_A
4coy_A	4coy_A
4coy_A	4cov_A
4coy_A	6y9j_A
4coy_A	2xjv_A
4coy_A	2xjp_A
4cq6_B	4cq6_B
4cqb_A	4cqb_A
4cqb_A	4r88_B
4cqb_A	1k6w_A
4cqb_A	1k70_A
4cqb_A	3o7u_A
4cqb_A	6nbo_A
4crj_A	4crj_A
4crj_A	3qbc_B
4crj_A	5etl_D
4crj_A	1hq2_A
4crj_A	3hsj_A
4crj_A	1eqm_A
4crj_A	1ex8_A
4crj_A	1ex8_A
4crj_A	1f9h_A
4crj_A	1q0n_A
4crj_A	1rao_A
4crj_A	1tmm_A
4crj_A	3hd2_A
4crj_A	3ip0_A
4crj_A	4m5m_A
4crj_A	5etk_A
4crj_A	5etm_A
4crj_A	1cbk_A
4crj_A	1cbk_B
4crj_A	1cbk_A
4cs9_C	4cs9_C
4cs9_C	4c3b_C
4csy_B	4csy_B
4csy_B	4c16_A
4ct9_A	4ct9_A
4ct9_A	4cta_A
4ct9_A	4cta_B
4ct9_A	4cta_A
4ct9_A	4uoc_A
4ct9_A	4uux_A
4inj_A	4inj_A
4inj_A	3tle_A
4inj_A	4iix_A
4inj_A	4jvo_A
4inj_A	3t5m_A
4inj_A	3sr3_A
4inj_A	3u1b_A
4inj_A	4mi1_B
4inj_A	5fd8_B
4inj_A	5fd8_A
4inj_A	5jyb_A
4inj_A	5f5x_A
4inj_A	5z01_A
4io7_B	4io7_B
4io7_B	4io2_A
4io7_B	4io3_A
4io7_B	4io4_A
4io7_B	4io5_A
4io7_B	4io6_A
4io7_B	1iit_A
4io7_B	1ii5_A
4io7_B	2xxv_A
4io7_B	4dld_A
4io7_B	1lb8_A
4io7_B	1ftl_A
4io7_B	1ftl_B
4io7_B	1ftm_A
4io7_B	1fw0_A
4io7_B	1gr2_A
4io7_B	1lb9_A
4io7_B	1m5c_A
4io7_B	1m5d_A
4io7_B	1mm6_A
4io7_B	1mm6_B
4io7_B	1mqd_A
4io7_B	1mqg_A
4io7_B	1mqh_A
4io7_B	1mqi_A
4io7_B	1mqj_A
4io7_B	1nnk_A
4io7_B	1nnp_A
4io7_B	1nnp_B
4io7_B	1p1n_A
4io7_B	1p1o_A
4io7_B	1p1u_A
4io7_B	1p1u_B
4io7_B	1p1w_A
4io7_B	1p1w_B
4io7_B	3kfm_A
4io7_B	3ua8_A
4io7_B	4f1y_A
4io7_B	4yki_B
4io7_B	4ykj_B
4io7_B	4ykk_B
4io7_B	4ykp_B
4io7_B	8bn2_A
4io7_B	8bn5_B
4io7_B	6r89_A
4io7_B	6r88_D
4io7_B	7lz2_A
4io7_B	7lz1_A
4iok_A	4iok_A
4iok_A	1fpm_A
4iok_A	3qus_A
4iok_A	3qus_A
4iok_A	4iok_A
4iok_A	7xzo_C
4iok_A	7xzo_A
4iok_A	7xzn_C
4iok_A	7xzo_B
4iok_A	7xzp_B
4iqd_A	4iqd_A
4iqd_A	3m0k_A
4iqd_A	3m0j_A
4iqd_A	3fa3_O
4iqd_A	5unc_A
4iqd_A	1m1b_A
4iqd_A	1m1b_B
4iqd_A	1m1b_A
4iqd_A	1pym_A
4iqd_A	2hjp_A
4iqr_F	4iqr_F
4iqr_F	7prw_A
4ir7_A	4ir7_A
4irz_A	4irz_A
4irz_A	7ceb_A
4ism_B	4ism_B
4ism_B	3e6s_A
4it5_B	4it5_B
4it5_B	3bvo_A
4itm_A	4itm_A
4itm_A	4ehy_A
4itm_A	4ehy_A
4itm_A	4itl_A
4itm_A	4itn_A
4itr_A	4itr_A
4itr_A	3n3u_A
4itr_A	4itr_A
4itr_A	4itr_B
4itr_A	6siu_B
4iu2_A	4iu2_A
4iu2_B	4iu2_B
4iuc_S	4iuc_S
4iuc_S	3ayz_B
4iuc_S	6g94_S
4iuc_S	7odh_S
4iuc_S	1e3d_A
4iuc_S	4ueq_F
4iuc_S	4upv_B
4iuc_S	4kl8_T
4iuc_S	3ze9_A
4iuc_S	3ze8_A
4iuc_S	3ze8_A
4iuc_S	5jsh_A
4iuc_S	6za1_A
4iuc_S	5aa5_A
4iuc_S	7uur_D
4iuc_S	7utd_B
4iuk_A	4iuk_A
4iuk_A	4iuh_A
4iuq_A	4iuq_A
4iuq_A	7ef1_A
4ivn_A	4ivn_A
4ivn_A	8ju9_A
4ivn_A	8k3b_A
4iw3_A	4iw3_A
4iwo_A	4iwo_A
4iwo_A	4jlc_A
4ix3_B	4ix3_B
4ix3_B	4ix4_B
4ix3_B	4ix5_B
4ix3_B	4ix6_A
4ix3_B	4ix6_B
4ixj_B	4ixj_B
4ixm_A	4ixm_A
4iz9_A	4iz9_A
4iz9_A	1g99_A
4iz9_A	1g99_B
4iz9_A	1tuu_A
4iz9_A	1tuu_B
4iz9_A	2e1z_A
4iz9_A	2e1z_A
4iz9_A	4fwk_A
4iz9_A	4fwm_A
4iz9_A	4fwn_A
4iz9_A	4fwo_A
4iz9_A	4fwp_A
4iz9_A	4fwq_A
4iz9_A	4fwr_A
4iz9_A	4fws_A
4iz9_A	7fj9_A
4j0h_A	4j0h_A
4j0h_A	3wa7_A
4j0h_A	4jui_A
4j0h_A	6yq4_B
4j1x_C	4j1x_C
4j1x_C	2bnm_A
4j1x_C	2bnn_A
4j1x_C	3scf_A
4j1x_C	3sch_A
4j1x_C	4j1w_A
4j1x_C	4j1w_B
4j1x_C	4j1w_A
4j20_A	4j20_A
4j20_A	1cc5_A
4j20_A	8hn3_A
4j2s_A	4j2s_A
4j2s_A	4iyb_A
4j3h_A	4j3h_A
4j5r_A	4j5r_A
4j5r_A	4j5r_A
4j5r_A	4j5s_A
4j7h_A	4j7h_A
4j7h_A	4j7h_A
4j7h_A	4j7g_A
4j7q_A	4j7q_A
4j7q_A	4fmm_B
4j8t_A	4j8t_A
4j8t_A	5bvb_A
4j9z_B	4j9z_B
4j9z_B	4g27_B
4j9z_B	5v02_B
4j9z_B	5v03_B
4j9z_B	5wbx_B
4j9z_B	5wc5_B
4jbe_B	4jbe_B
4jd0_A	4jd0_A
4jd3_B	4jd3_B
4jd3_B	4jap_C
4jd3_B	7yja_A
4jd3_B	2d52_B
4jd3_B	3wd7_A
4jd3_B	7cct_A
4jd3_B	6l61_A
4jd3_B	1cgk_A
4jd3_B	1cgz_A
4jd3_B	1chw_A
4jd3_B	1cml_A
4jd3_B	1d6h_A
4jd3_B	1ee0_B
4jd3_B	1z1f_A
4jd3_B	7d41_A
4jd3_B	4b0n_A
4jdu_A	4jdu_A
4jdu_A	3ibs_A
4jdz_B	4jdz_B
4jej_A	4jej_A
4jej_A	6jo3_A
4jej_A	6nke_A
4jem_A	4jem_A
4jem_A	4jem_B
4jem_A	4jem_A
4jem_A	4ohb_A
4jet_A	4jet_A
4ydp_A	4ydp_A
4yer_B	4yer_B
4yer_B	4yer_A
4yf4_A	4yf4_A
4yf4_A	1g5c_A
4yf4_A	1g5c_B
4yf4_A	1g5c_A
4yf4_A	1g5c_F
4yfz_A	4yfz_A
4yfz_A	4yg0_A
4yfz_A	5cb7_B
4yfz_A	5caz_A
4yfz_A	3sis_B
4yfz_A	2i2s_A
4yfz_A	3sit_A
4yfz_A	5ca6_B
4yfz_A	7khu_B
4yfz_A	5ymt_A
4yfz_A	5vx9_A
4ygd_H	4ygd_H
4ygr_A	4ygr_A
4ygr_A	5olw_A
4ygr_A	1z4o_B
4ygr_A	6ydk_A
4ygr_A	1o03_A
4ygr_A	1o03_A
4ygr_A	1o08_A
4ygr_A	2wf8_A
4ygr_A	2wf9_A
4ygr_A	5ok0_A
4ygr_A	5oly_G
4ygr_A	6h8w_A
4ygr_A	6h8x_B
4ygr_A	6h91_A
4ygr_A	6hdg_A
4ygr_A	4g9b_A
4ygr_A	6q7q_A
4ygr_A	6q7r_A
4ygr_A	6q7n_A
4ygr_A	6z1k_A
4ygr_A	3qnm_A
4yh8_A	4yh8_A
4yi7_A	4yi7_A
4yi7_A	1kgz_B
4yi7_A	1kgz_A
4yi7_A	1kgz_B
4yi7_A	1zyk_A
4yi7_A	1gxb_D
4yi7_A	5nof_A
4yi7_A	4n5v_B
4yi7_A	4x5d_B
4yi7_A	3qr9_B
4yi7_A	1zvw_A
4yi7_A	4own_B
4yi7_A	4owq_A
4yi7_A	4ows_B
4yi7_A	4x5d_A
4yi7_A	4x5d_A
4yi7_A	4ztv_A
4yi7_A	5c7s_A
4yi7_A	7dso_A
4yia_B	4yia_B
4yia_B	2xn3_B
4yig_A	4yig_A
4yig_A	2owq_B
4yig_A	4ygm_A
4yix_A	4yix_A
4yix_A	4yj1_A
4yix_A	5d6a_A
4yjd_A	4yjd_A
4yjd_A	1an9_A
4yjd_A	1an9_B
4yjd_A	1an9_A
4yjd_A	1evi_A
4yjd_A	1evi_B
4yjd_A	3wgt_A
4yjd_A	3znn_A
4yjd_A	3zno_B
4yjd_A	3znp_A
4yjd_A	4yjd_B
4yjd_A	4yjf_A
4yjd_A	1c0i_A
4yjd_A	1c0k_A
4yjd_A	1c0l_A
4yjd_A	1c0p_A
4ykf_A	4ykf_A
4ykf_A	1hyu_A
4ymk_A	4ymk_A
4ymk_A	4ymk_A
4ymw_D	4ymw_D
4ymw_D	4ymt_B
4ynp_A	4ynp_A
4ynp_A	4h12_A
4ynp_A	6kqq_A
4ynp_A	3ooi_A
4ypm_A	4ypm_A
4ypt_A	4ypt_A
4yrc_A	4yrc_A
4yrc_A	4yp0_A
4yrc_A	4yp0_A
4yrc_A	4ypf_A
4yrc_A	4yri_A
4yrc_A	4yrm_B
4yrc_A	4yro_A
4yrc_A	4yrp_A
4yrc_A	4yrq_A
4yrc_A	4phc_A
4yrc_A	1kmn_C
4yrc_A	4rdx_A
4yrc_A	1adj_A
4yrc_A	5e3i_B
4yrc_A	6r02_C
4yrc_A	6ftt_A
4yry_D	4yry_D
4yry_D	4yry_B
4ys2_A	4ys2_A
4ys2_A	4ys2_B
4ys2_A	4ys2_A
4ys4_A	4ys4_A
4ytb_A	4ytb_A
4ytb_A	4ytg_A
4ytb_A	5ak7_A
4ytb_A	6i0x_B
4yu5_A	4yu5_A
4yu5_A	4yu6_A
4yuu_m1	4yuu_m1
4yxp_B	4yxp_B
4z04_A	4z04_A
4z04_A	3ct8_A
4z13_A	4z13_A
4z13_A	4z11_A
4z1f_A	4z1f_A
4z1f_A	4ivg_A
4z1f_A	7ulk_B
4z26_A	4z26_A
4z26_A	4z24_A
4z3g_A	4z3g_A
4z3g_A	1j8r_A
4z3g_A	4z3h_A
4z5w_B	4z5w_B
4z5z_A	4z5z_A
4z5z_A	4z5y_A
4z5z_A	4z67_A
4z7x_A	4z7x_A
4z87_A	4z87_A
4z87_A	4z87_A
4z87_A	1nf7_A
4z87_A	1jcn_A
4z87_A	1nfb_A
4z87_A	7rgd_A
4z87_A	6rpu_A
4z8c_2Z	4z8c_2Z
4z8i_A	4z8i_A
4z8n_B	4z8n_B
4z8w_A	4z8w_A
5lsv_A	5lsv_A
5lsv_A	4opb_A
5lt5_A	5lt5_A
5lti_A	5lti_A
5lti_A	5lth_A
5ltx_A	5ltx_A
5ltx_A	5t65_A
5ltx_A	5t7m_A
5ltx_A	3c8c_A
5ltx_A	5ave_A
5ltx_A	6ior_A
5ltx_A	6ioq_A
5ltx_A	6ios_A
5ltx_A	6iot_C
5ltx_A	5lt9_B
5ltx_A	5ltv_D
5ltx_A	6q0f_A
5ltx_A	6py4_A
5ltz_D	5ltz_D
5ltz_D	2x3y_A
5lvw_A	5lvw_A
5lvw_A	5mr6_A
5lvw_A	2rfq_A
5lvw_A	2jbs_C
5lvw_A	2jbs_B
5lvw_A	2jbs_C
5lvw_A	2jbt_A
5lvw_A	7f74_A
5lw0_B	5lw0_B
5lwk_A	5lwk_A
5ly0_A	5ly0_A
5ly3_A	5ly3_A
5ly8_A	5ly8_A
5lz6_A	5lz6_A
5m11_A	5m11_A
5m1d_A	5m1d_A
5m1d_A	6tie_AAA
5m1d_A	6r3l_A
5m1d_A	6tib_AAA
5m1d_A	4ip2_C
5m1d_A	7abn_A
5m1d_A	4iws_A
5m1d_A	7abn_A
5m1d_A	7abo_C
5m1d_A	4zad_A
5m1d_A	7pda_A
5m1d_A	5o3n_A
5m1d_A	5o3m_A
5m1d_A	7p9q_A
5m1d_A	6h6v_F
5m1k_B	5m1k_B
5m1k_B	5m1n_A
5m1k_B	5m1o_A
5m1k_B	5m1p_A
5m1k_B	5m1q_A
5m1m_A	5m1m_A
5m1z_A	5m1z_A
5m1z_A	2ydp_A
5m1z_A	2ydt_A
5m21_H	5m21_H
5m21_H	5m26_B
5m21_H	5m4o_H
5m27_B	5m27_B
5m27_B	4yus_A
5m27_B	4yut_A
5m27_B	5x4v_A
5m27_B	8qfe_A
5m27_B	8qff_A
5m3b_B	5m3b_B
5m3b_B	1n4a_A
5m3b_B	5ysc_A
5m3k_E	5m3k_E
5m41_A	5m41_A
5m42_A	5m42_A
5m42_A	2g37_A
5m42_A	2g37_B
5m42_A	4h6q_A
5m42_A	4h6r_A
5m42_A	4h6r_C
5m45_A	5m45_A
5m45_A	5svc_A
5m5e_B	5m5e_B
5m5e_B	6dg5_B
5m6g_A	5m6g_A
5m6g_A	1iex_A
5m6g_A	1iev_A
5m6g_A	1iew_A
5m6g_A	1j8v_A
5m6g_A	1x38_A
5m6g_A	1x39_A
5m6g_A	3wlj_A
5m6g_A	3wlp_A
5m6g_A	6jg1_A
5m85_A	5m85_A
5m85_A	5zoh_A
5m85_A	3w2z_A
5m85_A	6xhh_B
5m86_A	5m86_A
5m8e_A	5m8e_A
5m8e_A	5m8b_A
5m8l_A	5m8l_A
5m8l_A	5m8l_C
5m8l_A	5m8m_A
5m8l_A	5m8o_A
5m8l_A	5m8p_A
5m8l_A	5m8s_A
5m8x_A	5m8x_A
5m8x_A	5m2g_A
5m8x_A	5m8u_A
5m8x_A	5m8w_A
5m8x_A	5m8y_A
5m8x_A	5m91_A
5m8x_A	5m92_A
5m8x_A	5ma0_A
5m8x_A	5ma1_B
5m8x_A	5ma2_A
5m8x_A	5maa_A
5m9n_B	5m9n_B
3wqb_A	3wqb_A
3wqo_A	3wqo_A
3wqo_A	1i6n_A
3wr7_A	3wr7_A
3wr7_A	6d72_B
3wr7_A	5cnp_D
3wr7_A	6e1x_A
3wr7_A	6e1x_E
3wr7_A	4mhd_C
3wr7_A	4mi4_A
3wr7_A	4r87_A
3wr7_A	6cx8_A
3wr7_A	6e1x_D
3wr7_A	2ge3_A
3wr7_A	2ge3_A
3wr7_A	2vi7_C
3wr7_A	2vqy_A
3wr7_A	2bue_A
3wr7_A	2qir_A
3wr7_A	2qir_A
3wr7_A	2vqy_A
3wr7_A	6bff_A
3wr7_A	4qc6_A
3wr9_A	3wr9_A
3wr9_A	3wpm_A
3wr9_A	3wrb_A
3wr9_A	3wrb_B
3wrn_A	3wrn_A
3wrn_A	3wro_A
3wrn_A	3wrr_A
3wrn_A	3wrs_A
3wrn_A	4r94_A
3wrx_C	3wrx_C
3wry_B	3wry_B
3wst_A	3wst_A
3wst_A	3wst_I
3wst_A	6ogn_A
3wst_A	4c4a_A
3wt0_D	3wt0_D
3wt0_D	3wqt_A
3wt0_D	3wqu_A
3wt0_D	3wt0_A
3wt0_D	7q6d_A
3wt0_D	7q6g_A
3wt0_D	1e4g_T
3wt0_D	4a2b_A
3wup_A	3wup_A
3wv8_B	3wv8_B
3wv8_B	3wv7_A
3wv8_B	3wv9_A
3wvc_A	3wvc_A
3wvr_C	3wvr_C
3wwc_A	3wwc_A
3wwc_A	3wl7_A
3wwc_A	3wl8_A
3wwl_A	3wwl_A
4x8i_B	4x8i_B
4x8i_B	1vhe_A
4x8i_B	3cpx_B
4x8y_A	4x8y_A
4xbo_B	4xbo_B
4xbo_B	4xbo_A
4xc5_A	4xc5_A
4xco_A	4xco_A
4xcq_A	4xcq_A
4xcz_A	4xcz_A
4xcz_A	5uin_A
4xcz_A	5uik_A
4xcz_A	5uil_A
4xcz_A	5uim_A
4xed_A	4xed_A
4xf6_A	4xf6_A
4xf6_A	4xf6_A
4xf6_A	4xf7_A
4xgl_A	4xgl_A
4xgq_A	4xgq_A
4xgu_B	4xgu_B
4xgu_B	4xgu_A
4xgu_B	4xgu_B
4xgx_A	4xgx_A
4xgx_A	2o18_C
4xgx_A	4xgx_B
4xgx_A	3pnd_A
4xgx_A	3pnd_B
4xgx_A	3pnd_C
4xh7_A	4xh7_A
4xhc_A	4xhc_A
4xhn_A	4xhn_A
4xhn_A	4xe8_A
4xhn_A	4xho_A
4xi6_A	4xi6_A
4xj6_A	4xj6_A
4xj6_A	4u0m_B
4xj6_A	4u0n_A
4xj6_A	4u03_A
4xj6_A	4u0m_B
4xj6_A	4xj4_A
4xj6_A	4txz_A
4xj6_A	4xj3_A
4xk4_C	4xk4_C
4xk4_C	6z1b_B
4xkl_D	4xkl_D
4xl1_E	4xl1_E
4xl8_A	4xl8_A
4xl8_A	4xl8_B
4xl8_A	6g47_A
4xl8_A	4k6t_B
4xl8_A	4k6u_B
4xl8_A	8ofs_B
4xl8_A	7op2_A
4xnh_B	4xnh_B
4xnh_B	6o07_B
4xnh_B	4hnx_B
4xoi_A	4xoi_A
4xoq_A	4xoq_A
4xoq_A	4xoo_A
4xoq_A	4xoo_B
4xoq_A	4xoo_B
4xpd_A	4xpd_A
4xpd_A	4xnh_A
4xpd_A	4kvm_A
4xpl_A	4xpl_A
4xps_A	4xps_A
4xps_A	4xpp_A
4xps_A	4xpq_A
4xq1_A	4xq1_A
4xq1_A	4xpw_A
4xq1_A	2hmz_A
4xq1_A	1hmo_A
4xq1_A	1a7d_A
4xq1_A	1a7e_A
4xq1_A	2mhr_A
4xq1_A	3waq_A
4xq1_A	2avk_A
4xq1_A	3agt_A
4xq1_A	3whn_B
4xq6_B	4xq6_B
4xq6_B	1uuo_A
4xq6_B	3w7r_A
4xq6_B	4igh_A
4xq6_B	6cjf_A
4xq6_B	1d3h_A
4xq6_B	5k9d_A
4xq6_B	5zf7_A
4xq6_B	6et4_A
4xq6_B	6idj_A
4xq6_B	6lzl_A
4xq6_B	6oc1_A
4xq6_B	7t6c_A
4xq6_B	1f76_A
4xq6_B	7t5k_A
4xq6_B	7l01_B
4xq6_B	3i68_A
4xq6_B	7kz4_A
4xq6_B	7s87_A
4xqm_A	4xqm_A
4xr8_H	4xr8_H
4xre_A	4xre_A
4xrf_A	4xrf_A
4xsv_A	4xsv_A
4xt4_A	4xt4_A
4xt4_A	4xrb_A
4xt4_A	4xt6_A
4xt4_A	4xt7_A
4xt4_A	4xt8_A
4xt4_A	6de5_A
4xtt_A	4xtt_A
4xu6_A	4xu6_A
4xup_A	4xup_A
4xut_A	4xut_A
4xut_A	4xuq_A
4xvx_B	4xvx_B
4xvx_B	3p4t_A
4xvx_B	3p4t_B
4xvx_B	3r7k_A
4xvx_B	3r7k_B
4xvx_B	3r7k_C
4xvx_B	4l1f_B
4xvx_B	4l1f_A
4xvx_B	1buc_B
4xvx_B	2pg0_B
4xvx_B	2pg0_A
4xvx_B	3pfd_B
4xvx_B	3pfd_A
4xvx_B	3pfd_D
4xvx_B	1jqi_B
4xvx_B	1jqi_A
4xvx_B	7y0b_A
4xvx_B	4kto_C
4xvx_B	1ivh_B
4xvx_B	4kto_A
4xvx_B	4x28_B
4xvx_B	4x28_A
4xvx_B	4iv6_A
4xvx_B	4iv6_B
4xvx_B	3mpi_A
4xvx_B	6wy8_B
4xwh_A	4xwh_A
4xxb_A	4xxb_A
4xxb_A	4u3m_m1
4xxb_B	4xxb_B
4xxb_B	4xxb_B
4xxf_A	4xxf_A
4xxh_A	4xxh_A
4xyd_A	4xyd_A
4xyd_A	3wfc_B
4xyd_A	3o0r_B
5qgi_A	5qgi_A
5qgi_A	5qgj_A
5qgi_A	5qgl_A
5qgi_A	5qgs_A
5qgi_A	5qgt_A
5qhq_A	5qhq_A
5qhq_A	5qhp_A
5qhq_A	5qhj_A
5qhq_A	5qhi_A
5qoh_A	5qoh_A
5qoh_A	5qoj_A
5qoh_A	5qok_A
5qoh_A	5qom_A
5qoh_A	5qpa_A
5qoh_A	5qpb_A
5qoh_A	2b06_A
7svg_A	7svg_A
7svg_A	8ete_B
7svg_A	2hf0_A
7svg_A	2bjf_A
7svg_A	2bjf_A
7svg_A	2rlc_A
7svg_A	7svj_B
7svg_A	5y7p_A
7svg_A	5hke_B
7svg_A	5y7p_A
7svg_A	8blt_A
7svg_A	8vrx_B
7svg_A	2z71_A
7svg_A	2z71_B
7svt_B	7svt_B
7svt_O	7svt_O
7sz2_B	7sz2_B
7sz2_B	7tgq_A
7sz2_B	7kzh_A
7sz8_A	7sz8_A
7sze_B	7sze_B
7sze_B	4qdc_A
7sze_B	4qck_A
7sze_B	4qdd_A
7sze_B	6ico_A
7sze_B	6icn_A
7sze_B	6icq_A
7t1u_B	7t1u_B
7t1u_B	4f5a_A
7t1u_B	1o4n_A
7t1u_B	1o4o_A
7t1u_B	4f5b_A
7t50_A	7t50_A
7t50_A	7t5a_A
7t50_A	7t4z_B
7t50_A	1atg_A
7t5t_A	7t5t_A
7t75_B	7t75_B
7t85_A	7t85_A
7t8s_B	7t8s_B
7t8s_B	7t7u_A
7t8s_B	7sut_A
7t8v_A	7t8v_A
7t8v_A	8etl_A
7t8v_A	8eto_A
7t8v_A	8eur_A
7t91_A	7t91_A
7t9g_A	7t9g_A
7t9x_A	7t9x_A
7tap_C	7tap_C
7tap_E	7tap_E
7tav_B	7tav_B
7tav_B	1wod_A
7tav_B	3axf_A
7tav_B	4xxu_A
7tav_B	2h5y_A
7tav_B	2h5y_B
7tav_B	4kd5_C
7tbn_A	7tbn_A
7tbn_A	7tbq_D
7tbr_A	7tbr_A
7tbv_A	7tbv_A
7tcl_X	7tcl_X
7tea_C	7tea_C
7tem_B	7tem_B
7tfq_A	7tfq_A
7tfq_A	7te5_A
7tfq_A	1j1l_A
7tfq_A	3acl_A
7tfq_A	4ero_A
7tfq_A	4ewa_A
7tfq_A	4ewd_A
7tfq_A	6d0g_A
7tgh_3C	7tgh_3C
7tgh_3C	7tgh_3c
7tgh_3C	8b6j_c
7tgh_3D	7tgh_3D
7tgh_3H	7tgh_3H
7tgh_A9	7tgh_A9
7tgh_A9	8gym_a9
7thn_E	7thn_E
7thq_B	7thq_B
7thq_B	3dlp_X
7thq_B	1t5d_X
7thq_B	2qvx_X
7thq_B	2qvy_A
7thq_B	2qvy_X
7thq_B	3cw9_A
7thq_B	3r44_A
7thq_B	3r44_A
7thq_B	5bur_A
7thq_B	5gtd_A
7thq_B	5x8f_B
7thq_B	3e7w_A
7thq_B	3dhv_A
7thq_B	3fcc_A
7thq_B	3lgx_A
7thq_B	3lgx_A
7thq_B	5n9x_A
7thq_B	5bsm_B
7thq_B	5u95_B
7thq_B	5bsm_A
7thq_B	5bsr_A
7thq_B	5bsr_A
7thq_B	5u95_B
7thq_B	6q2m_A
7thq_B	5kyt_A
7thq_B	5dv9_A
7thq_B	1ba3_A
7thq_B	2d1s_A
7thq_B	6k4d_A
7thq_B	1amu_A
7thq_B	4d56_A
7thq_B	4d4i_A
7thq_B	4d57_A
7thq_B	1v25_A
7thq_B	6ihk_B
7thq_B	6ijb_B
7thq_B	8i49_A
7thq_B	8i3i_A
7thq_B	8i6m_A
7thq_B	8i8d_A
7thq_B	8i8e_A
7thq_B	7dq5_A
7thq_B	6m01_A
7thq_B	7r7e_A
7thq_B	3lnv_A
7thq_B	3kxw_A
7thq_B	5d6j_A
7thq_B	7wua_A
7thq_B	8hdf_A
7thq_B	7wew_A
7thq_B	3nyq_A
7thq_B	3nyr_A
7thq_B	3nyr_A
7thq_B	4gxq_A
7thq_B	5c5h_B
7thq_B	5wm6_A
7thq_B	5wm3_A
7thq_B	1md9_A
7thq_B	3u16_B
7thq_B	3vnr_A
7thq_B	3vns_A
7thq_B	4iz6_B
7thq_B	6akd_A
7thq_B	4oxi_A
7thq_B	4oxi_A
7tj5_A	7tj5_A
7tj5_A	7rsh_A
7tjf_A	7tjf_A
7tjf_A	5zr1_A
7tjf_E	7tjf_E
7tjf_E	5zr1_E
7tjh_D	7tjh_D
7tjh_D	5zr1_D
7tjj_I	7tjj_I
7to3_A	7to3_A
7toh_A	7toh_A
7toh_A	7toi_A
7tom_A	7tom_A
7tpd_A	7tpd_A
7tpd_A	2vdm_A
7tpd_A	7l8p_A
7tpd_A	7td8_A
7tpd_A	7tmz_A
7tpd_A	7ubr_A
7tpd_A	7ucy_A
7tpd_A	7udg_A
7tpd_A	7udh_A
7tpd_A	7ue0_A
7tpd_A	7uh8_A
7tpd_A	7uje_A
7tpd_A	7ujk_A
7tpd_A	7ukp_A
7tpd_A	7ukt_A
7trr_A	7trr_A
7trw_A	7trw_A
7tt9_A	7tt9_A
7tt9_A	3aq5_A
7tt9_A	1s69_A
7tt9_A	1s6a_A
7tt9_A	2hz1_A
7tt9_A	4l2m_A
7tt9_A	1s56_A
7tt9_A	1s56_B
7tu8_A	7tu8_A
7tu8_A	7tu2_A
7tu8_A	2dqb_C
7tu8_A	7u67_A
7tu8_A	6oi7_F
7tu9_E	7tu9_E
7tu9_E	4cof_A
7tu9_E	4cof_E
7tu9_E	4cof_A
7tu9_E	7a5v_A
7tu9_E	8sgo_C
7tu9_E	7m6n_A
7tu9_E	5tin_B
7tu9_E	6plw_A
7tu9_E	7m6q_A
7tu9_E	7mly_B
7tu9_E	7mly_C
7tu9_E	8fe1_C
7tu9_E	8foi_A
7tu9_E	6x3t_B
7tu9_E	6x3t_D
7tu9_E	6x3x_B
7tu9_E	7qne_A
7tu9_E	8bhg_A
7tun_A	7tun_A
7tun_A	1m15_A
7tun_A	1p52_A
7tun_A	4gvz_A
7tun_A	3jq3_A
8bgw_A	8bgw_A
8bgw_A	3ayf_A
8bgw_A	3ayg_A
8bgw_A	3ayg_A
8biu_A	8biu_A
8biu_A	8biz_A
8biu_A	3jwa_A
8biu_A	3jwa_A
8biu_A	3jwb_A
8biu_A	4hf8_A
8biu_A	4oma_A
8biu_A	5m3z_A
8biu_A	1e5e_B
8biu_A	1e5e_A
8biu_A	1e5f_A
8biu_A	1e5f_B
8biu_A	3aej_A
8biu_A	3aeo_B
8biu_A	3aeo_C
8biu_A	7mcq_A
8biu_A	6ld8_A
8biu_A	1ibj_A
8biu_A	1ibj_B
8biu_A	1ibj_A
8biu_A	3vk3_A
8biu_A	1pg8_D
8biu_A	4iy7_D
8biu_A	4ixz_A
8biu_A	4iyo_B
8biu_A	6cja_A
8biu_A	4l0o_A
8biu_A	4l0o_B
8biu_A	5x5h_A
8biu_A	7kb1_C
8biu_A	6nba_C
8biu_A	7yeo_B
8biu_A	8wko_A
8biu_A	8sad_A
8biu_A	1cl2_A
8biu_A	1cl2_B
8biu_A	1cl2_B
8biu_A	4itx_B
8biu_A	4itx_B
8biu_A	8sab_B
8biu_A	8u98_A
8biu_A	8u99_A
8bjp_AAA	8bjp_AAA
8bkd_F	8bkd_F
8bob_C	8bob_C
8bp8_G	8bp8_G
8bp8_e	8bp8_e
8bp8_e	1qhd_A
8bpd_A	8bpd_A
8bpx_AD	8bpx_AD
8bpx_AD	2yiu_F
8bpx_AD	3cxh_B
8bpx_AD	3cx5_A
8bpx_M	8bpx_M
8bpx_M	8e9i_M
8bpx_Z	8bpx_Z
8bpx_y	8bpx_y
8bpx_y	8bef_y
8bqb_A	8bqb_A
8bqb_A	5a8m_A
8bqb_A	5a8q_A
8bqb_A	5a95_A
8br0_B	8br0_B
8br0_B	8bo1_B
8bra_B	8bra_B
8bra_B	7ceh_A
8bra_B	5zrr_A
8brd_B	8brd_B
8brd_G	8brd_G
8brn_B	8brn_B
8brn_B	1xzw_B
8brn_B	2qfp_A
8brn_B	2qfp_C
8brn_B	3kbp_A
8brn_B	4dsy_A
8brn_B	4dt2_A
8brn_B	4dt2_B
8brn_B	6hwr_D
8brn_B	6py9_A
8brn_B	6vj7_D
8brn_B	6gj2_A
8brn_B	6git_A
8brp_A	8brp_A
8brr_B	8brr_B
8brr_B	1ai4_B
8brr_B	1ai5_B
8brr_B	1ai6_B
8brr_B	1ajn_B
8brr_B	1ajp_B
8brr_B	1ajp_B
8brr_B	1ajq_B
8brr_B	1ajq_B
8brr_B	1fxh_B
8brr_B	1fxh_B
8brr_B	1fxv_B
8brr_B	1fxv_B
8brr_B	1gkf_B
8brr_B	1gm7_B
8brr_B	1gm8_B
8brr_B	1gm9_B
8brr_B	1k5q_B
8brr_B	1k5s_B
8brr_B	1k5s_B
8brr_B	1k7d_B
8brr_B	1kec_B
8brr_B	1pnl_B
8brr_B	1pnm_B
8bs3_A	8bs3_A
8bs3_A	5cht_A
8bs3_A	5txk_A
8bs3_A	7zh3_D
8bs3_A	8d4z_A
8bs3_A	1nbf_B
8bs3_A	5wch_A
8bs3_A	7tuo_A
8bs3_A	6hei_A
8bs3_A	5ohk_A
8bs3_A	8d1t_A
8bs3_A	5l8w_A
8bs3_A	5xu8_A
8bs3_A	6cpm_C
8bs3_A	7r2g_B
8bsa_A	8bsa_A
8bsa_A	8bsb_B
8bt9_A	8bt9_A
8btj_A	8btj_A
8bto_A	8bto_A
8bu1_D	8bu1_D
8bux_A	8bux_A
8bv3_A	8bv3_A
8bv3_A	2z4s_A
8bv3_A	2z4s_A
8bvk_A	8bvk_A
8bw6_A	8bw6_A
8bw6_A	8oq9_A
8bz8_A	8bz8_A
8bz8_A	8bz6_A
8c06_A	8c06_A
8c0i_AAA	8c0i_AAA
8c0i_AAA	1jn9_A
8c0i_AAA	4pv2_C
8c0i_AAA	2gez_C
8c3a_DJ	8c3a_DJ
8c3a_J	8c3a_J
8c3w_A	8c3w_A
8c7p_A	8c7p_A
8c8j_A	8c8j_A
8can_A	8can_A
8can_A	3gwj_A
8can_A	8ca9_A
8can_A	8po9_A
8can_A	8po9_C
8can_A	4yzw_B
8can_A	1nol_A
8can_A	1lla_A
8can_A	1oxy_A
8can_A	3wky_B
8can_A	3wky_A
8can_A	5yy2_A
8can_A	6l8s_B
8can_A	6l8s_A
8cav_A	8cav_A
8cb0_A	8cb0_A
8cb0_A	7qu3_A
8cb0_A	7qu5_A
8cb0_A	2r6h_A
8cb0_A	4uaj_A
8cb0_A	4u9u_A
8cb0_A	8ad4_B
8cb2_CCC	8cb2_CCC
8cbr_A	8cbr_A
8cbr_A	8a1q_C
8cbr_A	8cbs_A
8cbr_A	8cbt_C
8cbr_A	8cbu_A
8cbr_A	8cbv_C
8cbr_A	8cta_P
8ixp_A	8ixp_A
8ixp_A	8ila_A
8ixp_A	8ixq_B
8j8o_A	8j8o_A
8j8o_A	8iy0_B
8j8o_A	8h2j_A
8j8o_A	8h39_A
8j8o_A	8ixz_A
8j8o_A	8iy0_A
8j8o_A	8iy2_A
8j8o_A	8j8o_A
8jdw_A	8jdw_A
8jdw_A	2jdw_A
8jdw_A	1jdx_A
8jdw_A	1jdx_A
8jdw_A	3jdw_A
8jdw_A	4jdw_A
8jdw_A	5jdw_A
8jdw_A	6jdw_A
8jdw_A	6jdw_A
8jdw_A	7jdw_A
8jdw_A	7jdw_A
8jdw_A	8jdw_A
8jdw_A	9jdw_A
3s6w_A	3s6w_A
3s6w_A	8jtn_A
3s6w_A	4qq6_A
3s6w_A	7w2p_A
3s6w_A	1mhn_A
8og8_A	8og8_A
8og8_A	9bhr_B
8og8_A	8og6_A
8og8_A	8ogc_A
8ogv_A	8ogv_A
8ogv_A	8ogr_B
8ogv_A	8ogn_A
8ogv_A	8ogr_B
8ogv_A	8ohb_A
8ogv_A	8ohg_A
8ogv_A	8ohh_A
3rbh_A	3rbh_A
3rbh_A	8rqp_A
3rbh_A	8pz4_A
8qc0_B	8qc0_B
8qc0_B	8pqs_A
8qc0_B	8qc0_C
8qc0_B	8pqs_C
8qc0_B	8pqp_A
8qc0_B	8pqq_A
8qc0_B	8pqr_A
8qc0_B	8qc0_B
8syb_A	8syb_A
8syb_A	8sxw_A
8syb_A	4nes_A
8syb_A	4fkz_A
8syb_A	3beo_A
8syb_A	4fkz_B
8syb_A	1f6d_A
8syb_A	1f6d_B
8syb_A	3dzc_A
8syb_A	5dld_A
8syb_A	7vz6_A
8t8n_A	8t8n_A
8t8n_A	8duf_A
8t8n_A	5ezs_A
8t8n_A	8t8n_A
8txy_A	8txy_A
8txy_A	3iec_B
8txy_A	2h6d_A
8txy_A	3aqv_A
8txy_A	1nvr_A
8txy_A	1nvs_A
8txy_A	2brh_A
8txy_A	7bjh_A
8txy_A	4ith_A
8txy_A	4b6l_A
8txy_A	4i6f_A
8txy_A	3f3z_A
8txy_A	2qg5_D
8txy_A	3cok_A
8txy_A	3d5w_A
8txy_A	4a4o_A
8txy_A	6u0k_B
8txy_A	4btm_A
8txy_A	4bl1_A
8txy_A	4bfm_A
8txy_A	8jf4_A
8txy_A	4c3p_A
8txy_A	1mq4_A
8txy_A	3k5u_A
8txy_A	3ztx_A
8txy_A	5l8l_A
8txy_A	1xqz_A
8txy_A	3a99_A
8txy_A	2bzi_B
8txy_A	2c3i_B
8txy_A	2j2i_A
8txy_A	2j2i_B
8txy_A	3cxw_A
8txy_A	4gw8_A
8txy_A	2eva_A
8txy_A	2yiy_A
8txy_A	4l52_A
8txy_A	8gw3_A
8txy_A	2zv2_A
8txy_A	4af3_A
8txy_A	2pmn_A
8txy_A	2pml_A
8txy_A	5ap1_A
8txy_A	2zmd_A
8txy_A	3hmn_A
8txy_A	3hmo_A
8txy_A	5ap5_A
8txy_A	5ehl_A
8txy_A	3vqu_A
8txy_A	4d2s_A
8uwp_B	8uwp_B
8uwp_B	3dlm_A
8uwp_B	5kco_A
8uwp_B	5kh6_A
8uwp_B	5qt1_A
8uwp_B	5qt2_A
1a0i_A	1a0i_A
1a0s_P	1a0s_P
1a0s_P	1a0t_P
1a0s_P	1oh2_A
1a0s_P	1oh2_B
1a0s_P	1oh2_C
1a0s_P	1af6_A
1a0s_P	1af6_B
1a0s_P	1af6_C
1a0s_P	1af6_A
1a0s_P	1mpm_A
1a2c_B	1a2c_B
1a2c_B	1h8d_B
1a2c_B	1ny2_C
1a2c_D	1a2c_D
1a2c_D	1ae8_C
1a2c_D	1afe_C
1a2c_D	1ay6_C
1a2c_D	1b5g_C
1a2c_D	1bhx_A
1a2c_D	1c1u_C
1a2c_D	1c1v_C
1a2c_D	1c1w_C
1a2c_D	1c5n_C
1a2c_D	1c5o_C
1a2c_D	1etr_B
1a2c_D	1ets_B
1a2c_D	1ett_B
1a2c_D	1ghv_C
1a2c_D	1ghw_C
1a2c_D	1ghx_C
1a2c_D	1ghy_C
1a2c_D	1gj5_C
1a2c_D	1iht_C
1a2c_D	1k22_C
1a2c_D	1no9_C
1a2c_D	1o2g_C
1a2c_D	1qhr_A
1a2c_D	1qj1_A
1a2c_D	1qj6_A
1a2c_D	1qj7_A
1a2c_D	1uma_C
1a2c_D	6yhj_L
1a2p_C	1a2p_C
1a2p_C	1gov_A
1a2p_C	1goy_A
1a2p_C	1goy_A
1a2p_C	2f56_A
1a2p_C	2f5m_B
1a2p_C	2f5w_C
1wv4_B	1wv4_B
1wv4_B	1wv4_A
1wve_C	1wve_C
1wve_C	1dii_C
1wve_C	1dii_D
1wve_C	1diq_C
1wwk_B	1wwk_B
1wwk_B	1wwk_A
1wwk_B	2dbq_A
1wwk_B	5aov_A
1wwk_B	7dkm_A
1wwk_B	6plf_B
1wwk_B	2g76_A
1wwk_B	2g76_B
1wwk_B	6cwa_A
1wwk_B	7dkm_A
1wwk_B	2ekl_A
1wwk_B	3kb6_A
1wwk_B	3kb6_B
1wwk_B	4njo_A
1wwk_B	4njm_A
1wwk_B	4njo_A
1wwk_B	5j23_A
1wwk_B	5j23_A
1wwk_B	5v7g_A
1wwk_B	3baz_A
1wwk_B	3baz_A
1wwk_B	1dxy_A
1wwk_B	1dxy_A
1wwk_B	2dld_A
1wwk_B	1j49_A
1wwk_B	2dld_A
1wwk_B	4zgs_A
1wwk_B	4cuk_D
1wwk_B	6p2i_A
1wwk_B	6v89_A
1wwk_B	1hku_A
1wwk_B	1mx3_A
1wwk_B	2hu2_A
1wwk_B	4lcj_A
1wwk_B	4lcj_A
1wwk_B	4u6s_A
1wwz_A	1wwz_A
1wwz_A	1wwz_B
1wwz_A	1wwz_A
1wy7_A	1wy7_A
1wy7_A	6h2v_A
1wy9_A	1wy9_A
1wyv_A	1wyv_A
1wzc_B	1wzc_B
1wzc_B	3zx4_B
1wzc_B	3zw7_B
1wzc_B	3zwk_B
1wzc_B	3zx5_A
1wzn_A	1wzn_A
1x0g_C	1x0g_C
1x0p_C	1x0p_C
1x0p_C	1x0p_A
1x0p_C	3mzi_A
1x0t_A	1x0t_A
1x1a_A	1x1a_A
1x1a_A	1x1a_A
1x1a_A	1x1b_A
1x1a_A	1x1c_A
1x1a_A	4x3q_A
1x27_E	1x27_E
1x27_E	1x27_A
1x27_E	1x27_C
1x2b_A	1x2b_A
1x2b_A	1x2b_A
1x3k_A	1x3k_A
1x3k_A	1ith_A
1x3k_A	1x46_A
1x3w_A	1x3w_A
1x7d_A	1x7d_A
1x7d_A	1x7d_B
1x7d_A	1x7d_A
1x7i_B	1x7i_B
1x82_A	1x82_A
1x82_A	1j3p_A
1x82_A	1j3r_A
1x82_A	2gc0_A
1x82_A	2gc1_A
1x82_A	2gc3_A
1x82_A	4lum_A
1x8d_A	1x8d_A
1x8d_A	2qlx_A
1x8d_A	2qlw_B
1xa8_A	1xa8_A
1xa8_A	1x6m_A
1xbn_A	1xbn_A
1xbn_A	4it2_B
1xbn_A	6cww_B
1xbn_A	3m0b_A
1xbn_A	3tf1_A
1xbn_A	4it2_B
1xbn_A	5jrv_A
1xbn_A	6cww_B
1xco_D	1xco_D
1xco_D	2af3_A
1xco_D	2af3_B
1xco_D	2af3_C
1xcr_A	1xcr_A
2bgg_A	2bgg_A
2bgg_A	8ok9_A
2bgw_A	2bgw_A
2bib_A	2bib_A
2bjh_A	2bjh_A
2bjh_A	1uwc_A
2bjh_A	4n8s_A
2bjh_A	1dte_A
2bjh_A	1gt6_A
2bjh_A	4flf_A
2bjh_A	4glb_A
2bjh_A	6hw1_B
2bjh_A	6xrv_A
2bjh_A	6xrv_B
2bjh_A	5ch8_A
2bjr_A	2bjr_A
2bka_A	2bka_A
2bko_A	2bko_A
2blf_B	2blf_B
2bmb_A	2bmb_A
2bmb_A	2bmb_A
2bn0_A	2bn0_A
2bn0_A	1x1v_B
2bn0_A	8hyf_A
2bn0_A	1c3k_A
2bn0_A	1c3n_A
2bn0_A	3r52_B
2bn0_A	4ddn_A
2bn2_A	2bn2_A
2bng_B	2bng_B
2bng_B	5aii_F
2bng_B	5aih_A
2bng_B	5clk_A
2bng_B	4xdv_C
2bng_B	4xbx_B
2bng_B	1nu3_A
2bng_B	1nu3_B
2bng_B	1nu3_B
2bng_B	1nww_A
2bng_B	1nww_B
2bng_B	4xdv_B
2bo6_A	2bo6_A
2bo6_A	2bo6_B
2bo6_A	2bo7_A
2bo6_A	2bo7_A
2bo6_A	2bo8_A
2bo6_A	2y4k_A
2bo6_A	2y4k_A
2bo6_A	2y4m_B
2bog_X	2bog_X
2bog_X	1up2_A
2bog_X	1uoz_A
2bog_X	1up0_A
2boy_A	2boy_A
2boy_A	3hgi_A
2boy_A	3hhx_A
2boy_A	3hj8_A
2boy_A	3hjq_A
2boy_A	3o6r_B
2boy_A	1tmx_A
2boy_A	2xsr_A
2boy_A	1dlm_A
2boy_A	1dlm_B
2boy_A	1dlq_A
2boy_A	1dlq_B
2boy_A	1dmh_A
2boy_A	1dmh_A
2boy_A	5umh_B
2boy_A	5vxt_B
2bpo_A	2bpo_A
2bpo_A	2bf4_A
2bpo_A	1tll_B
2bpo_A	1tll_A
2bpo_A	3qfr_A
2bpo_A	3ojw_A
2bpo_A	4yaw_A
2bpo_A	6t1t_A
2bqz_A	2bqz_A
2br3_F	2br3_F
2br3_F	2bm9_D
2br3_F	2br4_E
2br3_F	2br5_B
2bri_B	2bri_B
2bri_B	2bmu_B
2bri_B	2j4k_A
2bri_B	2j4j_A
2bri_B	2j4k_E
2bri_B	2j4l_F
2bri_B	6h8h_A
2bri_B	6gx4_A
2bri_B	6rke_A
2brq_A	2brq_A
2bru_C	2bru_C
2bru_C	1djl_A
2bru_C	1d4o_A
2bru_C	1djl_B
2bru_C	1pt9_A
2bru_C	1pt9_A
2bru_C	1u31_A
2bru_C	1pno_A
2bru_C	1hzz_C
2bru_C	2oo5_C
2bru_C	2oor_C
2bs2_F	2bs2_F
2bs2_F	1qlb_C
2bsw_A	2bsw_A
2bsw_A	2jdc_A
2bsw_A	2jdd_A
2bsy_A	2bsy_A
2bsy_A	2bt1_A
2bsy_A	2we0_A
2bsy_A	2we3_A
2bsy_A	2we3_A
2buf_G	2buf_G
2buf_G	2buf_C
2buf_G	2ap9_A
2buf_G	7nln_B
2buf_G	7nlx_A
2buf_G	7nlp_A
2buf_G	7nlr_A
2buf_G	7nlt_A
2buf_G	3zzh_A
2buf_G	3zzf_A
2buf_G	4usj_B
2buf_G	2rd5_A
2buf_G	2rd5_B
2buf_G	2we4_A
2buf_G	1e19_A
2buf_G	4jz7_C
2buf_G	4jz7_A
2buf_G	4jz8_A
2buf_G	4olc_A
2buf_G	3wwm_A
2buf_G	3wwm_A
2bv2_A	2bv2_A
2bv2_A	5ht9_A
2bvt_A	2bvt_A
2bvt_A	3tp4_B
2bwr_A	2bwr_A
2bwr_A	2bwm_A
2bwr_A	2c25_A
2bwr_A	4tqm_A
2bx2_L	2bx2_L
2bx9_A	2bx9_A
2byo_A	2byo_A
2byo_A	4zra_A
2bz0_A	2bz0_A
2bz0_A	2bz0_B
2c0k_A	2c0k_A
2c0k_A	2bk9_A
2c1d_A	2c1d_A
2c1g_A	2c1g_A
2c1l_B	2c1l_B
2c1w_B	2c1w_B
2c26_A	2c26_A
2c27_A	2c27_A
2c27_A	1ozp_A
2c27_A	1p0h_A
2c27_A	2c27_A
2c2b_A	2c2b_A
2c2b_A	2c2g_A
2c37_V	2c37_V
2c37_V	2c37_N
2c37_V	2pnz_A
2c37_V	2po0_A
2c37_V	2po2_A
2c37_V	4ba1_B
2c37_V	1r6m_A
2c37_V	3dd6_A
2c37_V	2c37_I
2c37_V	2pnz_B
2c3h_B	2c3h_B
2c3q_A	2c3q_A
2c3q_A	2c3q_B
2c3q_A	2c3q_A
2c3q_A	1pn9_A
2c3q_A	1jlv_A
2c3q_A	1jlv_B
2c3q_A	1pn9_B
2c3q_A	3gh6_A
2c3q_A	1r5a_A
2c3q_A	4png_B
2c3q_A	2imk_A
2c3q_A	2imk_B
2c3q_A	2imk_A
2c3q_A	3zmk_B
2c3q_A	3g7j_B
2c3q_A	3g7j_A
2c3q_A	6keo_AA
2c3q_A	7ebv_B
2c3q_A	7ebt_B
2c3q_A	5f8b_A
2c3q_A	8ix7_B
2c3q_A	5a4u_A
2c3q_A	1bx9_A
2c3q_A	1gnw_A
2c3q_A	1gnw_B
2c3q_A	1gnw_A
2c3q_A	5a4v_A
2c3q_A	5a4w_A
2c3q_A	1bye_A
2c3q_A	6riv_A
2c3q_A	6zb6_C
2c3q_A	6f01_B
2c43_A	2c43_A
2c43_A	2c43_A
2c4i_A	2c4i_A
2c5s_A	2c5s_A
2c60_A	2c60_A
3da1_A	3da1_A
3da1_A	2rgo_A
3da1_A	2rgh_A
3da1_A	2rgo_A
3da1_A	2qcu_B
3da1_A	2qcu_A
3da1_A	2r45_A
3da1_A	2r46_A
3db7_A	3db7_A
3dba_A	3dba_A
3dc7_B	3dc7_B
3dci_A	3dci_A
3ddd_A	3ddd_A
3ddn_A	3ddn_A
3ddn_A	3dc2_A
3ddn_A	3ddn_B
3ddt_A	3ddt_A
3ddv_B	3ddv_B
3dez_A	3dez_A
3dez_A	4rv4_B
3df6_C	3df6_C
3dgc_M	3dgc_M
3dgc_M	1ykb_A
3dgc_R	3dgc_R
3dge_B	3dge_B
3dge_B	2c2a_A
3dge_B	4biw_A
3dge_B	4biw_B
3dge_B	4biz_A
3dge_B	4biz_C
3dge_B	4u7o_A
3dge_B	5c93_A
3dge_B	6dk7_D
3dge_B	3d36_B
3dge_B	4xiv_A
3dge_B	4xiv_A
3dge_B	4xiv_B
3dgm_A	3dgm_A
3dgm_A	2p09_A
3dh0_A	3dh0_A
3dha_A	3dha_A
3dha_A	2br6_A
3dha_A	3dhc_A
3dha_A	7l5f_A
3dha_A	3aj3_A
3dha_A	2r2d_A
3dha_A	6n9q_D
3dha_A	6cgy_A
3dha_A	6cgz_A
3dha_A	6n9r_A
3dhh_E	3dhh_E
3dhh_E	3q14_E
3dhh_E	3q3m_E
3dhi_A	3dhi_A
3dhi_A	1t0q_A
3dhi_A	1t0r_A
3dhi_A	2ind_A
3dhi_A	3q14_A
3dhi_A	3q2a_A
3dhi_A	3q3m_A
3dhi_A	3q3n_A
3dhi_A	3q3n_A
3dhi_A	3q3o_A
3dhi_A	3rmk_A
3dhi_A	5tds_A
3dhi_A	5tds_D
3dhi_A	2inn_A
3dhi_A	2inn_B
3dhi_A	3u52_A
3dhi_A	6vk4_A
3dhi_A	1fz6_B
3dhi_A	1fz8_A
3dhi_A	1fz9_A
3dhi_A	1fzh_A
3dhi_A	1xmf_A
3dhi_A	1xmh_B
3dhi_A	1xu3_A
3dhi_A	1xvd_A
3dhi_A	1xve_A
3dhi_A	1xvf_A
3dhi_A	1xvg_A
3dhi_A	6vk4_E
3di4_A	3di4_A
3djb_A	3djb_A
3djb_A	2pq7_A
3djb_A	5dqw_A
3djb_A	2qgs_A
3djl_A	3djl_A
3dkx_C	3dkx_C
3dkx_C	3dkx_A
3dlc_A	3dlc_A
3dlc_A	3dlc_A
3dm5_B	3dm5_B
3dm5_B	3dm5_A
3dm5_B	7obr_x
3dpg_A	3dpg_A
3dpg_A	3dw9_A
3dpg_A	3mqy_A
3dr2_A	3dr2_A
3dr2_A	7pld_B
3dr2_A	7plb_A
3dr2_A	7plb_B
3dr2_A	5gx1_A
3dr2_A	5d9b_A
3dr2_A	3e5z_A
3dr2_A	4gnc_A
3dr2_A	3g4h_A
3dr2_A	4gn8_A
3dr2_A	4gn9_A
3dr2_A	4gna_A
3dr2_A	4gnc_A
3dt5_A	3dt5_A
3dtf_A	3dtf_A
3dtf_A	3dtg_A
3dtf_A	3dtg_B
3dtf_A	3dtg_A
3dtf_A	5u3f_B
3dtf_A	2cog_A
3dtf_A	7ntr_A
3dtf_A	1ekf_A
3dtf_A	1ekf_B
3dtf_A	1ekp_A
3dtf_A	1ekp_B
3dtf_A	1ekv_A
3dtf_A	1ekv_B
3dtf_A	1kt8_B
3dtf_A	1kta_A
3dtf_A	1kta_B
3dtf_A	1kta_A
3dtf_A	2a1h_A
3dtf_A	2hdk_A
3dtf_A	2hdk_B
3dtf_A	2hdk_B
3dtf_A	5i5s_A
3dtf_A	2abj_A
3dtf_A	2abj_A
3dtf_A	3uzo_A
3dtn_A	3dtn_A
3dwb_A	3dwb_A
3dwb_A	3zuk_B
3dwb_A	3zuk_A
3dwb_A	4iuw_A
3dwb_A	6suk_A
3dwb_A	1dmt_A
3dwb_A	1r1h_A
3dwb_A	1r1i_A
3dwb_A	4cth_A
3dwb_A	4cth_A
3dwb_A	4zr5_A
3dwb_A	5v48_A
3dwb_A	6svy_A
3dwb_A	6xvp_A
3dws_B	3dws_B
3dws_B	3dwr_A
3dws_B	1vju_B
3dws_B	3dwr_B
3dws_B	3dwr_A
3dx5_A	3dx5_A
3dxp_A	3dxp_A
3dxp_A	3ats_A
3dxp_A	3att_A
3dxp_A	3att_A
3dxz_A	3dxz_A
3dxz_A	3dxy_A
3dza_C	3dza_C
3dzd_B	3dzd_B
3dzd_B	3dzd_A
3dzd_B	1ny5_A
3dzd_B	1ny5_B
3dzd_B	5m7o_A
3dzd_B	5m7n_A
3dzd_B	5m7p_A
3dzm_A	3dzm_A
3dzv_A	3dzv_A
3dzv_A	3dzv_A
3e03_A	3e03_A
3e03_A	3kvo_B
3e0x_A	3e0x_A
3e15_D	3e15_D
3e1z_A	3e1z_A
3e23_A	3e23_A
3e23_A	3e23_A
3e38_B	3e38_B
3e39_B	3e39_B
3e39_B	3e39_A
3e3c_A	3e3c_A
3e3r_A	3e3r_A
3e3z_A	3e3z_A
3e3z_A	3dze_A
3e4a_B	3e4a_B
3e4o_A	3e4o_A
3e4v_B	3e4v_B
3e4v_B	3e4v_A
3e4v_B	3hmz_A
3e4w_A	3e4w_A
3e54_B	3e54_B
3e6c_A	3e6c_A
3e6u_A	3e6u_A
3e6u_A	3e73_A
3e6u_A	8czl_A
3e81_A	3e81_A
3e81_A	3e84_A
3e81_A	4hgo_A
3e81_A	3i6b_B
3e81_A	2r8e_E
3e81_A	1k1e_A
3e81_A	4hgp_A
3e81_A	3mmz_D
3e8s_A	3e8s_A
3e8s_A	3e8s_A
3e8w_A	3e8w_A
3ea3_A	3ea3_A
3ea3_A	1t6m_A
3ea3_A	3ea1_A
3ea3_A	4i90_A
3ea3_A	4i8y_A
3ea3_A	3v1h_A
3ea3_A	4i90_A
3ea3_A	4i9j_A
3eaf_A	3eaf_A
3ebe_C	3ebe_C
3ec6_A	3ec6_A
3ec7_A	3ec7_A
3ec7_A	3nt5_B
3ec7_A	3nt5_A
3ec7_A	4l8v_A
3ec7_A	4min_A
3ec7_A	4mio_A
3ec7_A	4mio_D
3ec7_A	4mjl_D
3ec7_A	3cea_C
3ec7_A	3cea_A
3ec7_A	4n54_A
3ed1_A	3ed1_A
3ed1_A	2zsi_A
3ed1_A	2zsh_A
3ed1_A	2zsi_A
3edo_A	3edo_A
3edo_A	4j8p_A
3edo_A	3klb_A
3edo_A	3klb_A
3ee6_A	3ee6_A
3ee6_A	3edy_A
3ee6_A	1t1e_A
3eer_A	3eer_A
3eer_A	3lus_B
3ef1_A	3ef1_A
3ef1_A	3ef0_A
3ef1_A	4xpz_A
3egi_A	3egi_A
3egi_A	3gdh_A
3ehg_A	3ehg_A
3eks_A	3eks_A
3eks_A	1c0f_A
3eks_A	1c0g_A
3eks_A	1d4x_A
3eks_A	1dej_A
3eks_A	1eqy_A
3eks_A	1esv_A
3eks_A	1j6z_A
3eks_A	1kxp_A
3eks_A	1lot_B
3eks_A	1ma9_B
3eks_A	1mdu_A
3eks_A	1nlv_A
3eks_A	1nm1_A
3eks_A	1nmd_A
3eks_A	1qz6_A
3eks_A	1rfq_B
3eks_A	1t44_A
3eks_A	1yag_A
3eks_A	1yvn_A
3eks_A	2a41_A
3eks_A	2hmp_A
3eks_A	2q97_A
3eks_A	3a5m_A
3eks_A	3chw_A
3eks_A	3daw_A
3eks_A	3ffk_A
3eks_A	3m1f_A
3eks_A	3mn7_A
3eks_A	3tu5_A
3eks_A	3u4l_A
3eks_A	3u9d_A
3eks_A	3w3d_A
3eks_A	4b1v_A
3eks_A	4pki_A
3eks_A	4rwt_A
3eks_A	5ce3_A
3eks_A	5mvv_A
3eks_A	5zza_A
3eks_A	6i4g_A
3eks_A	6i4i_A
3eks_A	7k21_A
3eks_A	8a2r_A
3eks_A	4cbx_A
3eks_A	4pl8_B
3eks_A	5i9e_B
3eks_A	2p9u_A
3eks_A	1u2v_A
3eks_A	2p9n_A
3eks_A	8tah_A
3eks_A	5i9e_A
3eks_A	5i9e_A
3eks_A	8a5d_W
3ela_T	3ela_T
3elv_A	3elv_A
3en8_A	3en8_A
3en9_A	3en9_A
3eo7_A	3eo7_A
3eof_B	3eof_B
3eof_B	3eof_A
3eof_B	1zch_A
3eoz_B	3eoz_B
3eoz_B	6cnl_L
3eph_A	3eph_A
3eps_A	3eps_A
3eps_A	3eps_A
3eps_A	6k5l_A
3epz_A	3epz_A
3eqm_A	3eqm_A
3eqm_A	3s79_A
3eqm_A	5jkw_A
3eqm_A	3mzs_A
3eqm_A	3mzs_A
3eqm_A	3na1_A
3eqm_A	3n9y_A
3eqm_A	3na0_A
3eqm_A	8gk3_A
3eqm_A	1tqn_A
3eqm_A	8so2_A
3eqm_A	4k9u_A
3eqm_A	6c94_A
3eqm_A	6j95_A
3eqm_A	6l8h_A
3eqo_A	3eqo_A
3eqo_A	3eqn_A
3eqo_A	5m60_A
3err_A	3err_A
3es7_A	3es7_A
3es7_A	3rcy_F
3es7_A	3q4d_A
3es7_A	3q45_A
3es7_A	3jzu_B
3es7_A	3jw7_A
3es7_A	3k1g_A
3es7_A	3kum_A
3es7_A	2p8c_A
3es7_A	2p88_A
3es7_A	3rit_A
3es7_A	2zad_A
3es7_A	3des_A
3es7_A	3der_A
3es7_A	3fv9_C
3es7_A	3ijl_A
3es7_A	3ijq_A
3es7_A	3r1z_B
3es7_A	3r11_B
3es7_A	3r1z_A
3es7_A	4j1o_A
3etd_A	3etd_A
3etd_A	3ete_A
3etd_A	6dhd_A
3etd_A	6dhm_F
3etd_A	8ar7_E
3eu3_A	3eu3_A
3eu9_A	3eu9_A
3q33_A	3q33_A
3q33_A	3q33_A
3q4q_A	3q4q_A
3q4q_A	3q4o_A
3q4q_A	3q4r_A
3q6k_B	3q6k_B
3q6k_B	3q6k_A
3q7s_B	3q7s_B
3q87_B	3q87_B
3q87_A	3q87_A
3q8x_D	3q8x_D
3q8x_D	3q8x_D
3q9b_A	3q9b_A
3q9b_A	3q9b_B
3q9b_A	3q9e_A
3q9b_A	6phr_B
3q9b_A	6phz_A
3q9b_A	6pi1_B
3q9b_A	6pia_A
3q9o_A	3q9o_A
3q9o_A	3q9o_A
3qb5_K	3qb5_K
3qb8_A	3qb8_A
3qbd_B	3qbd_B
3qbd_B	2gru_A
3qbd_B	3okf_B
3qbd_B	3okf_A
3qbd_B	1xag_A
3qbd_B	3clh_B
3qbd_B	3clh_A
3qbd_B	5hvn_A
3qbd_B	6lk2_B
3qbd_B	6lla_B
3qbd_B	3zok_A
3qbd_B	3zok_B
3qbd_B	3zok_C
3qbd_B	3zok_A
3qbd_B	4p53_A
3qbd_B	4p53_A
3qbd_B	5tpr_A
3qbv_B	3qbv_B
3qc5_X	3qc5_X
3qcj_A	3qcj_A
3qcj_A	2i3r_A
3qcj_A	2i4g_A
3qcj_A	1bzj_A
3qcj_A	5qel_A
3qcj_A	1bzj_A
3qcj_A	1c84_A
3qcj_A	1c86_A
3qcj_A	1c87_A
3qcj_A	1c88_A
3qcj_A	1ecv_A
3qcj_A	1gfy_A
3qcj_A	1jf7_A
3qcj_A	1l8g_A
3qcj_A	1nl9_A
3qcj_A	1nny_A
3qcj_A	1no6_A
3qcj_A	1nz7_A
3qcj_A	1nz7_A
3qcj_A	1onz_A
3qcj_A	1ph0_A
3qcj_A	1pyn_A
3qcj_A	1q6n_A
3qcj_A	1q6p_A
3qcj_A	1q6s_A
3qcj_A	1q6t_A
3qcj_A	7fqx_A
3qcj_A	7gsh_A
3qcj_A	7gsu_A
3qcj_A	7gsz_A
3qcj_A	7gtp_A
3qcj_A	7gtr_A
3qcj_A	7gts_A
3qcj_A	7gtv_A
3qcj_A	4ge5_A
3qcj_A	4gfv_A
3qdh_A	3qdh_A
3qdk_A	3qdk_A
3qdk_A	3l0q_A
3qdk_A	5ya2_A
3qdk_A	5ya1_A
3qdk_A	6zq4_F
3qdk_A	6j9v_A
3qdk_A	3wxl_D
3qdk_A	3wxj_A
3qdk_A	3wxj_B
3qdk_A	3wxl_A
3qdk_A	5azi_A
3qdk_A	6j9q_A
3qdk_A	6jaf_A
3qdk_A	3ge1_A
3qdk_A	1bwf_O
3qdk_A	1glb_A
3qdk_A	1glc_G
3qdk_A	1gld_G
3qdk_A	1gll_O
3qdk_A	6ude_B
3qdn_A	3qdn_A
3qe5_A	3qe5_A
3qe5_A	6e3f_A
3qe6_B	3qe6_B
3qe6_B	3q0k_D
3qe7_A	3qe7_A
3qe7_A	5xls_A
3qef_B	3qef_B
3qef_B	4mlg_G
3qef_B	5glo_A
3qef_B	5gll_A
3qef_B	5gln_A
3qef_B	6xn1_B
4dq1_B	4dq1_B
4dq1_B	1bo7_A
4dq1_B	1bo7_A
4dq1_B	1jmf_A
4dq1_B	1jmg_A
4dq1_B	1lca_A
4dq1_B	1lcb_A
4dq1_B	1lcb_A
4dq1_B	1lce_A
4dq1_B	1lce_A
4dq1_B	1nja_A
4dq1_B	1tsl_A
4dq1_B	1tsx_A
4dq1_B	1tsy_A
4dq1_B	1tsz_A
4dq1_B	1tvu_A
4dq1_B	1tvv_A
4dq1_B	1tvw_A
4dq1_B	1vza_A
4dq1_B	1vzb_A
4dq1_B	1vzc_A
4dq1_B	1vzd_A
4dq1_B	1vze_A
4dq1_B	2tdd_A
4dq1_B	3uwl_A
4dq1_B	3uwl_B
4dq1_B	3uwl_B
4dq1_B	4dq1_A
4dq1_B	1j3i_D
4dq1_B	1j3i_C
4dq1_B	1j3k_C
4dq1_B	1j3k_D
4dq1_B	4eb4_B
4dq1_B	1i00_A
4dq1_B	1i00_B
4dq1_B	2tsr_B
4dq1_B	3hb8_A
4dq1_B	3hb8_B
4dq1_B	3ob7_A
4dq1_B	4ez8_A
4dq1_B	4g2o_X
4dq1_B	4irr_A
4dq1_B	4irr_B
4dq1_B	4up1_A
4dq1_B	4xsc_B
4dq1_B	5by6_A
4dq1_B	5by6_B
4dq1_B	5fct_A
4dq1_B	5wrn_D
4dq1_B	5x69_A
4dq1_B	6y08_A
4dq1_B	1aob_A
4dq1_B	1axw_A
4dq1_B	1axw_B
4dq1_B	1bdu_A
4dq1_B	1bdu_A
4dq1_B	1bjg_A
4dq1_B	1bq1_A
4dq1_B	1bq1_B
4dq1_B	1ddu_A
4dq1_B	1ddu_B
4dq1_B	1dna_A
4dq1_B	1dna_B
4dq1_B	1f4c_A
4dq1_B	1f4c_B
4dq1_B	1f4d_A
4dq1_B	1f4d_B
4dq1_B	1f4e_A
4dq1_B	1f4e_A
4dq1_B	1f4f_A
4dq1_B	1f4f_B
4dq1_B	1f4f_A
4dq1_B	1f4g_A
4dq1_B	1f4g_B
4dq1_B	1f4g_A
4dq1_B	1jg0_A
4dq1_B	1jg0_B
4dq1_B	1jtq_A
4dq1_B	1jtq_B
4dq1_B	1jtu_A
4dq1_B	1jtu_B
4dq1_B	1kce_A
4dq1_B	1kce_B
4dq1_B	1kzi_A
4dq1_B	1nce_A
4dq1_B	1nce_B
4dq1_B	1syn_A
4dq1_B	1syn_B
4dq1_B	1tdu_A
4dq1_B	1tdu_B
4dq1_B	1tlc_A
4dq1_B	1trg_A
4dq1_B	1tsd_A
4dq1_B	1tsd_B
4dq1_B	1tsn_A
4dq1_B	1tys_A
4dq1_B	1zpr_A
4dq1_B	1zpr_B
4dq1_B	2bbq_A
4dq1_B	2bbq_B
4dq1_B	2kce_A
4dq1_B	2kce_B
4dq1_B	3bgx_A
4dq1_B	4gev_A
4dq1_B	4lrr_A
4dq1_B	7jxf_A
4dq1_B	4xsd_A
4dq1_B	4xsd_B
4dq1_B	4h0u_B
4dq1_B	4fog_A
4dq1_B	4h0u_A
4dq1_B	1f28_A
4dq1_B	1ci7_B
4dq1_B	1f28_B
4dq5_A	4dq5_A
4dsh_A	4dsh_A
4dsh_A	5vwu_A
4dsh_A	3ukk_A
4dsh_A	3ukh_C
4dsh_A	3ukk_C
4dsh_A	4u8k_A
4dsh_A	5hhf_A
4dsh_A	5vwt_C
4dtf_A	4dtf_A
4dtf_A	4dth_A
4dtf_A	4dtl_A
4dtf_A	4e1c_A
4dtf_A	4gqk_A
4dve_A	4dve_A
4dve_A	4dve_A
4dvl_A	4dvl_A
4dvl_A	4dvl_B
4dvl_A	4dvn_A
4dvl_A	4dw3_A
4dvl_A	4dw4_B
4dvl_A	4dw5_B
4dvl_A	4dwc_A
4dwr_B	4dwr_B
4dwr_B	4dwq_A
4dwr_B	4isz_A
4dwr_B	4isz_A
4dwr_B	8dc9_A
4dwr_B	8dcb_A
4dwr_B	8dcd_A
4dwr_B	8dcf_A
4dwr_B	8odp_A
4dwr_B	7p3b_B
4dwr_B	8odo_A
4dwz_C	4dwz_C
4dwz_C	5gl2_A
4dwz_C	5gl3_A
4dwz_C	5gl4_A
4dx2_A	4dx2_A
4dx2_A	3w9f_A
4dx2_A	2pnn_A
4dx9_A	4dx9_A
4dx9_A	4dx9_B
4dx9_C	4dx9_C
4dxg_A	4dxg_A
4dxg_A	2r61_A
4dxr_A	4dxr_A
4dya_B	4dya_B
4dya_B	4dya_A
4dzr_A	4dzr_A
4dzz_A	4dzz_A
4dzz_A	4dzz_A
4dzz_A	4e07_B
4e0y_A	4e0y_A
4e19_A	4e19_A
4e2o_A	4e2o_A
4e2o_A	2gvy_A
4e2o_A	2taa_A
4e2o_A	6xsj_B
4e2o_A	6xsv_A
4e2o_A	6yq9_AAA
4e2o_A	6yqb_AAA
4e2o_A	2dh3_A
4e2o_A	5h06_B
4e2q_A	4e2q_A
4e2q_A	4e2s_A
4e2q_A	4e2s_B
4e2x_A	4e2x_A
4e2x_A	5t64_A
4e2x_A	4rvd_A
4e2x_A	4rv9_A
4e2x_A	4rvd_A
4e2x_A	4rvf_A
4e45_D	4e45_D
4e45_E	4e45_E
4e4w_B	4e4w_B
4e4w_B	3kdk_A
4e4w_B	6rmn_B
4e5v_A	4e5v_A
4e6k_G	4e6k_G
4e6n_A	4e6n_A
4e6n_A	3ty5_A
4e6n_A	3ty5_B
4e6r_A	4e6r_A
4e6x_C	4e6x_C
4e6x_C	4e6w_B
4e6x_C	2ffy_A
4e6x_C	4kz8_B
4e6x_C	1fco_A
4e6x_C	1fr6_A
4e6x_C	1fsw_A
4e6x_C	1fsw_B
4e6x_C	1fsy_A
4e6x_C	1fsy_B
4e6x_C	1ga9_A
4e6x_C	1i5q_A
4e6x_C	1iel_A
4e6x_C	1iem_A
4e6x_C	1kds_A
4e6x_C	1kdw_A
4e6x_C	1ke0_A
4e6x_C	1ke3_A
4e6x_C	1kvl_A
4e6x_C	1kvm_A
4e6x_C	1ll9_A
4e6x_C	1llb_A
4e6x_C	1mxo_A
4e6x_C	1my8_A
4e6x_C	3bls_A
4e6x_C	7ti1_A
4e6x_C	1ga0_A
4e6x_C	1onh_A
4e8c_A	4e8c_A
4e8c_A	3thc_A
4e8c_A	3thd_A
4e8c_A	3wez_A
4e8c_A	3w5f_A
4e8c_A	3w5g_A
4e8w_A	4e8w_A
4e8w_A	4e84_A
4eag_C	4eag_C
4eag_C	4eaj_C
4eag_C	4eak_C
4eag_C	3te5_C
4eag_C	3te5_C
4eag_C	2oox_E
4eag_C	2ooy_E
4eag_C	2qrd_B
4eag_C	2qrd_G
4eax_A	4eax_A
4eax_A	1btg_B
4ebb_A	4ebb_A
4ebb_A	3n0t_A
4ebb_A	8b57_A
4ebk_A	4ebk_A
4ecg_A	4ecg_A
4edg_A	4edg_A
4edg_A	4edk_A
4edg_A	4edr_A
4edg_A	4edt_A
4edg_A	4edv_A
4edg_A	4ee1_A
4eec_A	4eec_A
4eec_A	3mgc_A
4eec_A	3mgb_A
4efq_A	4efq_A
4efq_A	4efp_A
4eg9_A	4eg9_A
4evy_A	4evy_A
4evy_A	1s5k_A
4evy_A	1s3z_A
4evy_A	1s60_A
4ew2_A	4ew2_A
4ew2_A	1men_A
4ew2_A	1njs_A
4ew2_A	8fjv_A
4ew2_A	8fjw_A
4ew2_A	8fjx_A
4ew2_A	8fjy_A
4ew2_A	1c2t_A
4ew2_A	3gar_A
4ew2_A	1c2t_B
4ew2_A	1c3e_A
4ew2_A	1c3e_B
4ew2_A	1cde_A
4ew9_A	4ew9_A
4ew9_A	4yz0_A
4ewl_A	4ewl_A
4ewl_A	1q7t_A
4ews_A	4ews_A
4ews_A	2obd_A
4ewt_A	4ewt_A
4ewt_A	6slf_A
4ex8_A	4ex8_A
4ex8_A	4gij_A
4ex8_A	4gik_A
4exo_A	4exo_A
4eyq_A	4eyq_A
4eyq_A	4jb0_A
4eyq_A	4dqd_A
4eyq_A	3sg0_A
4f0l_B	4f0l_B
4f0l_B	4rdv_B
4f0p_B	4f0p_B
4f1j_A	4f1j_A
4f2d_A	4f2d_A
4f2d_A	2hxg_A
4f2f_A	4f2f_A
4f3s_A	4f3s_A
4f3s_A	4zef_A
4f3s_A	2v25_A
4f3s_A	2ia4_B
4f3s_A	2yjp_A
4f3s_A	1xt8_B
4f3s_A	6fxg_B
4f3s_A	4h5f_A
4f42_A	4f42_A
4f48_B	4f48_B
4f48_B	4f48_B
4f48_B	4fou_B
4f8l_A	4f8l_A
4f8l_A	4f8n_A
4f8l_A	4f8p_B
4f8l_A	5ln4_C
4f9j_A	4f9j_A
4fbk_A	4fbk_A
4fdu_A	4fdu_A
4fdu_A	7r5y_E
4g3f_A	4g3f_A
4g3f_A	4idt_B
4g3f_A	4bie_A
4g4x_A	4g4x_A
4g4x_A	4g4w_A
4g4x_A	5n2c_A
4g4x_A	5lkw_A
4g4x_A	4r40_D
4g4x_A	4pwt_C
4g4x_A	4pwt_C
4g4x_A	3oon_A
4g5q_B	4g5q_B
4g67_A	4g67_A
4g67_A	4g67_A
4g67_A	5zu0_A
4g6h_A	4g6h_A
4g6h_A	4g6g_B
4g6h_A	4g73_A
4g6h_A	4g74_A
4g6h_A	4gap_A
4g6h_A	4gav_A
4g6h_A	5yjw_A
4g6h_A	5jwb_A
4g6h_A	5jwa_A
4g6h_A	5kmr_D
4g6h_A	4nwz_A
4g6h_A	6bdo_B
4g6h_A	5na1_A
4g6u_A	4g6u_A
4g75_A	4g75_A
4g97_A	4g97_A
4g9p_A	4g9p_A
4g9p_A	4s23_A
4g9p_A	4s3d_A
4gah_A	4gah_A
4gah_A	4gah_B
4gbz_A	4gbz_A
4gbz_A	4gby_A
4gbz_A	5c65_A
4gbz_A	4zw9_A
4gbz_A	7aar_A
4gbz_A	6h7d_A
4gbz_A	6m20_B
4gc9_A	4gc9_A
4gc9_A	4gc9_A
4gcz_A	4gcz_A
4gd9_B	4gd9_B
4gdf_A	4gdf_A
4gdz_A	4gdz_A
4gej_E	4gej_E
4gej_E	4r7x_A
4gek_A	4gek_A
4gek_A	1im8_A
4gek_A	1im8_A
4gek_A	4gek_G
4gey_A	4gey_A
4gez_A	4gez_A
4gez_A	4fvk_A
4gez_A	1a4q_A
4gez_A	1a4q_B
4gez_A	1b9s_A
4gez_A	1b9t_A
4gez_A	1inf_A
4gez_A	1inv_A
4gez_A	1inv_A
4gez_A	1nsd_A
4gez_A	1nsd_B
4gez_A	1nsd_A
4gez_A	3k37_A
4gez_A	4cpm_A
4gez_A	3cl2_A
4gez_A	3sal_A
4gez_A	3san_A
4gez_A	4qn5_A
4gez_A	1ing_A
4gez_A	1ing_B
4gez_A	1inh_A
4gez_A	1inh_B
4gez_A	1inh_A
4gez_A	1inh_B
4gez_A	1inw_A
4gez_A	1inw_A
4gez_A	1inx_A
4gez_A	1ive_A
4gez_A	1ive_B
4gez_A	1ivf_A
4gez_A	1ivf_B
4gez_A	2bat_A
4gez_A	4h52_A
4gez_A	4h53_A
4gez_A	6crd_A
4gez_A	1bji_A
4gez_A	1f8c_A
4gez_A	1f8c_A
4gez_A	1f8d_A
4gez_A	1f8d_A
4gez_A	1f8e_A
4gez_A	1iny_A
4gez_A	1l7g_A
4gez_A	1l7h_A
4gez_A	1mwe_A
4gez_A	1nnc_A
4gez_A	2qwc_A
4gez_A	2qwd_A
4gez_A	2qwe_A
4gez_A	2qwf_A
4gez_A	2qwg_A
4gez_A	2qwh_A
4gez_A	2qwi_A
4gez_A	2qwi_A
4gez_A	2qwj_A
4gez_A	2qwk_A
4gez_A	4dgr_A
4gez_A	4weg_A
4gez_A	6crd_B
4gfj_A	4gfj_A
4ggk_A	4ggk_A
4ggk_A	4ggj_A
4ggk_A	4gel_B
4ggm_X	4ggm_X
4gi2_A	4gi2_A
4gi2_A	4gi2_A
4gi2_A	4y0k_A
4gi2_A	6na4_B
4gi2_A	6na4_A
4gi2_A	6na3_A
4gi2_A	6na4_C
4gi2_A	6na3_C
4gi2_A	4a0s_A
4gi2_A	4a0s_D
4gi2_A	4a0s_A
4gi2_A	6owe_B
6i3y_F	6i3y_F
6i5b_A	6i5b_A
6i5r_A	6i5r_A
6i5s_A	6i5s_A
6i79_A	6i79_A
6i79_A	1nas_A
6i79_A	1nas_A
6i79_A	1oaa_A
6i79_A	1sep_A
6i79_A	1sep_A
6i79_A	4hwk_A
6i79_A	4j7u_A
6i79_A	4j7u_A
6i79_A	4j7x_A
6i79_A	4xwy_A
6i79_A	7dsf_A
6i7s_B	6i7s_B
6i8x_A	6i8x_A
6i8y_A	6i8y_A
6i8y_A	2ns2_A
6i8y_A	5lug_B
6ia6_A	6ia6_A
6ia6_A	5l7j_A
6iae_A	6iae_A
6iah_A	6iah_A
6ibb_C	6ibb_C
6ibb_C	8j6p_R
6ibb_C	8j6q_R
6ibb_C	8jim_E
6ibb_C	8kh5_A
6ibb_C	8hqm_R
6ibb_C	8hqn_R
6ibi_C	6ibi_C
6ica_C	6ica_C
6icz_Q	6icz_Q
6icz_Q	4pj3_A
6icz_Z	6icz_Z
6icz_Z	8c6j_h
6id0_U	6id0_U
6idf_C	6idf_C
6idy_A	6idy_A
6iej_A	6iej_A
6ifb_B	6ifb_B
6ifd_B	6ifd_B
6ifd_B	1eyr_A
6ifd_B	1eyr_B
6ifd_B	1eyr_A
6ifd_B	6ckk_A
6ifd_B	6ckl_A
6ifd_B	6ckm_A
6ifd_B	1qwj_B
6ifd_B	1qwj_A
6ifd_B	1qwj_B
6igj_A	6igj_A
6ih7_A	6ih7_A
6ih7_A	6ih1_A
6iii_A	6iii_A
6iii_A	6lna_B
6iii_A	6eac_A
6iiy_A	6iiy_A
6iiy_A	2x9l_A
6iiy_A	2xad_A
6iiy_A	3dff_A
6ilb_A	6ilb_A
6ilb_A	6il9_A
6ils_B	6ils_B
6ils_B	5wbm_B
6ils_B	6ul7_A
6ils_B	3nbv_B
6ils_B	3nca_A
6ils_B	6ul7_A
6ils_B	8omk_A
6ils_B	8omk_B
6ils_B	3in1_A
6ils_B	3in1_A
6ils_B	3uq6_A
6ils_B	3uq9_A
6ils_B	4dc3_B
6ils_B	4k8p_A
6ils_B	3ubo_A
6ils_B	4jku_A
6ils_B	4kah_A
6ils_B	4kal_A
6ils_B	4kbe_A
6ils_B	4lbx_A
6ils_B	4lc4_A
6ils_B	3loo_B
6ils_B	2i6a_B
6ils_B	1bx4_A
6ils_B	1bx4_A
6ils_B	2i6b_A
6ils_B	4o1l_B
6ils_B	4n09_A
6ils_B	2xtb_A
6ils_B	3otx_B
6ils_B	1gqt_B
6ils_B	1rk2_A
6ils_B	1rk2_B
6ils_B	1rk2_B
6ils_B	1rkd_A
6ils_B	1rks_A
6ils_B	6a8a_A
6ils_B	6a8b_A
6ils_B	6a8c_A
6ils_B	2c49_A
6ils_B	2pkf_A
6ils_B	2pkk_A
6ils_B	2pkk_A
6ils_B	2pkm_A
6ils_B	2pkn_A
6ils_B	2pkn_A
6ils_B	4o1g_A
6ils_B	4pvv_A
6ils_B	4ube_A
6ils_B	6c67_B
6ils_B	6c9n_B
6ils_B	6c9p_B
6ils_B	6c9q_A
6ils_B	2dcn_A
6ils_B	2dcn_D
6ils_B	2var_A
6ils_B	3i3y_D
6ils_B	3ikh_A
6imc_D	6imc_D
6imc_D	6ie2_F
6imc_D	6ksf_A
6ime_A	6ime_A
6ime_A	2vg2_A
6ime_A	2vg3_A
6ime_A	6ime_B
6imj_A	6imj_A
6imq_B	6imq_B
6imv_A	6imv_A
6in7_B	6in7_B
6inw_B	6inw_B
6inw_B	6j1o_A
6inw_B	6ix7_A
7urp_A	7urp_A
7us5_A	7us5_A
7us5_A	2pk3_A
7us5_A	2pk3_A
7us5_A	6k0g_A
7us5_A	1gy8_A
7us5_A	1gy8_C
7us5_A	1gy8_B
7us5_A	1i3k_A
7us5_A	1ek5_A
7us5_A	1ek6_A
7us5_A	1ek6_B
7us5_A	1ek6_A
7us5_A	1hzj_A
7us5_A	1hzj_B
7us5_A	1i3k_B
7us5_A	1i3l_A
7us5_A	1i3l_B
7us5_A	1i3l_A
7us5_A	1i3m_A
7us5_A	1i3m_B
7us5_A	1i3m_A
7us5_A	1i3n_A
7us5_A	1i3n_B
7us5_A	3enk_B
7us5_A	1a9y_A
7us5_A	1a9z_A
7us5_A	1kvq_A
7us5_A	1kvr_A
7us5_A	1kvs_A
7us5_A	1kvt_A
7us5_A	1kvu_A
7us5_A	1lrj_A
7us5_A	1lrk_A
7us5_A	1lrl_A
7us5_A	1nah_A
7us5_A	1nai_A
7us5_A	1nai_A
7us5_A	1uda_A
7us5_A	1udb_A
7us5_A	1udc_A
7us5_A	1xel_A
7us5_A	2udp_A
7us5_A	2udp_B
7us5_A	2udp_A
7us5_A	2c20_A
7us5_A	4twr_A
7us5_A	4lis_A
7us5_A	1i24_A
7us5_A	1i24_A
7us5_A	1i2c_A
7us5_A	1qrr_A
7usl_C	7usl_C
7utd_A	7utd_A
7utd_A	8dqv_A
7utd_A	5aa5_G
7utd_A	5aa5_C
7utd_A	6ehs_L
7utd_A	5xvc_L
7utd_A	7vxq_A
7utd_A	1yqw_R
7utd_A	1frf_L
7utd_A	1yqw_Q
7utd_A	4ueq_R
7utd_A	1e3d_B
7utd_A	1e3d_B
7utd_A	1frv_B
7utd_A	3rgw_L
7utd_A	4iub_L
7utd_A	5mdl_L
7utd_A	8pou_L
7utd_A	4ue3_LLL
7utd_A	5y34_A
7utd_A	3ayx_A
7utd_A	3ze8_B
7utd_Q	7utd_Q
7utz_R	7utz_R
7uu5_A	7uu5_A
7uvy_C	7uvy_C
7uvy_N	7uvy_N
7uvy_R	7uvy_R
7uvy_e	7uvy_e
7uw1_W	7uw1_W
7uw1_W	7uvx_W
7uww_A	7uww_A
7ux8_A	7ux8_A
7ux8_A	7ux7_A
7uxu_A	7uxu_A
7uy6_D	7uy6_D
7uze_A	7uze_A
7uze_A	2o9e_A
7uze_A	4nef_A
7uze_A	5bn2_A
7uzq_Q	7uzq_Q
7v0f_A	7v0f_A
7v1o_A	7v1o_A
7v1o_A	5x2b_L
7v1o_A	1x8k_A
7v1o_A	1fmj_A
7v1o_A	1fmj_A
7v1o_A	1x8j_A
7v1o_A	5mex_A
7v1o_A	5mek_A
7v1o_A	7eov_A
7v1o_A	3f3y_A
7v1o_A	1efh_B
7v1o_A	1efh_A
7v1o_A	1efh_B
7v1o_A	1j99_A
7v1o_A	1ov4_A
7v1o_A	1ov4_A
7v1o_A	2qp4_A
7v1o_A	3f3y_A
7v1o_A	1q22_A
7v1o_A	1q20_A
7v1o_A	2gwh_A
7v1o_A	2gwh_B
7v1o_A	2zyt_X
7v1o_A	1ls6_A
7v1o_A	2a3r_A
7v1o_A	2zvp_A
7v1o_A	2zvp_X
7v1o_A	2zvq_X
7v1o_A	2zyu_X
7v1o_A	3u3k_A
7v1o_A	3u3o_A
7v1o_A	3ckl_B
7v1o_A	4jvl_A
7v1o_A	1aqu_B
7v1o_A	1aqy_A
7v1o_A	1aqy_B
7v1o_A	1bo6_A
7v1o_A	1bo6_B
7v1o_A	1bo6_A
7v1o_A	1g3m_A
7v1o_A	1g3m_B
7v1o_A	1g3m_A
7v1o_A	1hy3_A
7v1o_A	1hy3_B
7v1o_A	4jvl_A
7v1o_A	4jvm_A
7v1o_A	7r0s_A
7v1v_A	7v1v_A
7v1v_A	7v1w_A
7v1v_A	7v1x_A
7v25_B	7v25_B
7v25_B	7fhr_A
7v2c_J	7v2c_J
7v2c_J	7o71_E
7v2c_J	6yj4_P
7v2c_N	7v2c_N
7v2c_Q	7v2c_Q
7v2c_Q	6ztq_D
7v2c_Q	7qsk_D
7v2c_Q	7v2r_Q
7v2c_Q	7v31_Q
7v2c_Q	8b6f_AE
7v2c_Q	8e9h_D
7v2c_m	7v2c_m
7v2c_p	7v2c_p
7v2c_p	6zka_t
7v2c_p	8om1_n
7v2e_h	7v2e_h
7v2k_e	7v2k_e
7v31_n	7v31_n
7v3n_A	7v3n_A
7v3v_I	7v3v_I
7v4m_B	7v4m_B
7v55_A	7v55_A
7v6p_A	7v6p_A
7v7x_A	7v7x_A
7v7x_A	7w5t_A
7v7x_A	7w5v_A
7v7x_A	7w5s_A
7v8u_A	7v8u_A
7v9o_A	7v9o_A
7vbo_A	7vbo_A
7vbw_A	7vbw_A
7vbw_A	4qht_C
7vbw_A	7ejw_D
7vbw_A	6jdi_A
7vbw_A	5exs_A
7vbw_A	2vii_A
7vbw_A	2c96_A
7vbw_A	4qos_A
7vc0_V	7vc0_V
7vcf_A	7vcf_A
7vcf_F	7vcf_F
7vcf_T	7vcf_T
7vcm_A	7vcm_A
7vcm_A	6wvf_A
7vcm_A	6wvb_A
7vcm_A	8smu_D
7vcn_A	7vcn_A
7vcn_C	7vcn_C
7vd5_x	7vd5_x
7vd5_y	7vd5_y
6b88_A	6b88_A
6b88_A	1kn9_D
6b88_A	3iiq_A
6b88_A	3iiq_B
6bn5_B	6bn5_B
6bn5_B	6bmr_A
6bn5_B	2shp_A
6jq9_B	6jq9_B
6jq9_B	6byt_A
6jq9_B	6byt_B
6jq9_B	6byx_A
6jq9_B	6jq9_B
8vdy_A	8vdy_A
8vdy_A	6c5f_B
8vdy_A	3l5r_C
8vdy_A	7e4a_A
8vdy_A	5bsi_A
8vdy_A	7e4a_B
8vdy_A	5bsi_G
8vdy_A	1ca7_A
8vdy_A	1ca7_B
8vdy_A	1ca7_C
8vdy_A	1ca7_A
8vdy_A	1ljt_A
8vdy_A	1ljt_B
8vdy_A	1ljt_C
8vdy_A	1mfi_A
8vdy_A	1mfi_B
8vdy_A	1mfi_C
8vdy_A	1mfi_A
8vdy_A	3hof_C
8vdy_A	3l5u_A
8vdy_A	4plu_A
8vdy_A	4trf_A
8vdy_A	6fve_A
8vdy_A	6fvh_A
8vdy_A	7e49_A
8vdy_A	7e4b_A
8vdy_A	7e4c_A
8vdy_A	7xtx_B
8vdy_A	3rf4_A
6clv_C	6clv_C
6clv_C	1ad1_A
6clv_C	3h2a_B
6clv_C	3h23_A
6clv_C	3h24_A
6clv_C	3h2n_A
6clv_C	3tye_B
6clv_C	4d8a_A
6clv_C	4nil_A
6clv_C	6q62_A
6clv_C	1aj0_A
6clv_C	1aj0_A
6clv_C	1aj2_A
6clv_C	3tyz_B
6clv_C	3tzf_A
6clv_C	3tzf_B
6clv_C	5u12_B
6clv_C	5u13_A
6clv_C	7s2k_A
6clv_C	7tq1_A
6clv_C	1eye_A
6clv_C	1eye_A
6clv_C	2dzb_A
6clv_C	2dza_B
6clv_C	2veg_A
6clv_C	2y5s_A
6clv_C	2y5s_B
6clv_C	3tr9_A
6clv_C	3tr9_A
6cs9_A	6cs9_A
6cs9_A	1fd4_G
6cs9_A	6cs9_B
6cs9_A	1fd4_H
6cs9_A	6cs9_A
6cwn_A	6cwn_A
6cwn_A	6cwm_A
6ev0_B	6ev0_B
6ev0_B	6ev0_A
6ev0_B	2bgc_D
6ev0_B	2bgc_E
6ev0_B	2beo_A
6ev0_B	5lrr_A
6ev0_B	6hck_A
6ev0_B	6t5i_A
5mf2_D	5mf2_D
5mf2_D	6f2m_D
5mf2_D	5mf2_C
7alf_A	7alf_A
7alf_A	6gl5_A
7alf_A	7pr5_K
1iw7_A	1iw7_A
1iw7_E	1iw7_E
1iwp_A	1iwp_A
1iwp_A	1dio_A
1iwp_A	1dio_E
1iwp_A	1dio_A
1iwp_A	1eex_A
1iwp_A	1eex_E
1iwp_A	1eex_A
1iwp_A	1egm_A
1iwp_A	1egm_E
1iwp_A	1egm_A
1iwp_A	1egv_A
1iwp_A	1egv_E
1iwp_A	1iwb_A
1iwp_A	1iwb_E
1iwp_A	1iwp_E
1iwp_A	1iwp_A
1iwp_A	1mmf_A
1iwp_A	1uc4_A
1iwp_A	1uc4_E
1iwp_A	1uc5_A
1iwp_A	1uc5_E
1iwp_A	3auj_A
1iwp_A	5yrt_G
1iwp_A	7xrl_D
1iwp_B	1iwp_B
1iwp_B	1dio_B
1iwp_B	1dio_C
1iwp_B	1eex_B
1iwp_B	1eex_C
1iwp_B	1eex_B
1iwp_B	1egm_B
1iwp_B	1egm_C
1iwp_B	1egm_B
1iwp_B	1egv_B
1iwp_B	1egv_C
1iwp_B	1iwb_B
1iwp_B	1iwb_C
1iwp_B	1iwp_C
1iwp_B	1iwp_B
1iwp_B	1mmf_B
1iwp_B	1uc4_B
1iwp_B	1uc4_C
1iwp_B	1uc5_B
1iwp_B	1uc5_C
1ix1_A	1ix1_A
1ix1_A	2w3t_A
1ix1_A	1g2a_A
1ix1_A	1lru_A
1ix1_A	2kmn_A
1ix1_A	4al2_B
1ix1_A	4e9a_A
1ix1_A	4e9a_A
1ix1_A	4wxl_A
1ix1_A	4wxl_C
1ix1_A	1rl4_A
1ix1_A	3g5k_B
1ix1_A	3m6r_A
1ix1_A	4je7_B
1ix1_A	4je6_A
1ix1_A	3e3u_A
1ix1_A	3u04_A
1ix1_A	3uwb_A
1ix1_A	1ws1_A
1ix1_A	5kob_A
1ix1_A	5hgw_A
1ix1_A	6ikt_A
1ix1_A	4nt8_A
1ix1_A	5cpd_A
1ix1_A	5cwy_A
1ixe_B	1ixe_B
1ixe_B	1iom_A
1ixe_B	4ybo_B
1ixe_B	2r9e_C
1ixe_B	4ybo_A
1ixe_B	2r9e_D
1ixe_B	2r26_A
1ixe_B	2r26_B
1ixe_B	4ybo_B
1ixe_B	1a59_A
1ixe_B	1a59_A
1ixe_B	1aj8_A
1ixe_B	6aby_A
1ixe_B	8gmi_B
1ixe_B	8glb_D
1ixe_B	3msu_A
1ixe_B	1nxg_A
1ixe_B	1nxg_B
1ixe_B	1nxg_A
1ixe_B	1owb_A
1ixe_B	4jae_A
1ixe_B	2h12_B
1ixy_A	1ixy_A
1ixy_A	1c3j_A
1ixy_A	1j39_A
1ixy_A	1jg6_A
1ixy_A	1jg7_A
1ixy_A	1jiu_A
1ixy_A	1jiv_A
1ixy_A	1jix_A
1ixy_A	1nvk_A
1ixy_A	1nzd_A
1ixy_A	1nzd_A
1ixy_A	1nzf_A
1ixy_A	1qkj_A
1ixy_A	2bgu_A
1j0a_A	1j0a_A
1j0a_A	1j0b_A
1j0a_A	1j0b_A
1j0a_A	1tzj_C
1j0a_A	1tzj_C
1j0a_A	1tzk_C
1j0a_A	1tzm_C
1j0a_A	1f2d_A
1j0a_A	1f2d_B
1j0a_A	1f2d_A
1j0a_A	1j0d_B
1j0a_A	1j0d_A
1j0a_A	1j0e_A
1j0a_A	1j0e_B
1j0a_A	1j0e_A
1j0a_A	4d8w_A
1j0a_A	4d97_A
1j0a_A	4d99_A
1j0a_A	4d9b_A
1j0a_A	4d9e_A
1j0a_A	4d9f_A
1j0a_A	4d9f_A
1kdg_B	1kdg_B
1kdg_B	1kdg_A
1kdg_B	1kdg_A
1kdg_B	1kdg_B
1kdg_B	1naa_A
1kdg_B	4qi5_A
1kdg_B	4qi5_A
1kdg_B	4ha6_A
1kdg_B	4ha6_A
1kdg_B	4mjw_A
1kdg_B	2jbv_B
1kdg_B	3ljp_A
1kdg_B	5zu2_A
1kdg_B	3q9t_A
1kdg_B	5oc1_A
1kdg_B	3fim_B
1kdg_B	5eb5_A
1kdg_B	5eb5_A
1kdg_B	1ju2_A
1kdg_B	1ju2_A
1kdg_B	3gdn_A
1kdg_B	3gdp_A
1kdg_B	6ze7_B
1kdg_B	6ze5_A
1kdg_B	7aa2_B
1kdg_B	6ze3_A
1kdg_B	6ze4_A
1kdg_B	6ze5_A
1kdg_B	6ze6_A
1kdg_B	7aa2_B
1kdg_B	4udr_A
1kdg_B	6o9n_A
1kdg_B	1gpe_A
1kdg_B	1cf3_A
1kdg_B	1gal_A
1kdg_B	1gpe_A
1kdg_B	5nit_A
1kdg_B	6xuu_A
1kdg_B	6xut_A
1kdg_B	4ynt_A
1kdg_B	4ynt_A
1kdg_B	4ynu_A
1kdg_B	7vzs_B
1kdg_B	6h3g_F
1kdg_B	6h3o_F
1kdg_B	5hsa_A
1kdg_B	5hsa_A
1kdg_B	6yrv_AAA
1kdg_B	8bxl_A
1kdk_A	1kdk_A
1kdk_A	1d2s_A
1kdk_A	1f5f_A
1kdk_A	1kdm_A
1kdk_A	1kdm_A
1kdk_A	1lhn_A
1kdk_A	1lhn_A
1kdk_A	1lho_A
1kdk_A	1lho_A
1kdk_A	1lhu_A
1kdk_A	1lhu_A
1kdk_A	1lhv_A
1kdk_A	1lhv_A
1kdk_A	1lhw_A
1kf6_C	1kf6_C
1kfg_B	1kfg_B
1kfg_B	1k72_A
1kfg_B	1kfg_A
1kfg_B	1kfg_B
1kfg_B	8u4a_A
1kfg_B	8u49_A
1kgi_C	1kgi_C
1kgi_C	2b15_A
1kgi_C	1g1o_A
1kgi_C	2b15_B
1kgi_C	1g1o_D
1kgi_C	1ie4_A
1kgi_C	1ie4_B
1kgi_C	1ie4_C
1kgi_C	1ie4_D
1kgi_C	1kgi_A
1kgi_C	1kgi_B
1kgi_C	1kgi_D
1kgi_C	1kgj_B
1kgi_C	1kgj_D
1kgi_C	1sn0_B
1kgi_C	1sn0_D
1kgi_C	1tz8_A
1kgi_C	1tz8_B
1kgi_C	2roy_A
1kgi_C	8w45_A
1kgi_C	8w47_A
1kgq_A	1kgq_A
1kgq_A	1kgq_A
1kgq_A	1kgt_A
1kgq_A	2tdt_A
1u22_A	1u22_A
1u22_A	1u22_A
1u22_A	1xr2_A
1u22_A	1t7l_A
1u22_A	4l65_A
1u22_A	4l65_A
1u22_A	4l6h_A
1u22_A	4l6o_A
1u22_A	4l61_A
1u22_A	4ztx_A
1u26_A	1u26_A
1u26_A	1u26_B
1u26_A	1u26_A
1u26_A	3mmj_A
1u26_A	3moz_A
1u26_A	4wu2_A
1u2w_B	1u2w_B
1u2z_C	1u2z_C
1u3e_M	1u3e_M
1u4g_A	1u4g_A
1u4g_A	6ya1_A
1u5k_A	1u5k_A
1u5u_A	1u5u_A
1u7c_A	1u7c_A
1u7c_A	1u7g_A
1u7c_A	4nh2_E
1u7c_A	6eu6_A
1u7c_A	5fuf_A
1u7p_A	1u7p_A
1u7z_C	1u7z_C
1u7z_C	1u7z_A
1u7z_C	1u80_B
1u7z_C	1u80_B
1u8b_A	1u8b_A
1u8u_A	1u8u_A
1u8u_A	5tif_A
1u8u_A	7c23_A
1u9k_A	1u9k_A
1u9k_A	1q8m_A
1u9z_A	1u9z_A
1u9z_A	3lpn_B
1u9z_A	3lpn_A
1u9z_A	3nag_A
1u9z_A	3nag_B
1u9z_A	3lpn_B
1u9z_A	3mbi_A
1u9z_A	3mbi_D
1u9z_A	4twb_A
1u9z_A	4s2u_A
1u9z_A	1dku_A
1u9z_A	1dku_B
1u9z_A	1dku_A
1u9z_A	1ibs_A
1u9z_A	1ibs_B
1u9z_A	8dbe_A
1u9z_A	8dbk_A
1u9z_A	8dbk_B
1u9z_A	5t3o_A
1ua7_A	1ua7_A
1ua7_A	1bag_A
1ub3_A	1ub3_A
1ub3_A	1ub3_B
1ub3_A	1ub3_C
1ub3_A	1ub3_D
1ub3_A	3ngj_D
1ucc_A	1ucc_A
1ucc_A	1j1f_A
1ucc_A	1ucc_A
1ucc_A	1ucd_A
1ucc_A	1v9h_A
1ucc_A	1iyb_A
1ucc_A	1iyb_B
1ucc_A	1iyb_A
1ucc_A	1vd1_A
1ucc_A	1vd3_A
1ucr_B	1ucr_B
1ud9_A	1ud9_A
1ud9_A	2izo_C
1udv_A	1udv_A
1uf3_A	1uf3_A
1ugx_B	1ugx_B
1uha_A	1uha_A
1uhv_A	1uhv_A
1uhv_A	6yyi_B
1uhv_A	2bs9_A
1uhv_A	2bfg_A
1uj6_A	1uj6_A
1uj6_A	1lk7_A
1uj6_A	1lk7_B
1uj6_A	1lk7_C
1uj6_A	1lk7_D
1uj6_A	1lk7_A
1uj6_A	3hhe_A
1uj6_A	1o8b_B
1uj6_A	3uw1_A
1uj6_A	2f8m_A
1uj6_A	3kwm_D
1uj6_A	4m8l_A
1ujc_A	1ujc_A
1ukm_B	1ukm_B
1ukm_B	1fvu_B
1ukm_B	1qdd_A
1ukm_B	1muq_B
1ukm_B	3c22_D
1ukm_B	3p5g_A
1ukm_B	3p5i_C
1ukm_B	4n36_C
1ukm_B	4n37_C
1ukm_B	5g6u_A
1ukm_B	5m62_A
1ukm_B	3kqg_A
1ukm_B	4mth_A
1ukv_G	1ukv_G
1ukv_G	1vg0_A
1ulv_A	1ulv_A
1ulv_A	1ug9_A
1um8_A	1um8_A
1um8_A	6vfx_E
1um8_A	8e91_E
1um8_A	8e91_C
1um8_A	1e94_E
1um8_A	1e94_A
1um8_A	1hqy_E
1um8_A	5ji3_E
1um8_A	1do0_A
1um8_A	1g41_A
1umg_A	1umg_A
1umg_A	3t2g_A
1umg_A	3t2d_A
1umg_A	3t2e_A
1uob_A	1uob_A
1uob_A	1e5h_A
1uob_A	1rxg_A
1uob_A	1e5i_A
1uob_A	1hjf_A
1uob_A	1hjf_A
1uob_A	1hjg_A
1uob_A	1hjg_A
1uob_A	1uog_A
1uob_A	1unb_A
1uob_A	1w2a_X
1uod_A	1uod_A
1uod_A	1uoe_A
1uod_A	3pnl_A
1uod_A	3pnq_D
1ups_A	1ups_A
1ur0_B	1ur0_B
1ur0_B	1r8l_B
1urj_B	1urj_B
1ury_A	1ury_A
1ury_A	1urv_A
1ury_A	2dc3_A
1ury_A	7jy1_A
1ury_A	4mqj_A
1ury_A	7jy1_C
1ury_A	4mqj_G
1ury_A	1iwh_A
1ury_A	1k0y_A
1ury_A	1k0y_C
1ury_A	1qxd_A
1ury_A	1qxe_A
1ury_A	1qxe_C
1ury_A	1sdk_A
1ury_A	1sdk_C
1ury_A	1ygd_A
1ury_A	4m4b_A
1ury_A	5ucu_A
1ury_A	1i3e_A
1ury_A	1a4f_B
1ury_A	1b86_B
1ury_A	1coh_B
1ury_A	1k0y_B
1ury_A	1k0y_D
1ury_A	1ljw_B
1ury_A	1nih_B
1ury_A	1qxe_B
1ury_A	1qxe_D
1ury_A	1rps_B
1ury_A	1sdk_B
1ury_A	1sdk_D
1ury_A	1sdk_B
1ury_A	1shr_B
1ury_A	1thb_B
1ury_A	2hbd_B
1ury_A	2hbf_B
1ury_A	2w6v_B
1ury_A	3b75_B
1ury_A	3d7o_B
1ury_A	3oo5_B
1ury_A	4l7y_B
1ury_A	4m4a_B
1ury_A	5hy8_B
1ury_A	5ksi_B
1ury_A	7jxz_B
1ury_A	8fdk_B
1ury_A	6rp5_A
1ury_A	3wcw_B
1ury_A	3wct_B
1ury_A	5yci_B
1ury_A	2nss_A
1ury_A	5azq_A
1ury_A	1azi_A
1ury_A	1bvc_A
1ury_A	1bvc_A
1ury_A	1bvd_A
1ury_A	1do1_A
1ury_A	1dtm_A
1ury_A	1duo_A
1ury_A	1dxc_A
1ury_A	1f65_A
1ury_A	1fcs_A
1ury_A	1h1x_A
1ury_A	1iop_A
1ury_A	1jdo_A
1ury_A	1mbi_A
1ury_A	1tes_A
1ury_A	1yog_A
1ury_A	2ekt_A
1ury_A	2eku_A
1ury_A	2nss_A
1ury_A	2o58_X
1ury_A	2o5b_X
1ury_A	2o5l_X
1ury_A	2vlx_A
1ury_A	3a2g_A
1ury_A	3ase_A
1ury_A	3k9z_A
1ury_A	3m3a_A
1ury_A	3m3b_A
1ury_A	3sdn_A
1ury_A	3vau_A
1ury_A	4h07_A
1ury_A	4h0b_A
1ury_A	4nxc_A
1ury_A	5ut7_A
1ury_A	5vnu_A
1ury_A	5vrt_A
1ury_A	5zzg_A
1ury_A	6e02_A
1ury_A	6f18_A
1ury_A	6krf_A
1ury_A	7cen_A
1ury_A	8f9i_A
1ury_A	8fb0_A
1ury_A	8qba_A
1us4_A	1us4_A
1usc_A	1usc_A
1usc_A	1usc_B
1usc_A	1usf_A
1usc_A	3zoe_A
1usc_A	2r6v_A
1usc_A	3zoc_A
1usc_A	3zod_A
1usc_A	3zog_A
1usq_F	1usq_F
1usq_F	2jkj_B
1usq_F	2jkl_A
1usq_F	2jkj_C
1usq_F	2jkl_B
1usy_B	1usy_B
1y4z_C	1y4z_C
1y4z_C	3egw_C
1y56_A	1y56_A
1y56_A	1y56_A
1y60_D	1y60_D
1y60_D	1y60_C
1y60_D	1y60_D
1y63_A	1y63_A
1y63_A	3iim_A
1y63_A	3iij_A
1y6f_A	1y6f_A
1y6f_A	1xv5_A
1y7p_B	1y7p_B
1y8a_A	1y8a_A
1y9i_B	1y9i_B
1y9i_B	1y9i_A
1y9i_B	1tlq_A
1y9q_A	1y9q_A
1y9t_A	1y9t_A
1yax_A	1yax_A
1yaz_A	1yaz_A
1yaz_A	1b4t_A
1yaz_A	8gsq_C
1yaz_A	5u9m_A
1yaz_A	8gsq_H
1yaz_A	5u9m_C
1yaz_A	1cob_A
1yaz_A	1hl5_C
1yaz_A	1mfm_A
1yaz_A	2aeo_A
1yaz_A	2q2l_A
1yaz_A	2wyz_A
1yaz_A	2wz0_A
1yaz_A	2wz0_F
1yaz_A	2wz5_A
1yaz_A	4a7s_A
1yaz_A	4a7u_A
1yaz_A	4a7v_A
1yaz_A	4b3e_A
1yaz_A	4ff9_A
1yaz_A	5o40_A
1yaz_A	5ytu_A
1yaz_A	6a9o_F
1yaz_A	7t8g_F
1yaz_A	8iq0_M
1yb0_B	1yb0_B
1ybu_A	1ybu_A
1ybu_A	1ybu_A
1ybu_A	1ybu_B
1ybu_A	1wc4_A
1ybu_A	1wc0_A
1ybu_A	1wc1_A
1ybu_A	1wc3_A
1ybu_A	1wc3_B
1ybu_A	5d0e_B
1ybu_A	4wp9_A
1ybu_A	4wpa_B
1ybu_A	5d15_B
1ycf_A	1ycf_A
1ycf_A	1ycg_A
1ycf_A	1ycg_B
1ycf_A	1e5d_B
1ycf_A	1e5d_A
1ycf_A	2q9u_A
1ycf_A	6zk8_A
1ycf_A	2ohi_A
1ycf_A	2ohi_B
1ycf_A	6frm_H
1ycf_A	6frn_C
1ycf_A	6zlf_L
1ycf_A	7r0f_A
1ycl_A	1ycl_A
1ycl_A	5e68_B
1yd1_A	1yd1_A
1yd1_A	1yd2_A
1yew_E	1yew_E
1yew_E	6cxh_A
1yew_E	7ev9_A
1yew_E	7s4l_D
1yew_E	3rfr_A
1yew_E	4phz_A
1yfw_A	1yfw_A
1yfw_A	1yfx_A
1yfw_A	4hsj_A
1yfw_A	4hvo_A
1yfw_A	4i3p_A
1yfw_A	6vi8_A
2pyh_B	2pyh_B
2pyh_B	5lw3_A
2pyj_B	2pyj_B
2pyj_B	2pyj_A
2pyj_B	1xhx_B
2pyj_B	2pyl_A
2pys_B	2pys_B
2pys_B	2pys_A
2pys_B	4j4e_F
2pys_B	1lom_A
2pys_B	3gxy_A
2pys_B	3hp8_A
2q02_A	2q02_A
2q04_A	2q04_A
2q0e_A	2q0e_A
2q0e_A	2nom_A
2q0e_A	2q0c_A
2q0e_A	2q0d_A
2q0e_A	2q0f_A
2q0e_A	2q0g_A
2q0o_A	2q0o_A
2q0o_A	1l3l_A
2q14_C	2q14_C
2q14_C	2q14_A
2q14_C	2q14_D
2q14_C	2q14_C
2q14_C	3irh_C
2q14_C	2o6i_A
2q14_C	3irh_B
2q14_C	3irh_B
2q14_C	4lrl_C
2q3f_A	2q3f_A
2q4a_B	2q4a_B
2q4a_B	1y0z_B
2q4b_A	2q4b_A
2q4b_A	1xq6_A
2q4y_A	2q4y_A
2q4y_A	1xmt_A
2q5y_A	2q5y_A
2q5z_B	2q5z_B
2q66_A	2q66_A
2q66_A	1fa0_A
2q66_A	1fa0_B
2q66_A	2q66_A
2q6h_A	2q6h_A
2q6h_A	2q72_A
2q6h_A	2qb4_A
2q6h_A	2qei_A
2q6h_A	3f3d_A
2q6h_A	3f4j_A
2q6h_A	3gwu_A
2q6h_A	3gww_A
2q6h_A	3mpn_A
2q6h_A	3qs5_A
2q6h_A	3usg_A
2q6h_A	3usl_A
2q6h_A	4mm4_B
2q6h_A	4mm9_A
2q6h_A	4mmf_A
2q6h_A	6xwm_A
2q6h_A	6m17_A
2q6h_A	7y7w_A
2q6h_A	4xp9_C
2q6h_A	4xnx_A
2q6h_A	4xp1_A
2q6h_A	4xp1_A
2q6h_A	4xp4_A
2q6h_A	4xpa_A
2q6h_A	6m0z_A
2q6h_A	8wfi_A
2q6h_A	8de4_A
2q6h_A	6yu5_B
2q6h_A	4us4_A
2q6h_A	6yu7_A
2q6q_A	2q6q_A
2q6v_A	2q6v_A
2q71_A	2q71_A
2q78_F	2q78_F
2q7a_A	2q7a_A
2q7d_A	2q7d_A
2q7d_A	2qb5_A
2q7d_A	1z2n_X
2q7d_A	1z2o_X
2q7d_A	1z2p_A
2q7d_A	1z2p_X
2q7d_A	7tn8_A
2q7d_A	8oxe_A
2q7g_A	2q7g_A
2q7g_A	2zce_A
2q7g_A	2zio_A
2q7g_A	3qtc_A
2q7g_A	4q6g_A
2q7g_A	4cs4_A
2q7g_A	4cs3_A
2q7g_A	8dqi_D
2q7g_A	7u0r_B
2q7g_A	6jp2_A
2q7g_A	7u0r_B
2q7s_B	2q7s_B
2q7u_A	2q7u_A
2q7u_A	2a0i_A
2q83_A	2q83_A
2q89_A	2q89_A
2q89_A	2q88_A
2q89_A	2yln_A
2q89_A	4c0r_A
2q89_A	4eq9_A
2q89_A	4gvo_A
2q89_A	5l9o_B
2q89_A	5lom_B
2q8p_A	2q8p_A
2q8p_A	2xv1_A
2q8p_A	2xuz_A
2q8p_A	2phz_A
2q8p_A	2xuz_A
2q8p_A	2xuz_A
2q97_B	2q97_B
2qb0_B	2qb0_B
2qb6_A	2qb6_A
2qb6_A	2qb7_A
2qb6_A	2qb8_A
2qbu_A	2qbu_A
2qbu_A	2qbu_A
2qc1_A	2qc1_A
2qdf_A	2qdf_A
2qea_A	2qea_A
2qeb_A	2qeb_A
2qeb_A	2pql_A
2qeb_A	2qeh_A
2qeb_A	2qeo_A
2qeb_A	2qeo_A
2qen_A	2qen_A
2qen_A	2fna_A
2qen_A	2fna_A
2qgi_B	2qgi_B
2qgi_B	2qgi_A
2qh0_A	2qh0_A
2qh0_A	3oa4_A
2qh0_A	6wf7_A
2qh0_A	6wfi_A
2qh0_A	6xbq_A
2qh0_A	6xbt_A
2qhs_A	2qhs_A
2qhs_A	2qhu_A
2qhs_A	2qhv_A
2qhs_A	1w66_A
2qjn_A	2qjn_A
2qjn_A	4k1w_A
2qjn_A	3rgt_B
2qjn_A	3p93_A
2qjn_A	3p93_B
2qjn_A	3twb_C
2qjn_A	4gme_C
2qjn_A	3vcn_A
2qjn_A	3nzg_D
2qjn_A	4dn1_A
2qjn_A	2chr_A
2qjn_A	3dgb_A
2qjn_A	3i4k_A
2qjn_A	2qgy_A
2qjn_A	2gge_D
2qjo_A	2qjo_A
2qjo_A	2qjo_B
2qjo_A	2qjt_B
2qjo_A	2r5w_B
2qkd_A	2qkd_A
2qkm_B	2qkm_B
2qmi_F	2qmi_F
2qmm_B	2qmm_B
2qmm_B	2qmm_A
2qmm_B	3ai9_X
2qng_A	2qng_A
2qo3_B	2qo3_B
2qo3_B	4mz0_A
2qo3_B	5my0_A
2qo3_B	6rop_A
2qo3_B	5my0_C
2qo3_B	6rop_D
2qo3_B	8cuy_A
2qpx_A	2qpx_A
2qqd_C	2qqd_C
2qrd_A	2qrd_A
2vyo_A	2vyo_A
2vyo_A	2iw0_A
2vyo_A	2c71_A
2vyo_A	2y8u_B
2vyo_A	8he4_A
2vyo_A	8he1_A
2vyo_A	5n1p_A
2vyo_A	5ncd_B
2vyo_A	5nel_B
2vyo_A	5jmu_A
2vyo_A	5o6y_A
2vyw_A	2vyw_A
2vz5_A	2vz5_A
2vzb_A	2vzb_A
2vzb_A	7stw_A
2vzb_A	8sqo_A
2vzb_A	1bcf_A
2vzb_A	3e1n_A
2vzb_A	3e2c_A
2vzb_A	6p8k_A
2vzb_A	3bkn_A
2vzb_A	2wtl_A
2vzb_A	5xx9_A
2vzz_A	2vzz_A
2vzz_A	2vzy_A
2vzz_A	2vzy_D
2vzz_A	2vzz_A
2w0q_B	2w0q_B
2w0q_B	1oac_B
2w0q_B	1d6u_A
2w0q_B	1d6u_B
2w0q_B	1d6u_A
2w0q_B	1d6u_B
2w0q_B	1d6y_A
2w0q_B	1d6y_B
2w0q_B	1d6y_B
2w0q_B	1d6z_A
2w0q_B	1d6z_B
2w0q_B	2wgq_B
2w0q_B	3t0u_B
2w0q_B	1ekm_A
2w0q_B	3nbb_A
2w0q_B	3sxx_A
2w0q_B	4ev2_C
2w0q_B	4ev5_B
2w0q_B	1w2z_A
2w0q_B	1ksi_A
2w0q_B	3wa2_X
2w0q_B	1rjo_A
2w0q_B	3x3x_A
2w0q_B	3x3x_A
2w0q_B	3x42_A
2w0q_B	5zpn_A
2w0q_B	8j6g_A
2w14_A	2w14_A
2w14_A	1r55_A
2w14_A	3hyg_A
2w14_A	3ljt_A
2w14_A	4dd8_B
2w14_A	4dd8_A
2w14_A	4dd8_D
2w14_A	1kuf_A
2w14_A	3aig_A
2w14_A	1atl_A
2w14_A	1atl_A
2w14_A	4aig_A
2w1u_B	2w1u_B
2w1u_B	4lks_A
2w27_A	2w27_A
2w2l_A	2w2l_A
2w2l_A	2w2l_A
2w2l_A	2w2l_B
2w2m_E	2w2m_E
2w3o_A	2w3o_A
2w3s_B	2w3s_B
2w3s_B	2w3r_B
2w3s_B	3nvw_C
2w3s_B	1fiq_C
2w3s_B	3etr_C
2w3s_B	3ns1_C
2w3s_B	3nvv_C
2w3s_B	3nvy_C
2w3s_B	3nvz_C
2w3s_B	1dgj_A
2w3s_B	1sij_A
2w3s_B	3fah_A
2w3s_B	3fc4_A
2w3s_B	4c7y_A
2w3s_B	4us8_A
2w3s_B	4us9_A
2w3s_B	4usa_A
2w3x_A	2w3x_A
2w3x_A	2w3x_E
2w47_A	2w47_A
2w47_A	2vzr_B
2w47_A	4qb2_A
2w47_A	2w87_A
2w4y_A	2w4y_A
2w5u_A	2w5u_A
2w5u_A	1fue_A
2w5u_A	2bmv_A
2w5u_A	2mt9_A
2w5u_A	1ahn_A
2w5u_A	1ag9_A
2w5u_A	1czk_A
2w5u_A	1czl_A
2w5u_A	1czn_A
2w5u_A	1czr_A
2w5u_A	1czu_A
2w5u_A	1d04_A
2w5u_A	1flv_A
2w5u_A	1obo_A
2w5u_A	1obv_A
2w5u_A	1ofv_A
2w5u_A	1rcf_A
2w5u_A	2v5u_A
2w5u_A	2v5u_B
2w5u_A	1czo_A
2w5u_A	1d03_A
2w5u_A	1czh_A
2w5u_A	2fcr_A
2w5u_A	1yob_A
2w5u_A	2wc1_A
2w8d_B	2w8d_B
2w8d_B	2w5q_A
2w8h_A	2w8h_A
2wa2_A	2wa2_A
2wa2_A	2wa2_B
2wa2_A	2pxc_A
2wa2_A	3lkz_A
2wa2_A	2xbm_A
2wa2_A	2xbm_B
2wa2_A	3p8z_A
2wa2_A	4ctk_A
2wa2_A	5cuq_A
2wa2_A	8bcr_B
2wa2_A	1r6a_A
2wa2_A	1l9k_A
2wa2_A	2p3q_A
2wa2_A	2p41_A
2wa2_A	3evg_A
2wa2_A	3evc_A
2wa2_A	3ely_A
2wa2_A	7v1e_A
2wa2_A	2oxt_A
2wa2_A	8gya_B
2wa2_A	8gy9_A
2wab_A	2wab_A
2wad_C	2wad_C
2wad_C	8c5w_A
2wad_C	3vsl_A
2wad_C	3vsk_B
2wad_C	8c5o_A
2wag_A	2wag_A
2wat_A	2wat_A
2wat_A	2wat_E
2wat_A	2was_B
2wat_A	2wat_F
2wat_A	2was_C
2wat_A	2wat_C
2wat_A	2wat_A
2wat_A	2wat_D
2waz_X	2waz_X
2wbt_A	2wbt_A
2wbv_B	2wbv_B
2wc9_A	2wc9_A
2wci_A	2wci_A
2wdd_A	2wdd_A
2wdd_A	2wde_A
2wg9_A	2wg9_A
2wg9_A	2wg7_A
2wgr_A	2wgr_A
2wgr_A	2p5r_A
2wgr_A	7l8q_A
2wgr_A	7u4k_A
2wgr_A	7u4l_B
2whk_A	2whk_A
2whk_A	2qha_A
2wj4_A	2wj4_A
2wj4_A	2wm2_A
2wj4_A	8oro_AAA
2wjd_A	2wjd_A
2wjd_A	2wjf_A
2wjd_A	3qy8_A
2wjd_A	3qy7_A
2wjd_A	3qy6_A
2wk9_A	2wk9_A
2wk9_A	3hqt_B
2wkk_A	2wkk_A
2wkk_A	3wg1_B
2wkk_A	2zgu_A
2wkk_A	1ww4_A
2wkk_A	1ww4_B
2wkk_A	1ww5_A
2wkk_A	1ww7_A
2wkk_A	2zgm_B
2wkk_A	2zgo_A
2wkn_A	2wkn_A
2wl9_A	2wl9_A
2wl9_A	2wl3_A
2wl9_A	2wl9_A
2wl9_A	2wl9_D
2wl9_A	2ehz_A
2wl9_A	2ei0_A
2wl9_A	2ei0_A
2wl9_A	2ei3_A
2wl9_A	1kmy_A
2wl9_A	1knd_A
2wl9_A	1kw6_A
2wl9_A	1kw8_A
2wl9_A	1kw8_B
2wl9_A	1kw9_A
2wl9_A	1kwc_A
2wl9_A	1kwc_B
2wl9_A	1lgt_A
2wl9_A	3vb0_A
2wl9_A	3b59_A
2wle_C	2wle_C
2wle_C	2wle_A
2wle_C	2wle_C
2wle_C	2wlf_B
2wle_C	2wlg_A
2wmg_A	2wmg_A
2wmg_A	4d6g_A
2wnb_A	2wnb_A
2wnb_A	2wnb_A
2wno_A	2wno_A
2wns_B	2wns_B
2wns_B	1opr_A
2wns_B	1oro_A
2wns_B	1sto_A
2wns_B	2prz_D
2wns_B	2pry_A
2wns_B	2prz_B
2wns_B	4wml_A
2wns_B	2ps1_A
2wns_B	2ps1_A
2wnu_F	2wnu_F
2wnu_F	2jg8_D
2wo4_A	2wo4_A
2wo4_A	4b9p_A
2wo4_A	4jo5_A
2woc_A	2woc_A
2woc_A	2wod_A
2woc_A	2woe_A
2woc_A	2woe_B
2woc_A	2woe_A
2woc_A	3o5t_A
2woc_A	3o5t_A
2woc_A	5ovo_A
2woc_A	1t5j_A
2woc_A	7aqm_B
2woc_A	6g2a_A
2woc_A	3hfw_A
2woc_A	3hfw_A
2woc_A	6g28_A
2wop_A	2wop_A
2wop_A	3o9p_A
2wop_A	3o9p_A
2wop_A	2rkm_A
2wop_A	1rkm_A
2wop_A	1olc_A
2wop_A	2rkm_A
2wop_A	8ay0_C
2wop_A	8azb_A
2wop_A	6npo_A
2wp4_B	2wp4_B
2wp9_D	2wp9_D
2wp9_D	1nek_D
2wpx_A	2wpx_A
2wqd_A	2wqd_A
2wqd_A	2hwg_A
2wsh_A	2wsh_A
2wsi_A	2wsi_A
2wsi_A	3g5a_B
2wsi_A	3g59_A
2wsi_A	3g6k_B
2wsw_A	2wsw_A
2wsw_A	4llh_A
2wth_A	2wth_A
2wth_A	2wtg_A
2wvj_B	2wvj_B
2wvj_B	2qq0_A
2wvj_B	2orw_B
2wvj_B	2qq0_B
2wvj_B	4uxj_A
2wvj_B	4uxh_A
2wvj_B	5fuw_B
2wvj_B	5fuv_A
2wvj_B	1xx6_A
2wvj_B	2uz3_D
2wvj_B	2b8t_A
2wvj_B	2uz3_C
2wvj_B	2uz3_B
2ww8_A	2ww8_A
2wwu_A	2wwu_A
2wwu_A	3pu8_B
2wwu_A	4do0_A
2wwu_A	4do0_A
2wwu_A	3u78_A
2wwu_A	3u78_A
2wwz_C	2wwz_C
2wyi_A	2wyi_A
2wyi_A	2wyh_A
2wyi_A	3lvt_A
2wym_A	2wym_A
2wym_A	3bv6_B
2wys_B	2wys_B
2wz8_A	2wz8_A
2x0f_A	2x0f_A
2x0f_A	2x0e_B
2x0f_A	2x0f_B
2x0v_B	2x0v_B
2x0v_B	7b4n_A
2x0v_B	4mzi_A
2x0v_B	4agq_A
2x0v_B	7dhy_B
2x0v_B	7eax_A
2x19_B	2x19_B
2x19_B	6gx9_A
2x19_B	4ol0_B
2x1e_A	2x1e_A
2x1z_M	2x1z_M
2x1z_M	2x20_M
2x1z_M	2x21_M
2x1z_M	3iiu_A
2x27_X	2x27_X
2x28_A	2x28_A
2x2e_A	2x2e_A
2x2e_A	5d3q_A
2x2e_A	5d3q_B
2x2e_A	4h1v_A
2x2e_A	3w6n_B
2x2e_A	3w6p_B
2x2e_A	4h1v_A
2x2e_A	6s9a_B
2x2j_A	2x2j_A
2x2j_A	2x2i_A
2x2j_A	4amw_A
2x2j_A	4amx_A
2x2j_A	4amx_A
2x2v_D	2x2v_D
2x34_A	2x34_A
2x34_A	2x32_B
2x3b_A	2x3b_A
2x3j_A	2x3j_A
2x3j_A	2x3j_B
2x3j_A	3ffe_A
2x3j_A	2w02_B
2x3j_A	2w03_B
2x3j_A	2w04_B
2x3j_A	2x3j_B
2x3j_A	2x3j_B
2x3j_A	2x3k_A
2x3l_B	2x3l_B
2x45_A	2x45_A
2x45_A	2x45_A
2x45_A	3brn_A
2x49_A	2x49_A
2x4h_C	2x4h_C
2x4m_A	2x4m_A
2x5c_B	2x5c_B
2x5f_B	2x5f_B
2x5f_B	2x5f_A
2x5r_A	2x5r_A
2x67_A	2x67_A
2x67_A	2v7k_A
2x67_A	2x68_A
2x6c_A	2x6c_A
2x6c_A	6o9u_A
2x6c_A	8ti1_A
2x6c_A	3sya_A
2x6c_A	5kuk_A
2x6c_A	3spg_A
2x7m_A	2x7m_A
2x7q_A	2x7q_A
2x7x_A	2x7x_A
2x8o_A	2x8o_A
2x8o_A	2v04_A
2x9o_A	2x9o_A
2x9o_A	6qx6_A
2xb1_C	2xb1_C
2xb3_A	2xb3_A
2xcm_E	2xcm_E
2xcm_E	2xcm_B
2xcu_A	2xcu_A
2xd1_A	2xd1_A
2xd1_A	2je5_B
2xd1_A	2y2i_A
2xd4_A	2xd4_A
2xd4_A	2xcl_A
2xd4_A	2xcl_A
2xd4_A	2ys6_A
2xd4_A	2qk4_B
2xd4_A	2yw2_A
2xd4_A	2yw2_A
2xdb_A	2xdb_A
2xdg_A	2xdg_A
2xeu_A	2xeu_A
2xev_B	2xev_B
2xf2_A	2xf2_A
2xf2_A	2iuf_A
2xf2_A	1ggf_A
2xf2_A	4bfl_B
2xf2_A	5bv2_P
2xf3_A	2xf3_A
2xf3_A	2xf3_B
2xfe_A	2xfe_A
2xfe_A	2xfd_A
2xfe_A	2xhh_A
2xfv_A	2xfv_A
2xga_B	2xga_B
2xgf_A	2xgf_A
2xgj_A	2xgj_A
2xgj_A	4a4z_A
2xgj_A	4a4z_A
2xgj_A	6ieh_B
2xi5_A	2xi5_A
2xi5_A	2xi7_A
2xi5_A	7oa4_AAA
2xi5_A	7plr_AAA
2xiq_A	2xiq_A
2xiq_A	2xij_A
2xiq_A	8dyj_B
2xiq_A	1e1c_A
2xiq_A	2req_A
2xiq_A	3req_A
2xiq_A	4req_A
2xiq_A	4req_A
2xiq_A	5req_A
2xiq_A	6oxd_A
2xiq_A	6req_A
2xiq_A	7req_A
2xiu_A	2xiu_A
2xj9_A	2xj9_A
2xj9_A	2xj9_B
2xj9_A	2xj9_A
2xkb_B	2xkb_B
2xkb_B	2xka_F
2xkh_A	2xkh_A
2xkh_A	1kr7_A
2xkl_A	2xkl_A
2xkl_A	2yg2_A
2xkq_D	2xkq_D
2xkq_D	2bw1_K
2xkq_D	2v15_G
2xkq_D	2wlu_A
2xkq_D	2xjn_K
2xkq_D	2pyb_A
2xkq_D	6tb5_A
2xkq_D	2c2j_A
2xkq_D	1n1q_A
2xkq_D	3kwo_A
2xkq_D	4evc_A
2xkq_D	8ffb_A
2xkq_D	8ffd_B
2xkq_D	2z90_A
2xkq_D	4a25_B
2xkq_D	3ge4_A
2xkq_D	4dyu_H
2xkq_D	7aqs_E
2xl9_B	2xl9_B
2xl9_B	2xl7_A
2xmj_A	2xmj_A
2xmj_A	2xmt_A
2xmj_A	4a46_A
2xmo_A	2xmo_A
2xmr_A	2xmr_A
2xmx_A	2xmx_A
2xoc_A	2xoc_A
2xoc_A	2xoy_B
2xon_L	2xon_L
2xph_B	2xph_B
2xqn_T	2xqn_T
2xqn_T	7d2t_B
2xqr_B	2xqr_B
2xqx_A	2xqx_A
2xrc_B	2xrc_B
2xrh_A	2xrh_A
2xrh_A	2xrh_A
2xsb_A	2xsb_A
2xsb_A	2xsb_A
2xsb_A	2xsa_A
2xsb_A	5m7r_B
2xsb_A	5m7u_A
2xsb_A	5m7r_A
2xsb_A	5m7u_B
2xsj_C	2xsj_C
2xsq_A	2xsq_A
2xsq_A	5w6x_A
2xsq_A	6x7u_A
2xsq_A	6x7u_C
2xsq_A	2a8p_B
2xsq_A	2a8r_B
2xsq_A	2a8s_A
2xsq_A	2a8s_B
2xsq_A	2a8s_A
2xsq_A	2a8t_A
2xsz_D	2xsz_D
2xsz_D	6k0r_E
2xsz_D	6h7x_A
2xsz_D	2xsz_A
2xsz_D	2xsz_C
2xt6_A	2xt6_A
2xt6_A	8p5u_A
2xt6_A	8p5v_A
2xts_A	2xts_A
2xtz_A	2xtz_A
2xtz_A	1gg2_A
2xtz_A	1as0_A
2xtz_A	1as3_A
2xtz_A	1bh2_A
2xtz_A	1bof_A
2xtz_A	1cip_A
2xtz_A	1fqj_A
2xtz_A	1fqk_A
2xtz_A	1gdd_A
2xtz_A	1gfi_A
2xtz_A	1gia_A
2xtz_A	1gil_A
2xtz_A	1got_A
2xtz_A	1gp2_A
2xtz_A	1tad_A
2xtz_A	1tag_A
2xtz_A	1tnd_A
2xtz_A	3onw_A
2xtz_A	3ums_A
2xtz_A	4pao_A
2xtz_A	1zcb_A
2xtz_A	3cx6_A
2xtz_A	4g5q_A
2xtz_A	3sn6_A
2xtz_A	1azt_B
2xtz_A	1azs_C
2xtz_A	1azt_A
2xtz_A	1cs4_C
2xtz_A	1cul_C
2xtz_A	3c16_C
2xtz_A	4fid_A
2xu0_A	2xu0_A
4gzi_A	4gzi_A
4gzk_A	4gzk_A
4h2d_A	4h2d_A
4h2d_A	1b1c_A
4h2d_A	1bvy_F
4h2d_A	1bvy_C
4h2d_A	1ykg_A
4h2d_A	4oxx_A
4h2u_C	4h2u_C
4h2w_D	4h2w_D
4h5j_B	4h5j_B
4h7l_B	4h7l_B
4h9d_B	4h9d_B
4h9d_B	4h9d_A
4h9k_A	4h9k_A
4ha9_A	4ha9_A
4ha9_A	4ha9_A
4hc7_A	4hc7_A
4hcg_A	4hcg_A
4hcg_A	4hcf_B
4hcy_A	4hcy_A
4hcy_A	4hcy_B
4hcy_A	4hcy_A
4hdk_A	4hdk_A
4hdk_A	4hdm_A
4hdk_A	4hdm_B
4hdk_A	1jh8_A
4hdk_A	1d0s_A
4hdk_A	1d0v_A
4hdk_A	1jha_A
4hdk_A	1jha_A
4hdk_A	1jhm_A
4hdk_A	1jho_A
4hdk_A	1jhp_A
4hdk_A	1jhq_A
4hdk_A	1jhr_A
4hdk_A	1jhu_A
4hdk_A	1jhv_A
4hdk_A	1jhx_A
4hdk_A	1jhy_A
4hdk_A	1l4e_A
4hdk_A	1l4e_A
4hdk_A	1l4f_A
4hdk_A	1l4g_A
4hdk_A	1l4g_A
4hdk_A	1l4h_A
4hdk_A	1l4h_A
4hdk_A	1l4k_A
4hdk_A	1l4l_A
4hdk_A	1l4l_A
4hdk_A	1l4m_A
4hdk_A	1l4n_A
4hdk_A	1l4n_A
4hdk_A	1l5f_A
4hdk_A	1l5f_A
4hdk_A	1l5k_A
4hdk_A	1l5l_A
4hdk_A	1l5m_A
4hdk_A	1l5o_A
4hdk_A	1l5o_A
4hdk_A	4kqg_A
4hdk_A	4kqj_A
4mzv_A	4mzv_A
4n0l_A	4n0l_A
4n0n_A	4n0n_A
4n0n_A	6jdu_A
4n0n_A	6lkx_A
4n11_A	4n11_A
4n11_A	7din_A
4n11_A	7dio_A
4n11_A	7dip_A
4n11_A	7diq_A
4n11_A	4rqr_A
4n11_A	4tr0_A
4n11_A	5j3r_A
4n11_A	2e7p_C
4n11_A	3d5j_A
4n1i_A	4n1i_A
4n1i_A	4n2r_A
4n1i_A	6f1j_B
4n1i_A	4n2z_A
4n1i_A	4pvi_A
4n2p_A	4n2p_A
4n3b_B	4n3b_B
4n3o_B	4n3o_B
4n3o_B	4utg_A
4n3o_B	4ut4_A
4n3u_A	4n3u_A
4n3u_A	5kbk_A
4n4r_C	4n4r_C
4n4w_A	4n4w_A
4n4w_A	4n4w_A
4n58_A	4n58_A
4n6b_A	4n6b_A
4n6b_A	4n6b_B
4n6b_A	6wye_A
4n6b_A	3gvd_I
4n6b_A	4h7o_A
4n6b_A	4hzd_A
4n7c_A	4n7c_A
4n7q_A	4n7q_A
4n7q_A	4s28_A
4n7s_A	4n7s_A
4n7s_A	4luq_A
4n8i_A	4n8i_A
4n8i_A	4n8i_A
4n8i_A	4n8j_A
4n8i_A	3qdq_A
4n8i_A	3qdq_A
4n8m_A	4n8m_A
4nap_D	4nap_D
4nap_D	4pgn_C
4nap_D	4pgp_C
4nap_D	4n6d_A
4nap_D	4p56_A
4nap_D	4p56_B
4nap_D	6wgm_A
4nap_D	7nqg_AAA
4nap_D	5izz_A
4nap_D	5i7i_B
4nap_D	7nsw_BBB
4nap_D	7ntd_A
4nap_D	7nte_B
4nap_D	7ntd_AAA
4nas_B	4nas_B
4nas_B	2oek_A
4nas_B	2oej_B
4nas_B	2oel_A
4nas_B	2oem_A
4nas_B	2oem_B
4nas_B	3a13_A
4nas_B	1iwa_A
4nas_B	1rcx_B
4nas_B	1ej7_L
4nas_B	1rsc_A
4nas_B	1upm_B
4nas_B	3axk_A
4nas_B	3axk_B
4nas_B	3axk_A
4nas_B	3axm_A
4nas_B	4mkv_B
4nas_B	5mz2_D
4nas_B	8bdb_A
4nbm_C	4nbm_C
4nc7_A	4nc7_A
4ncl_A	4ncl_A
4ncl_A	4ncl_B
4ncl_A	7yzn_A
4ndf_A	4ndf_A
4ndf_A	3sp4_B
4ndf_A	3spl_A
4ndf_A	4xba_A
4ndf_A	4xba_B
4ndf_A	4ykl_A
4ndv_A	4ndv_A
4ndv_A	4ndu_A
4nec_B	4nec_B
5ve5_A	5ve5_A
5ve9_C	5ve9_C
5vf4_A	5vf4_A
5vg0_A	5vg0_A
5vgc_A	5vgc_A
5vgt_A	5vgt_A
5vi0_A	5vi0_A
5via_A	5via_A
5vit_A	5vit_A
5vj1_D	5vj1_D
5vj1_E	5vj1_E
5vjj_A	5vjj_A
5vjw_A	5vjw_A
5vjw_A	5vjv_A
5vk4_B	5vk4_B
5vk4_B	3qty_A
5vk4_B	3m84_A
5vkm_A	5vkm_A
5vkm_A	5lfv_B
5vkm_A	5lfr_B
5vlb_A	5vlb_A
5vlb_A	5vld_F
5vlb_A	1kar_A
5vlb_A	1kae_A
5vlb_A	1kar_B
5vlb_A	1kar_A
5vlb_A	4g09_A
5vlg_F	5vlg_F
5vlq_B	5vlq_B
5vnl_B	5vnl_B
5vnl_B	1m2v_B
5vnl_B	3efo_B
5vol_C	5vol_C
5vol_C	5cxx_A
5vol_C	5cxx_B
5vol_C	1gkl_A
5vol_C	1gkl_A
5vol_C	1wb4_A
5vol_C	1wb6_A
5vol_C	4rot_A
5vol_C	5kwj_A
5vol_C	5vns_A
5vol_C	1dqz_A
5vol_C	1f0p_A
5vol_C	4qe3_A
5vol_C	5ocj_B
5vol_C	5vns_A
5vol_C	6vhd_A
5vol_C	6wcx_A
5vol_C	7l0a_B
5voo_A	5voo_A
5voo_A	2e7f_A
5voo_A	2e7f_A
5voo_A	2yci_X
5voo_A	2yck_X
5voo_A	3k13_A
5voo_A	3k13_C
5vqh_A	5vqh_A
5vug_A	5vug_A
5vvi_A	5vvi_A
5vxa_A	5vxa_A
5vxa_A	6z3o_AAA
5vxa_A	7qoc_A
5vxa_A	7qod_A
5vzt_B	5vzt_B
5w0u_A	5w0u_A
5w10_A	5w10_A
5w2i_A	5w2i_A
5w2i_A	5w2h_A
5w2i_A	6m88_A
5w2i_A	6m89_A
5w2i_A	6m8a_A
5w2i_A	6m8b_A
5w2i_A	6m8c_A
5w2i_A	2aqx_A
5w2i_A	1w2c_A
5w2i_A	1w2d_A
5w2i_A	2aqx_B
5w2i_A	8ppa_A
5w2i_A	8ppj_A
5w2i_A	2if8_A
5w2i_A	2iew_A
5w2i_A	2if8_A
5w2i_A	4o4e_A
5w2i_A	4o4d_A
5w2i_A	4o4d_A
5w2i_A	4o4f_A
5w2i_A	8t8z_A
5w2i_A	8t8v_A
5w2i_A	8t8w_A
5w2i_A	8t8x_A
5w2i_A	8t8y_A
5w2i_A	8t91_A
5w2i_A	8t95_A
5w2i_A	8t96_A
5w2i_A	8t97_A
5w3x_D	5w3x_D
5w40_A	5w40_A
5w40_A	5w3x_C
5w6s_A	5w6s_A
5w6s_A	5w6p_F
5w6s_A	6w4q_D
6pki_A	6pki_A
6pki_A	6pkg_A
6pqo_A	6pqo_A
6pqo_A	6v9v_A
6pqo_A	7or0_A
6psd_A	6psd_A
6psd_A	2pmy_A
6pst_N	6pst_N
6pt8_A	6pt8_A
6pt8_A	6pu6_A
6pt8_A	6pu6_B
6pup_A	6pup_A
6pup_A	6puq_A
6pv4_C	6pv4_C
6pv4_C	2wzh_A
6pv4_C	7ou8_BBB
6pv4_C	2chn_A
6pv4_C	2wca_A
6pv4_C	2wca_A
6pv4_C	2xj7_A
6pv4_C	2xm2_B
6pv4_C	4ais_B
6pv4_C	4ur9_A
6pv4_C	5mi6_A
6pv4_C	2cbj_A
6pv4_C	2cbi_A
6pv4_C	2cbi_B
6pv4_C	2cbj_B
6pw7_A	6pw7_A
6pwg_A	6pwg_A
6pwk_A	6pwk_A
6pwk_A	6pwj_A
6pwk_A	4rnh_A
6pwk_A	4rnh_A
6pwk_A	5m3c_B
6pxh_B	6pxh_B
6py0_A	6py0_A
6py0_A	6pxz_C
6pyx_A	6pyx_A
6pyz_A	6pyz_A
6pyz_A	5ti9_D
6pyz_A	6ud5_D
6pyz_A	7lu7_DDD
6q04_A	6q04_A
6q04_A	8sak_A
6q04_A	7cn8_A
6q04_A	7e7b_A
6q04_A	7xu0_A
6q0r_D	6q0r_D
6q0r_D	6q0v_D
6q0r_D	6ud7_C
6q0r_D	6ue5_C
6q0r_D	2xs7_A
6q0v_B	6q0v_B
6q2p_B	6q2p_B
6q2p_B	6q2q_A
6q2p_B	7n7h_A
6q2p_B	1tv7_A
6q2p_B	1tv8_A
6q2p_B	2fb3_A
6q2p_B	2fb3_A
6q2p_B	2fb3_B
6q4y_A	6q4y_A
6q99_A	6q99_A
8evs_BK	8evs_BK
8evs_BK	8evr_BK
8evs_BM	8evs_BM
8evs_BM	8evr_BM
8evs_BR	8evs_BR
8evs_BR	8evr_BR
8evs_BT	8evs_BT
8evs_BT	8evr_BT
8evs_BT	8ova_AO
8evs_Bc	8evs_Bc
8evs_Bc	8evr_Bc
8ew9_A	8ew9_A
8ex3_A	8ex3_A
8ex3_A	3q44_A
8ex3_A	4pu2_A
8ex3_A	2zxg_A
8ey3_A	8ey3_A
8eyi_F	8eyi_F
8eym_B	8eym_B
8eym_B	1mos_A
8eym_B	1moq_A
8eym_B	1mor_A
8eym_B	7dnr_A
8eym_B	2df8_A
8eym_B	2poc_B
8ezf_B	8ezf_B
8ezf_B	6c1w_C
8ezf_B	2yjg_A
8f15_C	8f15_C
8f1b_D	8f1b_D
8f4y_A	8f4y_A
8f4y_A	7lw3_A
8f4y_A	9eml_A
8f4y_B	8f4y_B
8f5v_A	8f5v_A
8f6t_A	8f6t_A
8f70_A	8f70_A
8f72_B	8f72_B
8f9x_A	8f9x_A
8faj_A	8faj_A
8faj_A	1h8y_A
8faj_A	1h8y_B
8faj_A	1k54_A
8faj_A	1k54_B
8faj_A	1k54_A
8faj_A	1k6s_A
8faj_A	1k6s_B
8faj_A	3q81_A
8faj_A	1xa1_B
8faj_A	1xkz_C
8faj_A	3q82_A
8faz_D	8faz_D
8faz_D	8ouz_C
8faz_D	8ouz_B
8faz_D	8faz_C
8fcv_R	8fcv_R
8ffi_F	8ffi_F
8ffi_F	8in8_C
8fho_A	8fho_A
8fho_A	8fhn_B
8fho_A	6npl_A
8fho_A	7d99_A
8fjm_A	8fjm_A
8fkp_NM	8fkp_NM
8fkv_NI	8fkv_NI
8fkw_SU	8fkw_SU
8fmw_Ad	8fmw_Ad
8fn0_B	8fn0_B
8fn0_B	8jr9_A
8fn0_B	7e2x_A
8fnr_A	8fnr_A
8fnr_A	8dq2_A
8fns_A	8fns_A
8fnv_A	8fnv_A
8fny_A	8fny_A
8fo0_A	8fo0_A
8fo0_A	3c8f_A
8iyk_f	8iyk_f
8j03_A	8j03_A
8j0j_A	8j0j_A
8j0r_A	8j0r_A
8j1j_A	8j1j_A
8j1n_A	8j1n_A
8j1n_A	8hbw_A
8j1n_A	2c3e_A
8j30_A	8j30_A
8j30_A	8p0o_A
8j30_A	8p0p_A
8j30_A	8p0p_B
8j4u_B	8j4u_B
8j51_A	8j51_A
8j7z_A	8j7z_A
8j80_B	8j80_B
8j8j_A	8j8j_A
8jb1_A	8jb1_A
8jbi_C	8jbi_C
8jbk_G	8jbk_G
8jbk_G	7e20_C
8jbk_G	8jbk_E
8jc7_A	8jc7_A
8jce_A	8jce_A
8jch_M	8jch_M
8je4_A	8je4_A
8je4_A	7vmw_A
8je4_A	5tu4_A
8je4_A	5tu6_A
8je4_A	6pgn_A
8jfk_B	8jfk_B
8jfk_B	8jfl_B
8jfn_B	8jfn_B
8jfn_B	8jfh_E
8jfs_A	8jfs_A
8jfs_A	4hi1_A
8ji4_A	8ji4_A
8jjn_C	8jjn_C
8jjn_C	8jjq_C
8jjn_C	8jjt_C
8jkk_D	8jkk_D
8jma_A	8jma_A
8jma_A	8vc1_A
8jmi_A	8jmi_A
8jmi_A	8jmh_A
8jol_B	8jol_B
8jol_B	8jol_A
8jol_B	2a5y_B
8jpw_A	8jpw_A
8jpw_A	7e0d_A
8jpw_A	7d4c_A
8jpw_A	7c3j_A
8jpw_A	7c3l_A
8jpw_A	7d4e_A
8jpw_A	2jae_A
8jpw_A	2jae_A
8jpw_A	2jb1_A
8jpw_A	2jb2_A
8jpw_A	2jb3_A
8jpw_A	1reo_A
8jpw_A	1f8s_B
8jpw_A	1f8s_A
8jpw_A	1reo_A
8jpw_A	1tdn_A
8jpw_A	1tdo_A
8jpw_A	3kve_A
8jpw_A	5ts5_A
8jpw_A	7eme_A
8jpw_A	4iv9_A
8jpw_A	5yb6_A
8jpw_A	3we0_B
8jpw_A	5yb7_A
8jpw_A	5yb8_A
8jpw_A	7e0g_A
8jpw_A	4xbf_A
8jpw_A	2hko_A
8jpw_A	2y48_A
8jqe_A	8jqe_A
8jqe_A	2e67_A
8jqe_A	7vi8_B
8jr9_R	8jr9_R
8jsl_A	8jsl_A
8jsw_A	8jsw_A
8ju0_A	8ju0_A
8jw0_i	8jw0_i
8jw0_l	8jw0_l
8jwj_C	8jwj_C
8jx6_B	8jx6_B
8jze_h	8jze_h
1cxz_B	1cxz_B
1d0k_A	1d0k_A
1d0k_A	1d0l_A
1d0k_A	1d0l_A
1d0k_A	1d0m_A
1d3d_C	1d3d_C
1d3d_C	1d3p_C
1d3d_C	1d4p_C
1d3y_B	1d3y_B
1eoj_B	1eoj_B
1eol_B	1eol_B
1eom_A	1eom_A
1ep3_B	1ep3_B
1ep3_B	1ep2_B
1ep3_B	5ksw_B
1ep3_B	4yry_A
1ep3_B	5vj7_B
1ep4_B	1ep4_B
1ep4_B	1c1c_B
1ep4_B	1fk9_B
1ep4_B	1jkh_B
1ep4_B	1vru_B
1ep4_B	1rth_B
1ep4_B	2jle_B
1ep4_B	3dmj_B
1ep4_B	2be2_B
1epb_B	1epb_B
1epb_B	1epb_A
1epb_B	1epb_B
1epb_B	2ovd_A
1epb_B	3sao_B
1epb_B	2lbv_A
1epb_B	3sao_A
1epb_B	3sao_A
1eqc_A	1eqc_A
1eqc_A	2pb1_A
1eqc_A	2pc8_A
1eqc_A	3n9k_A
1eqc_A	4m81_A
1eqc_A	4m81_A
1eqc_A	1h4p_A
1esd_A	1esd_A
1esm_A	1esm_A
1esm_A	1esm_A
1esm_A	1esn_A
1esm_A	4f7w_A
1esm_A	2zs7_A
1esm_A	2zsa_A
1esm_A	2zse_A
1esm_A	2zsf_A
1esm_A	3aez_A
1esm_A	4bfx_B
1esm_A	3tqc_A
1esz_A	1esz_A
1esz_A	1k2v_A
1esz_A	7w8f_A
1lpg_A	1lpg_A
1lpg_A	1ezq_B
1lpg_A	1f0s_B
1lpg_A	1fjs_B
1lpg_A	1g2l_B
1lpg_A	1ksn_B
1lpg_A	1lpk_A
1lpg_A	1mq5_B
1lpg_A	1mq6_B
1lpg_A	1nfu_B
1lpg_A	1nfw_B
1lpg_A	1nfx_B
1lpg_A	1nfy_B
1lpg_A	2y80_B
1lpg_A	1jbu_B
1lpg_A	1cvw_B
1lpg_A	1kli_B
1lpg_A	5par_A
1lqt_A	1lqt_A
1lqt_A	1lqu_A
1lqt_A	1e6e_A
1lqt_A	1cjc_A
1lqt_A	1e1k_A
1lqt_A	1e1k_A
1lqt_A	1e1l_A
1lqt_A	1e1m_A
1lqt_A	1e1n_A
1lqt_A	1e6e_A
1lqt_A	2c7g_A
1lqt_A	1lqu_B
1lqv_A	1lqv_A
1lqv_A	7oks_D
1lqv_A	7q5d_A
1lqv_B	1lqv_B
1lr5_A	1lr5_A
1lr5_A	1lrh_A
1lr5_A	1lrh_A
1lr8_A	1lr8_A
1lr8_A	1lr7_A
1lsh_A	1lsh_A
1lsh_B	1lsh_B
1lsp_A	1lsp_A
1lsp_A	1lsp_A
1ltz_A	1ltz_A
1ltz_A	1ltz_A
1ltz_A	3tcy_A
1lua_A	1lua_A
1lua_A	6tlk_A
1lvw_A	1lvw_A
1lvw_A	1iim_A
1lvw_A	1iim_B
1lvw_A	1fxo_B
1lvw_A	1g0r_A
1lvw_A	1g1l_B
1lvw_A	1g2v_A
1lvw_A	1h5r_A
1lvw_A	1h5r_B
1lvw_A	1h5r_C
1lvw_A	1h5r_D
1lvw_A	1h5r_A
1lvw_A	1h5s_B
1lvw_A	1h5t_A
1lvw_A	1h5t_B
1lvw_A	1h5t_C
1lvw_A	1h5t_D
1lvw_A	1iim_A
1lvw_A	1iim_B
1lvw_A	1iin_A
1lvw_A	1iin_B
1lvw_A	1iin_C
1lvw_A	1iin_D
1lvw_A	1iin_A
1lvw_A	1lvw_B
1lvw_A	1lvw_C
1lvw_A	1lvw_D
1lvw_A	1lvw_A
1lvw_A	1mc3_A
1lvw_A	1mp3_A
1lvw_A	1mp3_B
1lvw_A	1mp4_B
1lvw_A	3pkp_A
1lvw_A	3pkp_B
1lvw_A	3pkp_A
1lvw_A	4asj_A
1lvw_A	4ho6_A
1lvw_A	5ify_C
1lvw_A	5ify_D
1lvw_A	5ify_A
1lvw_A	6n0u_A
1lvw_A	3pkq_C
1lvw_A	3pkq_B
1lvw_A	3pkq_B
1lvw_A	4b4g_B
1lvw_A	4hoc_A
1lvw_A	4ho9_A
1lvw_A	2x65_A
1lvw_A	2x5z_A
1lvw_A	2x5z_A
1lvw_A	2x60_A
1lvw_A	2x65_B
1lvw_A	4ecm_A
1lvw_A	3hl3_A
1lw7_A	1lw7_A
1lw7_A	6gzo_B
1lw7_A	6gye_B
1lw7_A	6gyf_B
1qps_A	1qps_A
1qre_A	1qre_A
1qre_A	1qrl_A
1qs0_A	1qs0_A
1qs0_A	1umc_A
1qs0_A	1umc_A
1qs0_A	1umd_A
1qs0_A	3duf_B
1qs0_A	3duf_A
1qs0_A	3dva_A
1qs0_A	2bff_A
1qs0_A	1dtw_A
1qs0_A	1v11_A
1qs0_A	2beu_A
1qsm_D	1qsm_D
1qsm_D	1qsm_C
1qsm_D	1qsm_D
1qsn_B	1qsn_B
1qtn_A	1qtn_A
1qtn_A	3kjq_A
1qtn_A	1nme_A
1qtn_A	3r7n_A
1qtn_A	8eg6_A
1qtn_A	8eg5_A
1qtn_B	1qtn_B
1qtn_B	3kjq_B
1qtn_B	1nme_B
1qtn_B	8eg6_B
1qtn_B	8eg5_B
1qtn_B	3r7n_B
1qtn_C	1qtn_C
1qu0_C	1qu0_C
1qur_B	1qur_B
1qvr_A	1qvr_A
1qvr_A	6azy_A
1qvr_A	1ksf_X
1qwg_A	1qwg_A
1qx0_A	1qx0_A
1qx0_A	1zm5_A
1qx0_A	8a1c_A
1qz9_A	1qz9_A
1qz9_A	3e9k_A
1qz9_A	2hzp_A
1qzg_B	1qzg_B
1r0h_A	1r0h_A
1r0h_A	1smu_A
1r0h_A	5ai2_A
1r0h_A	4ar3_A
1r0z_A	1r0z_A
1r44_A	1r44_A
1uuy_A	1uuy_A
1uuy_A	2g4r_A
1uuy_A	4nwo_A
1uvq_A	1uvq_A
1uvq_A	7apz_A
1uw5_A	1uw5_A
1uw5_A	1t27_A
1uwk_A	1uwk_A
1uwk_A	6uek_A
1ux7_A	1ux7_A
1ux7_A	1w0n_A
1ux7_A	7ay3_A
1uzj_A	1uzj_A
1v0d_A	1v0d_A
1v0y_A	1v0y_A
1v0y_A	1v0w_A
1v0y_A	7jrw_A
1v0y_A	7jrb_A
1v0y_A	7jrc_A
1v0y_A	7js5_A
1v1q_B	1v1q_B
1v2x_A	1v2x_A
1v34_A	1v34_A
1v34_A	1v33_A
1v34_A	4lil_A
1v34_A	6r4t_D
1v34_A	4mhq_A
1v34_A	6r4s_E
1v34_A	6r4u_A
1v34_A	6r5d_E
1v54_M	1v54_M
1v54_M	2dyr_M
1v54_M	6jy3_M
1v59_A	1v59_A
1v59_A	1jeh_A
1v59_A	1ebd_B
1v59_A	1ojt_A
1v59_A	1ojt_A
1v59_A	1xdi_A
1v59_A	1xdi_B
1v59_A	1xdi_A
1v59_A	1zmd_E
1v59_A	2f5z_A
1v59_A	2f5z_B
1v59_A	3rnm_A
1v59_A	3rnm_B
1v59_A	2a8x_B
1v59_A	2a8x_A
1v59_A	2eq9_B
1v59_A	2eq9_A
1v59_A	2qae_B
1v59_A	2qae_A
1v59_A	2yqu_A
1v59_A	2eq7_A
1v59_A	2eq7_B
1v59_A	2yqu_B
1v59_A	2yqu_B
1v59_A	1lvl_A
1v59_A	3lad_B
1v59_A	1lpf_B
1v59_A	3lad_A
1v59_A	6awa_A
1v59_A	3urh_A
1v59_A	3urh_B
1v59_A	6uzi_C
1v59_A	4jdr_A
1v59_A	4jdr_B
1v59_A	4jq9_A
1v59_A	4jq9_B
1v59_A	6aon_A
1v59_A	6cmz_C
1v59_A	6cmz_A
1v59_A	6kyy_B
1v59_A	8qcj_A
1v59_A	1bzl_A
1v59_A	1bzl_B
1v59_A	1gxf_A
1v59_A	2wba_B
1v59_A	1fea_A
1v59_A	1fea_B
1v59_A	1fec_A
1v59_A	1fec_B
1v59_A	2tpr_A
1v59_A	2tpr_B
1v59_A	2w0h_A
1v59_A	2w0h_B
1v59_A	4nev_A
1v59_A	4nev_B
1v59_A	1grt_A
1v59_A	1bwc_A
1v59_A	1dnc_A
1v59_A	1gra_A
1v59_A	1grb_A
1v59_A	1gre_A
1v59_A	1grf_A
1v59_A	1grg_A
1v59_A	1gsn_A
1v59_A	1xan_A
1v59_A	3grs_A
1v59_A	3grt_A
1v59_A	5grt_A
1v59_A	1ger_B
1v59_A	1ges_A
1v59_A	1ges_B
1v59_A	1get_A
1v59_A	1get_B
1v59_A	1geu_A
1v59_A	1geu_B
1v59_A	1onf_A
1v59_A	2rab_A
1v59_A	2rab_B
1v59_A	2hqm_B
1v59_A	2hqm_A
1v59_A	2nvk_A
1v59_A	3dgz_A
1v59_A	3qfa_A
1v59_A	2zzc_A
1v59_A	2zzc_B
1v59_A	3ean_A
1v59_A	3qfa_B
1v59_A	4j56_A
1v59_A	4b1b_A
1v59_A	4j56_B
1v59_A	8pld_A
1v59_A	2v6o_A
1v59_A	4la1_A
1v59_A	4la1_B
1v59_A	8pl0_A
1v59_A	8pli_A
1v59_A	8plo_B
1v59_A	8plq_B
1v59_A	8plw_B
1v59_A	3l8k_B
1v59_A	3l8k_A
1v59_A	4dna_B
1v59_A	4dna_A
1v59_A	8ajj_A
1v59_A	8ajk_B
1v59_A	1mo9_A
1v59_A	1mo9_B
1v59_A	1mo9_A
1v59_A	2c3c_A
1v59_A	3q6j_A
1v59_A	7mgn_A
1v59_A	3ic9_B
1v59_A	3ic9_A
1v59_A	3ic9_C
1v59_A	4k7z_A
1v59_A	1zx9_A
1v59_A	4k8d_A
1v73_A	1v73_A
1v73_A	2z72_A
1v8k_A	1v8k_A
1v9a_B	1v9a_B
1v9a_B	2ybo_A
1v9a_B	3ndc_B
1v9a_B	1cbf_A
1v9l_A	1v9l_A
1v9l_A	8xd5_A
1v9l_A	4xgi_A
1v9l_A	8owm_C
1v9n_A	1v9n_A
1v9n_A	1v9n_A
1v9n_A	3i0p_A
1v9n_A	3i0p_A
1v9n_A	1s20_G
1v9n_A	1vbi_A
1v9n_A	1z2i_B
1v9n_A	1z2i_A
1v9n_A	2cwf_B
1v9n_A	2cwf_A
1v9n_A	2cwf_B
1v9n_A	2cwh_B
1v9n_A	4fju_A
1v9n_A	4h8a_A
1v9n_A	4h8a_B
1v9n_A	2g8y_A
1v9n_A	2g8y_B
1v9n_A	2g8y_A
1vrl_A	1vrl_A
1vrl_A	1vrl_A
1vrl_A	8dwe_A
1vrl_A	7ef9_A
1vrq_A	1vrq_A
1vrq_A	2gag_A
1vrq_A	3ad9_A
1vrq_D	1vrq_D
1vsj_A	1vsj_A
1vsj_A	1vsi_A
1vsj_A	6qbw_A
1vtn_C	1vtn_C
1vy4_B0	1vy4_B0
1vy4_B5	1vy4_B5
1vy4_B5	8crx_z
1vy4_B8	1vy4_B8
1vy4_BG	1vy4_BG
1vy4_BH	1vy4_BH
1vy4_BQ	1vy4_BQ
1vy4_BQ	6yws_K
1vy4_BV	1vy4_BV
1vy4_BX	1vy4_BX
1vy5_B1	1vy5_B1
1vy5_B6	1vy5_B6
1vy5_B6	6eri_Ab
1vyb_B	1vyb_B
1vyk_A	1vyk_A
1vz0_B	1vz0_B
1vz0_B	6sdk_A
1vz0_B	7bm8_A
1vz0_B	7bnk_A
1vz0_B	7bnr_B
1vzy_A	1vzy_A
1w1g_A	1w1g_A
1w1g_A	1w1d_A
1w1w_C	1w1w_C
1w3a_A	1w3a_A
1w3o_A	1w3o_A
1w55_A	1w55_A
1w5s_B	1w5s_B
1w5s_B	1w5s_A
1w5s_B	1w5t_B
1w6k_A	1w6k_A
1w6k_A	1w6j_A
1w6k_A	1w6k_A
1w6k_A	2sqc_A
1w6k_A	1gsz_A
1w6k_A	2sqc_A
1w6u_A	1w6u_A
1w6u_A	1w8d_C
1w6u_A	7ucw_B
1w6u_A	4fc7_B
1w6u_A	4fc7_B
1w7o_A	1w7o_A
1w7o_A	1czj_A
1w7o_A	2a3p_A
1w7o_A	1wad_A
1w7o_A	1gm4_A
1w7o_A	2bq4_B
1w80_A	1w80_A
1w85_J	1w85_J
1w8s_E	1w8s_E
1w8s_E	2yce_E
1w8s_E	3gnd_A
1w8s_E	3glc_A
3a5y_A	3a5y_A
3a5y_A	3a5z_C
3a5y_A	3a5z_A
3a5y_A	3g1z_A
3a5z_B	3a5z_B
3a7e_A	3a7e_A
3a7e_A	3a7d_A
3a7e_A	1h1d_A
3a7e_A	5lqj_C
3a7e_A	1h1d_A
3a7e_A	1vid_A
3a7e_A	3s68_A
3a7e_A	4p7k_A
3a7e_A	5k0n_A
3a7e_A	5zy6_B
3a7e_A	6aw7_A
3a8e_C	3a8e_C
3a8r_B	3a8r_B
3a8t_A	3a8t_A
3a8t_A	3a8t_A
3a9f_A	3a9f_A
3a9g_A	3a9g_A
3a9g_A	2g8s_A
3a9g_A	3das_A
3aag_A	3aag_A
3ab8_A	3ab8_A
3ab8_A	3ab8_A
3ab9_A	3ab9_A
3ab9_A	1dxm_A
3ab9_A	1hpc_B
3ab9_A	1htp_A
3abi_A	3abi_A
3abi_A	3abi_A
3abi_A	8deb_A
3abi_A	4rl6_A
3abo_A	3abo_A
3abo_A	3abq_A
3abo_A	3abs_A
3abo_A	7xrm_A
3abs_B	3abs_B
3abs_B	7xrm_B
3acg_A	3acg_A
3acg_A	3acf_A
3add_A	3add_A
3add_A	3a4l_A
3add_A	3a4m_A
3add_A	3adb_A
3add_A	3adc_A
3add_A	3am1_A
3af5_A	3af5_A
3afl_A	3afl_A
3afo_A	3afo_A
3ahn_A	3ahn_A
3ahn_A	2h1n_A
3ai7_A	3ai7_A
3ai7_A	3ahd_A
3ai7_A	3ahe_A
3ai7_A	3ahi_A
3ai7_A	7c8i_B
3ai7_A	6gua_A
3ai7_A	8io8_A
3aih_B	3aih_B
3ajm_B	3ajm_B
3ajx_A	3ajx_A
3ak5_A	3ak5_A
3akg_A	3akg_A
3akl_A	3akl_A
3akl_A	3akk_A
3akl_A	3akl_A
3akz_A	3akz_A
3akz_A	1j09_A
3akz_A	1g59_A
3akz_A	1j09_A
3akz_A	1j09_A
3akz_A	1n77_A
3akz_A	2cv2_A
3akz_A	6brl_A
3akz_A	8vc5_A
3al6_B	3al6_B
3al6_B	3al5_B
3alr_C	3alr_C
3ang_C	3ang_C
3ang_C	3anp_A
3ang_C	3anp_B
3ank_A	3ank_A
3ank_A	2zzr_A
3ank_A	1vd5_A
3ank_A	2ahg_A
3ank_A	2fv0_A
3apa_A	3apa_A
3apa_A	3vy6_A
3apa_A	3vy7_A
3apa_A	3vzf_A
3apa_A	5yrf_A
3apx_A	3apx_A
3apx_A	3apw_A
3apx_A	7oub_B
3aqj_A	3aqj_A
3aqt_B	3aqt_B
3aqz_B	3aqz_B
3atp_A	3atp_A
3atp_A	2lig_B
3atp_A	1lih_A
3atp_A	2lig_A
3atp_A	4z9h_A
3au2_A	3au2_A
3au2_A	3au2_A
3au2_A	3auo_A
3kta_A	3kta_A
3kta_A	5h67_A
3kta_B	3kta_B
3ktb_D	3ktb_D
3ktc_A	3ktc_A
3ktc_A	1xim_A
3ktc_A	1gw9_A
3ktc_A	1oad_A
3ktc_A	1oad_B
3ktc_A	1xid_A
3ktc_A	1xid_A
3ktc_A	1xie_A
3ktc_A	1xie_A
3ktc_A	1xif_A
3ktc_A	1xig_A
3ktc_A	1xih_A
3ktc_A	1xii_A
3ktc_A	1xij_A
3ktc_A	1xim_B
3ktc_A	1xim_C
3ktc_A	1xim_D
3ktc_A	1xim_A
3ktc_A	1xyb_A
3ktc_A	1xyb_B
3ktc_A	1xyc_A
3ktc_A	1xyc_B
3ktc_A	2g4j_A
3ktc_A	2gyi_A
3ktc_A	2gyi_B
3ktc_A	2xin_A
3ktc_A	2xin_B
3ktc_A	2xin_C
3ktc_A	2xin_D
3ktc_A	3kbm_A
3ktc_A	3kbn_A
3ktc_A	3qza_A
3ktc_A	3xim_A
3ktc_A	3xim_B
3ktc_A	3xim_C
3ktc_A	3xim_D
3ktc_A	4e3v_A
3ktc_A	4qdp_A
3ktc_A	4qdw_A
3ktc_A	4qe1_A
3ktc_A	4qee_A
3ktc_A	4zb0_A
3ktc_A	5xin_A
3ktc_A	8aws_A
3ktc_A	8awy_A
3ktc_A	9xia_A
3ktc_A	1did_B
3ktc_A	1die_A
3ktc_A	1xlc_A
3ktc_A	1xlf_A
3ktc_A	1xlf_B
3ktc_A	1xlf_A
3ktc_A	1xli_A
3ktc_A	1xli_B
3ktc_A	1xlj_A
3ktc_A	1xlj_B
3ktc_A	1xll_A
3ktc_A	1xlm_A
3ktc_A	1xlm_B
3ktc_A	4xia_A
3ktc_A	5xia_A
3ktc_A	5xia_B
3ktm_E	3ktm_E
3ktn_A	3ktn_A
3kvn_X	3kvn_X
3kw0_B	3kw0_B
3kws_A	3kws_A
3kxa_A	3kxa_A
3kxd_A	3kxd_A
3kxd_A	4l75_A
3kxi_A	3kxi_A
3kya_A	3kya_A
3kyf_A	3kyf_A
3kyl_A	3kyl_A
3kyl_A	6usr_A
3kyl_A	7kqn_A
3kyq_A	3kyq_A
3kzp_B	3kzp_B
3l0a_A	3l0a_A
3l1e_A	3l1e_A
3l1n_A	3l1n_A
3l1n_A	5csd_D
3l22_A	3l22_A
3l22_A	3jq1_B
3l22_A	6zaz_A
3l22_A	3mcx_A
3l22_A	5cx8_A
3l22_A	7kv3_AAA
3l23_A	3l23_A
3l2b_A	3l2b_A
3l2b_A	3l31_A
3l2k_A	3l2k_A
3l57_A	3l57_A
3l76_A	3l76_A
3l7g_B	3l7g_B
3l7g_B	4zwu_B
3l7g_B	3rva_A
3l7l_D	3l7l_D
3l7l_D	3l7l_D
3l7l_D	3l7m_D
3l8e_A	3l8e_A
3l8e_A	3esq_A
3l8e_A	3l8f_A
3l8q_A	3l8q_A
3lac_B	3lac_B
3lac_B	3ro0_B
3lac_B	3giu_B
3lac_B	5z48_B
3lag_A	3lag_A
3lag_A	2fqp_C
3lap_D	3lap_D
3lap_D	3laj_D
3lb8_A	3lb8_A
3lb8_A	2gr3_A
3lb8_A	1d7y_A
3lb8_A	1f3p_A
3lb8_A	2gr0_A
3lb8_A	2gr2_A
3lb8_A	2yvj_A
3lb8_A	2yvj_A
3lb8_A	4h4q_A
3lb8_A	4h4u_A
3lb8_A	4h4w_A
3lb8_A	3fg2_A
3lb8_A	3lxd_A
3lb8_A	4emj_A
3lb8_A	3ef6_A
3lb8_A	4emi_A
3lb8_A	7btj_C
3lb8_A	5jcl_A
3lb8_A	5jcm_A
3lb8_A	5jcn_A
3lb8_A	7bvi_C
3lcc_A	3lcc_A
3lcc_A	3lcc_A
3lcm_A	3lcm_A
3lcm_A	3lcm_B
3lcm_A	3lcm_A
3lcm_A	4r81_B
3lcm_A	4r81_A
3lcn_B	3lcn_B
3ldf_A	3ldf_A
3ldk_A	3ldk_A
3ldk_A	3lfi_A
3ldk_A	3lih_A
3ldk_A	5fix_A
3ldk_A	6fjg_A
3ldk_A	6s2g_A
3ldk_A	6s3z_A
3ldu_A	3ldu_A
3ldu_A	3ldg_A
3lec_A	3lec_A
3lec_A	3ku1_A
3lec_A	7o4n_A
3lec_A	6qe6_A
3lfm_A	3lfm_A
3lfm_A	4ie6_A
3lfm_A	4ie4_A
3lfm_A	4ie5_A
3lfm_A	4ie7_A
3lfm_A	4qkn_A
3lfm_A	4zs2_A
3lfm_A	5dab_A
3lgd_A	3lgd_A
3lij_A	3lij_A
3lij_A	3hzt_A
3lij_A	3ncg_A
3lij_A	4y5q_A
3lij_A	4ysj_A
3lij_A	4mvf_A
3lij_A	4mxa_A
3lij_A	3hx4_A
3liv_A	3liv_A
3liv_A	3liv_B
3liv_A	6w6s_A
3liv_A	1bai_B
3liv_A	1bai_A
3lju_X	3lju_X
3lkb_A	3lkb_A
3lku_E	3lku_E
3ll3_B	3ll3_B
3ll3_B	3ll3_A
3ll3_B	2itm_A
3ll3_B	3hz6_A
3ll3_B	3kzb_A
3ll3_B	3i8b_A
3ll3_B	5htx_A
3ll3_B	5htv_A
3ll3_B	5hux_A
3ll3_B	5htp_A
3ll3_B	5hv7_A
3oa8_B	3oa8_B
3oag_C	3oag_C
3oag_C	3o9l_C
3oag_C	3oad_C
3ob6_B	3ob6_B
3ob6_B	5j4n_A
3obv_A	3obv_A
3obv_A	3obv_D
3oc4_A	3oc4_A
3oc4_A	3oc4_B
3oc4_A	3oc4_A
3oc4_A	3cgd_A
3oc4_A	3cge_A
3oc4_A	3cge_B
3oc4_A	3cge_A
3ocu_A	3ocu_A
3ocu_A	3et5_A
3ocu_A	3ocv_A
3ocu_A	3ocw_A
3ocu_A	3ocw_A
3ocu_A	3ocx_A
3ocu_A	3ocy_A
3ocu_A	3ocz_A
3ocu_A	7f7c_A
3ocu_A	7f7a_A
3odc_B	3odc_B
3odm_C	3odm_C
3oel_A	3oel_A
3oel_A	3oek_A
3oel_A	3oem_A
3oel_A	6usu_A
3oel_A	1y20_A
3oel_A	5i59_A
3oel_A	1pb8_A
3oel_A	1pb9_A
3oel_A	1pb9_A
3oel_A	1pbq_A
3oel_A	4kfq_A
3oel_A	2rc7_A
3oel_A	2rc8_B
3oes_A	3oes_A
3oes_A	1xts_A
3oes_A	6bsx_C
3oes_A	7btc_B
3oes_A	2l0x_A
3oes_A	4o2r_A
3oes_A	1ky3_A
3oes_A	1ky2_A
3oes_A	3law_B
3oes_A	1vg8_A
3oes_A	1yhn_A
3oes_A	3law_A
3oes_A	4qxa_A
3oes_A	6vii_B
3oes_A	6vij_B
3oes_A	2dpx_B
3oes_A	2dpx_A
3oes_A	3tnf_A
3oes_A	3qbt_A
3oes_A	3tkl_A
3oes_A	7opp_C
3oes_A	7opr_B
3oes_A	3bc1_A
3oes_A	7opr_A
3oes_A	1ek0_A
3oes_A	1g17_A
3oes_A	1g16_A
3oes_A	1g16_B
3oes_A	1g16_C
3oes_A	1g16_D
3oes_A	1g17_B
3oes_A	3cph_A
3oes_A	1yzq_A
3oes_A	1d5c_A
3oes_A	2fe4_A
3oes_A	3bbp_B
3oes_A	1n6o_A
3oes_A	1huq_A
3oes_A	1n6h_A
3oes_A	1n6i_A
3oes_A	1n6k_A
3oes_A	1n6l_A
3oes_A	1n6n_A
3oes_A	1n6p_A
3oes_A	1n6r_A
3oes_A	1tu3_A
3oes_A	1tu3_B
3oes_A	1z0d_A
3oes_A	1z0d_B
3oes_A	3mjh_A
3oes_A	3mjh_B
3oes_A	4g01_B
3oes_A	1z0f_A
3oes_A	1yu9_A
3oes_A	4drz_A
3oes_A	1zbd_A
3oes_A	3rab_A
3oes_A	4rkf_A
3oes_A	2fg5_A
3oes_A	1cxz_A
3oes_A	1a2b_A
3oes_A	1dpf_A
3oes_A	1ftn_A
3oes_A	1kmq_A
3oes_A	1ow3_B
3oes_A	1ow3_B
3oes_A	1tx4_B
3oes_A	2gcp_A
3oes_A	3a58_B
3oes_A	3kz1_A
3oes_A	4xoi_B
3oes_A	5bwm_A
3oes_A	5hpy_B
3oes_A	7g84_A
3oes_A	7g86_A
3oes_A	7g87_A
3oes_A	7g89_A
3oes_A	7g8b_A
3oes_A	7g8e_A
3oes_A	7g8h_A
3oes_A	7g8k_A
3oes_A	7g8p_A
3oes_A	7g8q_A
3oes_A	7g8u_A
3oes_A	7g8v_A
3oes_A	7g8y_A
3oes_A	7g94_A
3oes_A	7g95_A
3oes_A	7g96_A
3oes_A	7g99_A
3oes_A	1grn_A
3oes_A	1ds6_A
3oes_A	1e0a_A
3oes_A	1e96_A
3oes_A	1g4u_A
3oes_A	1i4d_C
3oes_A	1i4l_A
3oes_A	1mh1_A
3oes_A	2fju_A
3oes_A	2g0n_A
3oes_A	2g0n_B
3oes_A	2w2v_A
3oes_A	2w2x_A
3oes_A	3eg5_C
3oes_A	3qbv_A
3oes_A	4itr_D
3oes_A	4js0_A
3oes_A	2j0v_A
3oes_A	2j0v_B
3oes_A	2nty_C
3oes_A	1gwn_A
3oes_A	1m7b_A
3oes_A	2cls_A
3oes_A	4dvg_A
3oes_A	1z2a_A
3oes_A	4mit_A
3oes_A	2msc_B
3oes_A	121p_A
3oes_A	1agp_A
3oes_A	1clu_A
3oes_A	1ctq_A
3oes_A	1gnq_A
3oes_A	1ioz_A
3oes_A	1jah_A
3oes_A	1jai_A
3oes_A	1lf0_A
3oes_A	1lf5_A
3oes_A	1lfd_B
3oes_A	1nvu_A
3oes_A	1nvu_B
3oes_A	1nvv_A
3oes_A	1nvv_B
3oes_A	1p2s_A
3oes_A	1p2t_A
3oes_A	1p2u_A
3oes_A	1p2v_A
3oes_A	1q21_A
3oes_A	1qra_A
3oes_A	1rvd_A
3oes_A	1wq1_B
3oes_A	221p_A
3oes_A	2c5l_A
3oes_A	2mse_B
3oes_A	2q21_A
3oes_A	3ddc_A
3oes_A	3rs7_A
3oes_A	3v4f_A
3oes_A	421p_A
3oes_A	4k81_A
3oes_A	4nyj_A
3oes_A	4q21_A
3oes_A	4ql3_A
3oes_A	621p_A
3oes_A	6q21_A
3oes_A	6q21_B
3oes_A	6q21_C
3oes_A	6q21_D
3oes_A	721p_A
3oes_A	821p_A
3oes_A	8g9p_A
3oes_A	8g9q_A
3oes_A	8qw6_A
3oes_A	8qw7_A
3oes_A	8tbf_A
3oes_A	1zc3_A
3oes_A	1uad_A
3oes_A	2kwi_A
3oes_A	3kko_A
3oes_A	4dxa_A
3oes_A	1c1y_A
3oes_A	1gua_A
3oes_A	1kao_A
3oes_A	3kuc_A
3oes_A	3rap_A
3oes_A	3rap_B
3oes_A	3x1w_A
3oes_A	4hdq_B
3oes_A	4kvg_A
3oes_A	8qvu_E
3oes_A	3e5h_A
3oes_A	4cym_A
3oes_A	4uj3_A
3oes_A	3rwm_B
3oes_A	3rwo_B
3oes_A	3tso_A
3oes_A	4uj5_A
3oes_A	1z0a_A
3oes_A	1z0a_B
3oes_A	5jcz_I
3of4_A	3of4_A
3of4_A	3of4_B
3of4_A	3of4_C
3of4_A	2hay_A
3of4_A	2hay_B
3of4_A	7jh4_B
3of4_A	7jh4_A
3of4_A	7s14_C
3of4_A	7s14_B
3og2_A	3og2_A
3og2_A	3ogr_A
3og2_A	3ogs_A
3og2_A	3ogv_A
3ogh_B	3ogh_B
3ogk_A	3ogk_A
3ogk_A	2p1n_B
3ogk_A	2p1o_B
3ogk_A	2p1o_B
3ogk_A	2p1p_B
3ogk_A	3c6p_B
3ogk_B	3ogk_B
3oh0_A	3oh0_A
3oh0_A	3oh0_A
3oh0_A	3oh1_A
3oh0_A	3oh2_A
3oh0_A	3oh4_A
3ohe_A	3ohe_A
3ohe_A	2oik_C
3oi7_A	3oi7_A
3oi7_A	3lg2_A
3oi7_A	3ll4_A
3oih_A	3oih_A
3oih_A	3m7s_A
3oih_A	1llo_A
3oih_A	1llo_A
3oih_A	4toq_A
3oih_A	2uy5_A
3oih_A	2xtk_A
3oih_A	2xtk_B
3oih_A	2xtk_A
3oih_A	2xuc_A
3ois_A	3ois_A
3ois_A	6a0q_B
3oix_A	3oix_A
3oix_A	3c61_A
3oix_A	2e68_B
3oix_A	2e6f_A
3oix_A	3gz3_A
3oix_A	3tq0_A
3oix_A	3w1a_A
3oix_A	3w2u_B
3oix_A	3w71_A
3oix_A	4ef8_B
3oix_A	4wzh_B
3oix_A	7mx6_AAA
3oix_A	7myd_AAA
3oix_A	1dor_A
3oix_A	1dor_B
3oix_A	1jqv_A
3oix_A	1jqv_B
3oix_A	1jqv_A
3oix_A	1jqx_A
3oix_A	1jqx_B
3oix_A	1jrb_A
3oix_A	1jrb_B
3oix_A	1jrc_A
3oix_A	1jrc_B
3oix_A	1jub_A
3oix_A	1jub_B
3oix_A	1jue_A
3oix_A	1jue_B
3oix_A	1ovd_A
3oix_A	1ovd_B
3oix_A	2bsl_B
3oix_A	2dor_A
3oix_A	2dor_B
3oix_A	1ep3_A
3oix_A	1ep1_A
3oix_A	1ep2_A
3oj3_I	3oj3_I
3oj7_A	3oj7_A
3oj7_A	3oxk_A
3oj7_A	4egu_B
3oj7_A	4egu_A
3oj7_A	3n1t_A
3oj7_A	3n1s_J
3oj7_A	3n1t_B
3oj7_A	5km5_B
3oj7_A	6g9z_A
3oj7_A	6j5s_B
3oj7_A	1av5_B
3oj7_A	1av5_B
3oj7_A	1kpe_A
3oj7_A	1kpe_B
3oj7_A	1kpe_B
3oj7_A	1kpf_A
3oj7_A	3o1c_A
3oj7_A	3qgz_A
3oj7_A	3rhn_A
3oj7_A	4eqe_B
3oj7_A	4eqg_B
3oj7_A	4eqh_B
3oj7_A	4rhn_A
3oj7_A	4rhn_A
3oj7_A	5emt_A
3oj7_A	5i2f_A
3oj7_A	5km0_A
3oj7_A	5km2_A
3oj7_A	5km3_A
3oj7_A	5o8i_B
3oj7_A	5rhn_A
3oj7_A	5rhn_A
3oj7_A	6b42_A
3oj7_A	6j5s_B
3oj7_A	6j64_B
3oj7_A	6yqm_AAA
3oja_B	3oja_B
3ut0_A	3ut0_A
3uul_A	3uul_A
3uwp_A	3uwp_A
3uwp_A	1nw3_A
3uwp_A	3qox_A
3uwp_A	4er5_A
3uwp_A	4er6_A
3uwp_A	4er7_A
3uwp_A	5juw_A
3uwp_A	5mvs_B
3uwp_A	6in3_A
3uwp_A	6nj9_K
3ux3_A	3ux3_A
3uxf_A	3uxf_A
3v0h_B	3v0h_B
3v0r_A	3v0r_A
3v1d_A	3v1d_A
3v20_A	3v20_A
3v5z_B	3v5z_B
3v5z_B	3u9j_A
3v64_A	3v64_A
3v6i_A	3v6i_A
3v76_A	3v76_A
3v76_A	3v76_A
3v76_A	2gqf_A
3v76_A	2gqf_A
3v76_A	4cnk_A
3v76_A	2i0z_A
3v8v_A	3v8v_A
3v8v_A	3v8v_A
3v8v_A	3v97_A
3v9u_D	3v9u_D
3v9u_D	3v9x_B
3va7_A	3va7_A
3vaj_B	3vaj_B
5yh1_A	5yh1_A
5yhi_A	5yhi_A
5yho_A	5yho_A
5yix_B	5yix_B
5yjg_A	5yjg_A
5yjj_A	5yjj_A
5yjj_A	3gme_A
5yjj_A	3gcm_B
5yjj_A	3gcm_C
5yjj_A	3gcm_A
5yk1_A	5yk1_A
5yk1_A	7cyr_A
5yk1_A	5yk0_A
5yk1_A	5yk2_A
5ykp_A	5ykp_A
5ykp_A	2nq6_A
5ykp_A	2nq7_A
5ykp_A	4fli_A
5ykp_A	4u6j_A
5ykp_A	5yr4_A
5ykp_A	3pkc_A
5ykp_A	3s6b_A
5ykp_A	4a6v_A
5ykp_A	1c22_A
5ykp_A	1c23_A
5ykp_A	1c23_A
5ykp_A	1c24_A
5ykp_A	1c24_A
5ykp_A	1c27_A
5ykp_A	1yvm_A
5ykp_A	2bb7_A
5ykp_A	2p99_A
5ykp_A	2q93_A
5ykp_A	4fuk_A
5yl6_A	5yl6_A
5yl6_A	5ylb_A
5yl6_A	7vjv_A
5yle_A	5yle_A
5yle_A	5k4p_A
5yle_A	5ylf_A
5yle_A	5zjv_A
5yle_A	6li6_A
5yle_A	7yjp_A
5yle_A	6bnd_A
5yle_A	4kav_A
5yoa_B	5yoa_B
5yoa_B	5yo9_B
5yox_A	5yox_A
5yq0_C	5yq0_C
5yrx_A	5yrx_A
5ys8_A	5ys8_A
5ys8_A	5ys3_A
5ysi_A	5ysi_A
5ysz_A	5ysz_A
5ysz_A	2pua_A
5ysz_A	1jft_A
5ysz_A	1wet_A
5ysz_A	1zay_A
5ysz_A	2pub_A
5ysz_A	4rk5_A
5ysz_A	4rkr_A
5ysz_A	2o20_B
5ysz_A	3k4h_A
5ysz_A	2p9h_A
5ysz_A	1tlf_A
5ysz_A	4rk7_A
5ysz_A	4rk6_A
5ysz_A	7cdx_A
5yt7_A	5yt7_A
5yt7_A	3ibo_C
5yt7_A	1ezl_C
5yt7_A	1a4c_C
5yt7_A	1bex_A
5yt7_A	1bex_B
5yt7_A	1dz0_A
5yt7_A	1e67_A
5yt7_A	1nzr_A
5yt7_A	1vlx_A
5yt7_A	2iwe_A
5yt7_A	2iwe_B
5yt7_A	2tsb_A
5yt7_A	4hz1_B
5yt7_A	4jkn_A
5yt7_A	4qlw_B
5yt7_A	5yt7_B
5yug_E	5yug_E
5yum_A	5yum_A
5yum_A	5ypp_E
5yvz_A	5yvz_A
5yvz_A	5y9x_A
5ywr_B	5ywr_B
5yyf_C	5yyf_C
5yyf_C	6hpz_A
5yz2_B	5yz2_B
5yz2_B	7cfi_A
5yz2_B	3oi8_A
5yz2_B	3lhh_A
5yz2_B	3ocm_A
5yz2_B	4p1g_A
5yz2_B	4iy0_A
5yz4_A	5yz4_A
5z06_B	5z06_B
5z25_A	5z25_A
5z2v_A	5z2v_A
5z2v_A	1vdd_A
7p6t_A	7p6t_A
7p6t_A	7p6s_A
7p7l_C	7p7l_C
7p7l_C	7z7s_C
7p7l_C	7z0s_E
7p7n_CCC	7p7n_CCC
7p7q_Q	7p7q_Q
7p84_C	7p84_C
7p84_C	4k0b_A
7p84_C	4k0b_B
7p84_C	4k0b_A
7p84_C	4l2z_A
7p84_C	6s83_B
7p84_C	6s83_A
7p8e_A	7p8e_A
7p8e_A	5n2n_A
7p8e_A	3rvr_B
7p8e_A	3rvr_A
7p8e_A	1e6k_A
7p8e_A	1ffw_A
7p8e_A	1zdm_A
7p8e_A	3rvp_B
7p8e_A	3rvs_A
7p8e_A	5d2c_A
7p8e_A	1mav_A
7p8e_A	4h60_A
7p8n_B	7p8n_B
7p8n_B	6vw7_D
7p8n_B	8oh5_B
7p8s_A	7p8s_A
7p8s_A	3m4e_B
7p8s_A	3m4e_A
7p8s_A	2ygt_A
7p8s_A	3lkf_A
7p97_AAA	7p97_AAA
7p9w_A	7p9w_A
7pab_A	7pab_A
7pb1_B	7pb1_B
7pb1_B	6w2l_B
7pbw_AA	7pbw_AA
7pbw_AA	1nkz_A
7pbw_AA	1nkz_C
7pbw_AA	1nkz_E
7pbw_AA	7zcu_A
7pbw_AA	7ze3_A
7pbw_BA	7pbw_BA
7pbw_BA	1nkz_B
7pbw_BA	1nkz_D
7pbw_BA	1nkz_F
7pbw_BA	7ze3_B
7pbw_BA	7zdi_B
7pch_E	7pch_E
7pcv_A	7pcv_A
7pd1_B	7pd1_B
7pe4_A	7pe4_A
7pe4_A	7pho_B
7pe4_A	7qoq_A
7pe4_A	3ckq_A
7pe4_A	3ckq_A
7pe4_A	7p8g_A
7pe4_A	7pd5_A
7pe4_A	7pdo_A
7pe4_A	7pho_B
7pe4_A	7qoq_A
7pe4_A	4y6u_A
7pe4_A	4dec_A
7pe4_A	4y7g_A
7pe4_A	3f1y_A
7pe4_A	3kia_A
7pe4_A	3o3p_A
7pe4_A	3o3p_A
7pe4_A	3o3p_B
7pge_B	7pge_B
7pgk_A	7pgk_A
7pgm_B	7pgm_B
7pgm_B	7pgn_A
7pgm_B	7pgn_B
7phw_A	7phw_A
7pi0_H	7pi0_H
7pi0_L	7pi0_L
7pi0_t	7pi0_t
7pi4_AAA	7pi4_AAA
7pi4_AAA	4bkt_F
7pi4_AAA	8bdi_I
7pi4_AAA	4b95_A
7pi4_AAA	4b95_B
7pi4_AAA	7jto_L
7pi4_AAA	7jtp_L
7pi4_AAA	7khh_C
7pi4_AAA	7q2j_C
7pi4_AAA	7s4e_B
7pi4_AAA	7z6l_B
7pi4_AAA	7z76_C
7pi4_AAA	7z77_C
7pi4_AAA	7znt_C
7pi4_AAA	8bb3_L
7pi4_AAA	8bb4_P
7pi4_AAA	8bb5_C
7pi4_AAA	8bdt_D
7pi4_AAA	8bdx_D
7pi4_AAA	8pc2_A
7pi4_AAA	8qvu_B
7pi4_AAA	8qw6_B
7pi4_AAA	8qw7_B
7pi4_AAA	8vl9_A
7pi4_AAA	8vlb_A
7pi5_c	7pi5_c
7pi5_c	7pi0_B
7pi5_c	7oui_b
7pj3_AAA	7pj3_AAA
7pj3_AAA	7pj6_AAA
7pj3_AAA	7pod_A
7pk0_A	7pk0_A
7pka_A	7pka_A
7pka_A	4gf0_A
7pka_A	4kh7_B
7pka_A	3lsz_A
7pka_A	4iw9_B
7pkt_y	7pkt_y
7pl1_A	7pl1_A
7pl1_A	2vdv_E
7pl1_A	2vdv_A
7pl1_A	7ogj_B
7pl1_A	7ogj_B
7pl1_A	8h0n_B
7pl5_BBB	7pl5_BBB
7pli_A	7pli_A
7plo_B	7plo_B
7plp_A	7plp_A
7po9_A	7po9_A
7poh_B	7poh_B
7pok_A	7pok_A
8ccr_A	8ccr_A
8ccy_A	8ccy_A
8cej_C	8cej_C
8cej_C	5dbv_A
8cen_4	8cen_4
8cen_6	8cen_6
8cen_M	8cen_M
8cg5_A	8cg5_A
8cg5_A	6fij_B
8ch4_D	8ch4_D
8cja_B	8cja_B
8cja_B	1mjg_M
8cja_B	1oao_C
8cja_B	1ru3_A
8cja_B	6x5k_N
8cja_B	7o0d_A
8cjf_B	8cjf_B
8cke_A	8cke_A
8cke_A	8cko_A
8cke_A	1xoc_A
8cke_A	3m8u_A
8cke_A	5f1q_A
8cke_A	4qfn_B
8cke_A	4qfk_A
8cke_A	4qfl_A
8cke_A	4qfn_A
8cke_A	4qfo_A
8cke_A	4qfp_A
8cke_A	5za4_A
8cke_A	5yyb_A
8cke_A	5yyb_A
8cke_A	5z99_A
8cke_A	8upi_A
8cke_A	1zlq_A
8cke_A	5on9_B
8cke_A	1uiu_A
8cke_A	2noo_A
8cke_A	3mvz_A
8cke_A	4i8c_A
8cke_A	7a0c_A
8cke_A	5yh8_A
8cke_A	4oeu_A
8cke_A	4oev_A
8cke_A	6hlx_A
8cke_A	7og0_B
8cke_A	4xkr_A
8cke_A	3rqt_A
8ckl_B	8ckl_B
8ckl_B	8ckk_B
8ckl_B	8ckl_A
8clq_B	8clq_B
8cm6_D	8cm6_D
8cm6_D	1h0h_B
8co5_A	8co5_A
8cp2_A	8cp2_A
8cp3_B	8cp3_B
8cp3_B	5udx_F
8cp3_B	6b2m_A
8cp3_B	5udr_E
8cp3_B	5uds_A
8cqm_B	8cqm_B
8cqm_B	1ah7_A
8cqm_B	1p6d_A
8cqm_B	1p6e_A
8cqq_A	8cqq_A
8cqq_A	8chy_A
8crf_A	8crf_A
8cs9_b	8cs9_b
8cs9_g	8cs9_g
8csr_7	8csr_7
8ctc_A	8ctc_A
8ctc_A	8cua_A
8ctc_A	8cv2_A
8ctc_A	6r7r_C
8ctc_A	5e9s_A
8cw4_1A	8cw4_1A
8cwr_A	8cwr_A
8cwr_B	8cwr_B
8cww_P	8cww_P
8cy8_A	8cy8_A
8cy8_A	4kqx_B
8cy8_A	4kqw_A
8cy8_A	4kqw_B
8cy8_A	4xiy_A
8cy8_A	7pci_A
8cy8_A	7pce_A
8cy8_A	7pcn_A
8cy8_A	7pct_B
8czj_B	8czj_B
8d0q_A	8d0q_A
8d0q_A	8d0w_A
8d22_A	8d22_A
8d22_A	8d1y_A
8d22_A	3ldl_A
8d22_A	1atr_A
8d22_A	1ats_A
8d22_A	1ba0_A
8d22_A	1ba1_A
8d22_A	1bup_A
8d22_A	1hjo_A
8d22_A	1hpm_A
8d22_A	1kax_A
8d22_A	1kay_A
8d22_A	1kaz_A
8d22_A	1nga_A
8d22_A	1ngb_A
8d22_A	1ngc_A
8d22_A	1ngd_A
8d22_A	1nge_A
8d22_A	1ngf_A
8d22_A	1ngg_A
8d22_A	1ngh_A
8d22_A	1ngi_A
8d22_A	1ngj_A
8d22_A	1qqm_A
8d22_A	1qqn_A
8d22_A	1qqo_A
8d22_A	2bup_A
8d22_A	2qwn_A
8d22_A	3d2e_B
8d22_A	3fe1_A
8d22_A	3fzf_A
8d22_A	3hsc_A
8d22_A	4io8_A
8d22_A	5fpe_A
8d22_A	7nqr_B
8d2k_A	8d2k_A
8d2k_A	4oge_A
8d2k_A	4ogc_A
8d33_A	8d33_A
8d3z_A	8d3z_A
8d4a_A	8d4a_A
8d5v_A	8d5v_A
8d6m_A	8d6m_A
8d9j_D	8d9j_D
8d9j_D	6dwk_A
8d9j_D	4mz7_B
8d9j_D	4bzc_C
8d9j_D	4rxp_A
8d9j_D	4rxq_B
8d9j_D	4rxr_B
8d9j_D	4rxs_B
8d9j_D	4tnx_A
8d9j_D	5ao1_A
8d9j_D	6dw5_C
8d9j_D	6dw7_D
8d9j_D	6dwd_A
8d9j_D	6dwd_B
8d9j_D	6dwj_A
8d9j_D	6txa_O
8d9j_D	6txc_A
8d9j_D	6xu1_A
8d9j_D	6pwy_B
3v55_A	3v55_A
3v55_A	7ak0_A
3v55_A	3uoa_C
3v55_A	4i1r_A
3v55_A	4i1r_A
4omg_A	4omg_A
4omg_A	7ao0_B
4omg_A	5gue_A
4omg_A	7ao3_A
7aur_A	7aur_A
7aur_A	7aut_A
7aur_A	7auk_A
4wbh_A	4wbh_A
4wbh_A	4uzq_A
4wbh_A	7b9i_A
4wbh_A	7b8j_A
4wbh_A	7bc8_A
4wbh_A	7bch_A
4wbh_A	7bcl_A
4wbh_A	7bdg_A
4wbh_A	7bm1_A
7b9y_A	7b9y_A
7b9y_A	4r0x_A
7b9y_A	5bxj_A
7b9y_A	8pc2_G
7bpc_C	7bpc_C
7bpc_C	7bp1_B
7bpc_C	7bpc_C
7bpc_C	7wjr_A
7bpc_C	2dvu_A
7bpc_C	6jqx_A
7bpc_C	6jqw_A
7bpc_C	8h41_B
7bpc_C	3nur_A
7bpc_C	4inf_A
7bpc_C	4qrn_A
7bpc_C	4l6d_A
7bpc_C	4ni8_D
7bpc_C	4l6d_A
7c1u_A	7c1u_A
7c1u_A	7c1r_A
7c1u_A	7c1s_A
7cgr_C	7cgr_C
7cgr_C	6jnj_A
7cgr_C	6jnk_A
7cgr_C	7cgq_A
7cif_A	7cif_A
7cif_A	7cig_A
7cif_A	7cig_B
7cif_A	7cif_B
7ciw_A	7ciw_A
7ciw_A	7ciu_A
7ciw_A	7civ_A
7ciw_A	7ciw_A
7d30_B	7d30_B
7d30_B	7oap_E
7d30_B	6vw1_E
7d30_B	7kmh_C
7d30_B	7ldj_A
7d30_B	7r6w_R
7d30_B	8if2_B
4z4l_A	4z4l_A
4z4l_A	7d5g_A
4z4l_A	7d5g_A
4z4l_A	8wbv_A
4z4l_A	3wkg_A
4z4l_A	3wkh_A
4z4l_A	3wki_A
4z4l_A	8h1l_B
7dl0_B	7dl0_B
7dl0_B	7dl0_A
7dl0_B	7dl7_A
7dl0_B	7dl7_F
7dl0_B	7dl0_B
7dl0_B	7dl7_G
7e2s_A	7e2s_A
7e2s_A	1y6i_A
7e2s_A	7e2s_A
1vk4_A	1vk4_A
1vk4_A	7e4l_A
1vk4_A	5ysq_B
1vk4_A	7e4l_A
1p9o_A	1p9o_A
1p9o_A	7edz_C
1p9o_A	7edz_B
1p9o_A	6aik_A
1p9o_A	6ai9_B
7ep0_A	7ep0_A
7ep0_A	7ep1_A
7ep0_A	7ep0_B
7ep0_A	7ep1_B
7f0y_A	7f0y_A
7f0y_A	7f0o_A
7f43_B	7f43_B
7f43_B	3blj_B
7f43_B	7oth_A
7f43_B	7ouw_A
7f43_B	7r3o_A
7f43_B	7z1y_A
7f43_B	4buv_C
7f43_B	4pnt_D
7f43_B	4but_A
7f43_B	4msg_A
7f43_B	4n4t_A
7f4c_A	7f4c_A
7f4c_A	4ydr_A
7f4c_A	6a0s_A
7f4c_A	2ejw_A
7f4c_A	6a0t_B
7f4c_A	3ing_A
7f4c_A	3jsa_A
7f4c_A	4xb2_A
7f4c_A	1ebf_A
7f4c_A	1ebf_B
7f4c_A	1ebf_A
7f4c_A	1q7g_A
1ktg_A	1ktg_A
1ktg_A	1ktg_A
1ktg_A	1xsc_A
1kuy_A	1kuy_A
1kv3_A	1kv3_A
1kv3_A	4pyg_A
1kv3_A	1g0d_A
1kv3_A	1nug_B
1kv3_A	1qrk_B
1kv3_A	1ex0_B
1kvd_A	1kvd_A
1kvd_B	1kvd_B
1kwf_A	1kwf_A
1kwf_A	6to0_A
1kwf_A	1h13_A
1kwf_A	2b4f_A
1kwf_A	1h12_A
1kwf_A	1xwq_A
1kww_A	1kww_A
1kww_A	1afa_1
1kww_A	1kwx_A
1kww_A	2kmb_1
1kww_A	3kmb_3
1kww_A	4kmb_1
1kww_A	4dn8_A
1kww_A	2ric_C
1kww_A	2os9_A
1kww_A	2ria_A
1kww_A	3g81_A
1kww_A	3ikn_A
1kww_A	3ikp_B
1kww_A	3ikr_A
1kww_A	5oxs_A
1kxg_A	1kxg_A
1kyq_B	1kyq_B
1kyq_B	1kyq_A
1kyq_B	1kyq_B
1kyt_A	1kyt_A
1kzh_A	1kzh_A
1kzh_A	2f48_B
1kzo_C	1kzo_C
1kzp_C	1kzp_C
1l0o_B	1l0o_B
1l0o_B	1l0o_A
1l0o_B	1th8_A
1l0o_B	1til_A
1w9m_A	1w9m_A
1w9m_A	1e1d_A
1w9m_A	1oa1_A
1w9m_A	7e0l_A
1w9m_A	8cns_A
1w9m_A	8cnr_A
1war_A	1war_A
1war_A	7ov8_A
1war_A	1ute_A
1war_A	1ute_A
1war_A	2bq8_X
1war_A	7ov2_A
1war_A	7ov8_A
1wbh_B	1wbh_B
1wbh_B	3vcr_A
1wbh_B	1mxs_A
1wbh_B	5xsf_A
1wcz_A	1wcz_A
1wd4_A	1wd4_A
1wd4_A	2d44_A
1wd4_A	6sxr_A
1wd4_A	6sxs_AAA
1wd4_A	6sxt_A
1wg8_A	1wg8_A
1wg8_A	3tka_A
1wg8_A	1n2x_A
1wg8_A	1m6y_A
1wg8_A	8ipk_A
1wg8_A	7pnx_b
1wht_A	1wht_A
1wht_A	1bcr_A
1wht_A	1bcs_A
1wht_A	1bcs_A
1wht_A	1wht_A
1wht_A	1gxs_A
1wht_A	1gxs_C
1wht_A	1gxs_A
1wht_A	4az3_A
1wht_A	4az0_A
1wht_A	4az3_A
1wk9_A	1wk9_A
1wkv_B	1wkv_B
1wkv_B	3vsc_B
1wkv_B	3vsd_B
1wkv_B	5b36_B
1wkv_B	5b3a_B
1wkv_B	6l0p_A
1wky_A	1wky_A
1wlj_A	1wlj_A
1wlv_A	1wlv_A
1wlv_A	1wlv_E
1wlv_A	1wn3_B
1wlv_A	1wn3_C
1wlv_A	1wn3_D
1wlv_A	1wn3_H
1wlv_A	3lbe_C
1wlv_A	3lbe_A
1wlv_A	3lbe_B
1wlv_A	4zrb_E
1wmd_A	1wmd_A
1wmg_C	1wmg_C
1wn1_A	1wn1_A
1wn1_A	4fkc_A
1wn1_A	5cde_A
1wn1_A	6twk_B
1wnu_A	1wnu_A
1wnz_A	1wnz_A
1wnz_A	1wnz_A
1woo_A	1woo_A
1woo_A	1wop_A
1woo_A	1wop_A
1woo_A	1wor_A
1woo_A	3a8i_A
1woo_A	3a8i_A
1woo_A	1wsv_A
1woo_A	1wsv_B
1woo_A	3tfi_A
1woo_A	3tfj_A
1woo_A	3tfj_A
1woq_A	1woq_A
1wpl_A	1wpl_A
1wpl_A	1wuq_A
1wpl_A	1wur_C
1wpl_A	1wur_D
1wpl_A	1wur_A
1wpl_A	7ala_C
1wpl_A	1a8r_A
1wpl_A	1a9c_A
1wpl_A	1a9c_B
1wpl_A	1fbx_A
1wpl_A	4du6_D
1wpl_A	4du6_E
1wpl_A	4du6_C
1wpu_A	1wpu_A
1wpu_A	1vea_A
1wpu_A	1vea_B
1wpu_A	1wpv_A
1wpu_A	1wrn_A
1wpu_A	4h4l_A
1wpy_A	1wpy_A
1wpy_A	2dto_A
1wpy_A	2e64_B
1wpy_A	1wnl_A
1wpy_A	1x01_B
1wpy_A	1x01_A
1wpy_A	2dkg_A
1wpy_A	2dti_A
1wpy_A	2dve_A
1wpy_A	2e41_A
1wpy_A	2ejf_A
1wq1_G	1wq1_G
1wq1_G	1wq1_A
1wra_B	1wra_B
1wtf_A	1wtf_A
1wtf_A	1iqz_A
2xva_A	2xva_A
2xva_A	2xvm_A
2xva_A	2xvm_B
2xva_A	2xvm_A
2xvt_C	2xvt_C
2xvt_C	3n7r_C
2xw7_B	2xw7_B
2xw7_B	2xw7_A
2xwg_B	2xwg_B
2xwg_B	3tbe_A
2xwg_B	2wts_A
2xwp_A	2xwp_A
2xwp_A	2xvy_A
2xwp_A	2xvz_A
2xxp_A	2xxp_A
2xxp_A	3tel_A
2xxp_A	3tep_A
2xz7_A	2xz7_A
2xzg_A	2xzg_A
2xzg_A	4g55_A
2xzg_A	7bn2_B
2xzl_A	2xzl_A
2xzl_A	2wjy_A
2y05_A	2y05_A
2y05_A	2y05_B
2y05_A	2y05_A
2y05_A	2w98_B
2y05_A	2w4q_A
2y05_A	2zb3_A
2y05_A	2zb4_A
2y05_A	2zb7_A
2y05_A	2zb8_A
2y05_A	4b7x_A
2y05_A	4b7x_B
2y05_A	6yux_A
2y05_A	2j3k_B
2y05_A	2j3k_A
2y05_A	2j3k_B
2y05_A	4hfm_A
2y05_A	4hfm_B
2y05_A	4wgg_A
2y20_C	2y20_C
2y27_B	2y27_B
2y27_B	4r1m_A
2y27_B	4rvn_D
2y27_B	4r1m_C
2y27_B	4rvo_B
2y27_B	4rvo_A
2y27_B	6hdy_A
2y27_B	6hdx_A
2y27_B	6he0_A
2y27_B	6six_B
2y27_B	6siy_B
2y27_B	6siz_B
2y2b_A	2y2b_A
2y44_A	2y44_A
2y48_C	2y48_C
2y5d_B	2y5d_B
2y5d_B	2vro_B
2y5d_B	2y53_A
2y5p_A	2y5p_A
2y65_B	2y65_B
2y7g_A	2y7g_A
2y7g_A	2y7f_B
2y7g_A	2y7f_D
2y7g_A	3chv_A
2y7g_A	3e49_D
2y7g_A	3e49_C
2y7g_A	3lot_D
2y8h_A	2y8h_A
2y8h_A	2vzw_B
2y8h_A	4yof_A
2y8n_B	2y8n_B
2y9w_A	2y9w_A
2y9w_A	2y9x_A
2y9w_A	2y9x_A
2y9w_A	6ju9_A
2y9w_A	6ju7_B
2ya2_A	2ya2_A
2ya2_A	3faw_A
2yb4_A	2yb4_A
2yb4_A	2yb1_A
2yb4_A	3o0f_A
2yb5_F	2yb5_F
2yc0_A	2yc0_A
2yc0_A	1h2k_A
2yc0_A	1h2l_A
2yc0_A	1h2m_A
2yc0_A	1mze_A
2yc0_A	1mzf_A
2yc0_A	1yci_A
2yc0_A	2cgo_A
2yc0_A	2ilm_A
2yc0_A	2w0x_A
2yc0_A	2xum_A
2yc0_A	2yde_A
2yc0_A	3kcy_A
2yc0_A	3od4_A
2yc0_A	4ai8_A
2yc0_A	4z1v_A
2yc0_A	5jwp_A
2yc0_A	5opc_A
2yc4_C	2yc4_C
2ych_A	2ych_A
2ycl_A	2ycl_A
2yd1_A	2yd1_A
2yd1_A	2yd8_A
2yd1_A	2yd8_A
2yd1_A	2yd5_A
2yd1_A	2yd4_A
2yd1_A	7ysh_D
2yd1_A	1fq9_C
2yd1_A	7ysh_E
2yep_A	2yep_A
2yep_A	3it6_A
2yeq_A	2yeq_A
2yes_B	2yes_B
2yfb_B	2yfb_B
2yfl_C	2yfl_C
2yfl_C	3gzx_A
2yfl_C	1eg9_A
2yfl_C	1o7g_A
2yfl_C	1o7g_A
2yfl_C	1o7n_A
2yfl_C	1o7p_A
2yfl_C	1uuv_A
2yfl_C	1uuv_A
2yfl_C	2bmq_A
2yfl_C	2hmo_A
2yfl_C	4hkv_A
2yfl_C	4hm0_A
2yfl_C	4hm3_A
2yfl_C	4hm4_A
2yfl_C	4hm6_A
2yfl_C	4hm7_A
2yfl_C	4hm8_A
2yfl_C	2gbx_A
2yfl_C	2gbw_A
2yfl_C	7q05_E
2yfl_C	3vca_A
2yfl_C	4qur_A
2yfl_C	8h2t_B
2yfl_C	7yls_B
2yfz_A	2yfz_A
2yfz_A	2yb7_A
2ygk_A	2ygk_A
2ygm_B	2ygm_B
2yhg_A	2yhg_A
2yi9_A	2yi9_A
2yio_B	2yio_B
2yk0_A	2yk0_A
2yk4_A	2yk4_A
2yk4_A	2yk5_A
2yk4_A	2yk6_A
2yk4_A	2yk7_A
2ykk_A	2ykk_A
2ykk_A	2yih_A
2ykk_A	2yjq_A
2ykk_A	3zq9_A
2ykk_A	3ii1_A
2ymv_A	2ymv_A
2yn3_C	2yn3_C
2ynm_C	2ynm_C
2ynm_C	2xdq_A
2ynm_D	2ynm_D
2yoc_B	2yoc_B
2yoc_B	5yne_A
2yoc_B	6j35_B
2yoc_B	2fh8_A
2yoc_B	5yna_A
2yoc_B	6j33_B
2yoc_B	2y4s_A
2yoc_B	4aio_A
2yoc_B	2ya1_A
2yog_A	2yog_A
2yog_A	2wwg_B
2yog_A	1e2f_A
2yog_A	1e2d_A
2yog_A	1e2e_A
2yog_A	1e2e_A
2yog_A	1e2g_A
2yog_A	1e2g_A
2yog_A	1e2q_A
2yog_A	1e2q_A
2yog_A	1e98_A
2yog_A	1e9a_A
2yog_A	1e9a_A
2yog_A	1e9b_A
2yog_A	1e9c_A
2yog_A	1e9d_A
2yog_A	1e9e_A
2yog_A	1e9f_A
2yog_A	1nmx_A
2yog_A	1nmz_A
2yog_A	1nn0_A
2yog_A	1nn1_A
2yog_A	1nn3_A
2yog_A	1nn5_A
2yog_A	3tmk_A
2yog_A	1tmk_A
2yog_A	1tmk_B
2yog_A	2tmk_A
2yog_A	2tmk_B
2yog_A	3tmk_B
2yog_A	3tmk_A
2yog_A	5uiv_A
2yog_A	2w0s_A
2yog_A	2v54_B
2yox_A	2yox_A
2yox_A	8cc3_A
2yox_A	7pb7_A
2ypd_A	2ypd_A
2ypd_A	5rb2_B
2ypd_A	5rar_B
2ypd_A	5r7x_B
2ypd_A	5rac_B
2ypd_A	5rad_B
2ypd_A	5rag_A
2ypd_A	5rah_A
2ypd_A	5raj_A
2ypd_A	5rak_A
2ypd_A	5ral_B
2ypd_A	5ram_B
2ypd_A	5ran_B
2ypd_A	5raq_B
2ypd_A	5rau_A
2ypd_A	5raw_A
2ypd_A	5raz_B
2ypd_A	5rb0_B
2ypd_A	5rb1_A
2ypd_A	5rb3_B
2ypd_A	5rb4_A
2ypd_A	5rb5_B
2ypd_A	6rbj_B
2ypd_A	6ydv_AAA
2yqz_A	2yqz_A
2yqz_A	2yqz_A
2yr5_A	2yr5_A
2yr5_A	2yr4_A
2yr5_A	2yr6_A
2yr5_A	3ayi_A
2yr5_A	3ayj_A
2yr5_A	3ayl_A
2yut_A	2yut_A
2yut_A	2yut_A
2yv9_A	2yv9_A
2yvv_A	2yvv_A
2yvw_A	2yvw_A
2yvw_A	5bq2_A
2yvw_A	3swa_A
2yvw_A	1naw_B
2yvw_A	3swa_B
2yvw_A	1naw_B
2yvw_A	1a2n_A
2yvw_A	1dlg_A
2yvw_A	1eyn_A
2yvw_A	1ryw_A
2yvw_A	3iss_B
2yvw_A	3kqa_B
2yvw_A	3swi_A
2yvw_A	3vcy_A
2yvw_A	4e7b_A
2yvw_A	4e7c_A
2yvw_A	4e7d_A
2yvw_A	4r7u_A
2yvw_A	2rl1_A
2yvw_A	2rl2_A
2yvw_A	3swe_A
2yvw_A	2rl1_A
2yvw_A	7tb0_A
2yvw_A	5wi5_A
2ywh_A	2ywh_A
2ywh_A	2ywf_A
2ywh_A	2ywg_A
2yww_A	2yww_A
2yww_A	2yww_B
2yww_A	2air_H
2yww_A	1za1_D
2yww_A	1d09_B
2yww_A	1f1b_B
2yww_A	1f1b_D
2yww_A	1i5o_B
2yww_A	1raa_B
2yww_A	1raa_D
2yww_A	1raa_B
2yww_A	1rab_B
2yww_A	1rab_D
2yww_A	1rac_B
2yww_A	1rac_D
2yww_A	1rad_B
2yww_A	1rad_D
2yww_A	1rae_B
2yww_A	1rae_D
2yww_A	1raf_B
2yww_A	1raf_D
2yww_A	1rag_B
2yww_A	1rag_D
2yww_A	1rah_B
2yww_A	1rah_D
2yww_A	1rai_B
2yww_A	1rai_D
2yww_A	4fyx_B
2yww_A	4kh0_D
2yww_A	8atc_B
2yww_A	8atc_D
2yx6_B	2yx6_B
2yx6_B	2yx6_A
2yx6_B	2yx6_C
2yxh_A	2yxh_A
2yxl_A	2yxl_A
2yxl_A	2yxl_A
2yy8_A	2yy8_A
2yy8_A	2yy8_B
2yy8_A	2yy8_A
2yy8_A	2yy8_B
2yyu_B	2yyu_B
2yyu_B	2yyu_A
2yyu_B	2yyu_B
2yyu_B	1dbt_A
2yyu_B	1dbt_B
2yyu_B	1dbt_A
2yyu_B	1eix_C
2yyu_B	1eix_A
2yyu_B	1eix_B
2yyu_B	1jjk_A
2yyu_B	3uwq_A
2yyu_B	3uwq_B
2yyu_B	8ek7_C
2yzc_A	2yzc_A
2yzc_A	4cw0_A
2yzc_A	4n9v_A
2yzc_A	3bjp_A
2yzc_A	1r4s_A
2yzc_A	1r4u_A
2yzc_A	1ws2_C
2yzc_A	1xt4_A
2yzc_A	2fxl_A
2yzc_A	2icq_A
2yzc_A	2pes_A
2yzc_A	3cku_A
2yzc_A	3gko_A
2yzc_A	3l8w_A
2yzc_A	3p9f_A
2yzc_A	3pjk_A
2yzc_A	4cw3_A
2yzc_A	4d12_A
2yzc_A	4n9v_A
2yzc_A	4oqc_A
2yzc_A	6ia1_A
2yzc_A	1j2g_A
2yzc_A	7cuc_A
2yzc_A	5yj2_C
2yzc_A	5ayj_A
2yzc_A	5ayj_B
2yzc_A	5ayj_C
2yzc_A	5ayj_D
2yzc_A	5y2p_B
2yzc_A	5yj2_A
2yzc_A	8oiw_BBB
2yzc_A	8oh8_BBB
2yzq_A	2yzq_A
2z06_A	2z06_A
2z06_A	1t71_A
2z06_A	4b2o_A
2z0a_A	2z0a_A
2z0x_A	2z0x_A
2z0x_A	2z0k_A
2z0x_A	2z0x_A
2z0y_B	2z0y_B
2z26_A	2z26_A
2z26_A	1j79_A
2z26_A	3mjm_A
2z26_A	4lfy_B
2z26_A	7ca0_A
2z26_A	6l0a_C
2z26_A	6l0b_A
2z2p_A	2z2p_A
2z38_A	2z38_A
2z38_A	3hbd_A
2z38_A	4dwx_A
2z38_A	6lnr_A
2z3i_A	2z3i_A
2z45_A	2z45_A
2z51_A	2z51_A
2z58_B	2z58_B
2z67_A	2z67_A
2z67_A	3hl2_B
2z67_A	3bcb_A
2z67_A	3hl2_C
2z67_A	7mdl_A
2z6j_A	2z6j_A
2z6j_A	2z6i_B
2z6j_A	4iql_A
2z6j_A	4iql_B
2z6j_A	4iql_A
2z6j_A	2gjl_A
2z6j_A	6e2a_A
2z7b_A	2z7b_A
2z7c_A	2z7c_A
2z86_C	2z86_C
2z86_C	2z86_B
2z86_C	2z87_A
2zah_C	2zah_C
2zan_A	2zan_A
2zba_A	2zba_A
2zba_A	2zba_A
2zba_A	2rkv_A
2zba_A	3b2s_A
2zbv_B	2zbv_B
2zbv_B	2zbu_A
2zbv_B	2zbv_C
2zbv_B	2wr8_A
2zbv_B	2wr8_A
2zbv_B	5lmz_B
2zbv_B	1rqp_A
2zbv_B	2c4t_A
2zbv_B	2c5h_A
2zbv_B	2cbx_A
2zbv_B	2v7t_A
2zbv_B	2v7u_A
2zbv_B	2v7u_C
2zbv_B	5b6i_A
2zc2_B	2zc2_B
2zc4_B	2zc4_B
2zc4_B	2zc3_E
2zc6_B	2zc6_B
2zc6_B	2c5w_B
2zc6_B	2zc5_B
3r75_B	3r75_B
3r7f_C	3r7f_C
3r7f_C	3r7f_B
3r7f_C	4bjh_B
3r7f_C	2h3e_A
3r7f_C	9atc_A
3r7f_C	1at1_A
3r7f_C	1ekx_A
3r7f_C	1ekx_B
3r7f_C	1ekx_C
3r7f_C	1f1b_A
3r7f_C	1f1b_C
3r7f_C	1r0b_A
3r7f_C	1r0c_A
3r7f_C	1raa_A
3r7f_C	1raa_C
3r7f_C	1rab_A
3r7f_C	1rab_C
3r7f_C	1rac_A
3r7f_C	1rac_C
3r7f_C	1rad_A
3r7f_C	1rad_C
3r7f_C	1rae_A
3r7f_C	1rae_C
3r7f_C	1raf_A
3r7f_C	1raf_C
3r7f_C	1rag_A
3r7f_C	1rag_C
3r7f_C	1rah_A
3r7f_C	1rah_C
3r7f_C	1rai_A
3r7f_C	1rai_C
3r7f_C	2at1_A
3r7f_C	5vmq_C
3r7f_C	7at1_C
3r7f_C	8atc_A
3r7f_C	8atc_C
3r7f_C	1ml4_A
3r7f_C	4ekn_B
3r7f_C	6ypo_A
3r7f_C	7zea_B
3r7f_C	6fba_C
3r7f_C	7zcz_B
3r7f_C	7zgs_B
3r7f_C	7zhi_B
3r7f_C	4am8_A
3r7f_C	6jkt_E
3r7f_C	6jks_D
3r7f_C	8qeu_A
3r7f_C	3l04_A
3r7f_C	7nor_A
3r7f_C	7np0_A
3r7f_C	7nor_B
3r7f_C	7np0_B
3r7f_C	7nny_A
3r7f_C	7nor_A
3r7f_C	1c9y_A
3r7f_C	1ep9_A
3r7f_C	1fvo_A
3r7f_C	1oth_A
3r7f_C	4jqo_B
3r7f_C	4jhx_A
3r7f_C	4jfr_C
3r7f_C	1duv_A
3r7f_C	1duv_B
3r7f_C	1duv_C
3r7f_C	4h31_A
3r7f_C	4jhx_A
3r7f_C	2fg6_D
3r7f_C	1js1_X
3r7p_A	3r7p_A
3r7p_A	5e67_A
3r7p_A	4lox_A
3r7p_A	6bd0_A
3r8x_A	3r8x_A
3r8x_A	2fmt_A
3r8x_A	1s3i_A
3r8x_A	4qpd_A
3r8x_A	2bln_A
3r9v_B	3r9v_B
3r9v_B	3r9v_A
3rb8_A	3rb8_A
3rc3_A	3rc3_A
3rde_B	3rde_B
3rde_B	1lox_A
3rde_B	3rde_A
3rde_B	8ghe_A
3rde_B	3d3l_A
3rde_B	6n2w_B
3rde_B	7laf_A
3rde_B	4qwt_C
3rde_B	3fg3_A
3rde_B	3vf1_A
3rde_B	5med_A
3rdp_B	3rdp_B
3rdp_B	1e2i_B
3rdp_B	1e2k_B
3rdp_B	1e2j_B
3rdp_B	1e2k_A
3rdp_B	1e2i_A
3rdp_B	1e2l_B
3rdp_B	1e2m_B
3rdp_B	1e2p_B
3rdp_B	1e2n_B
3rdp_B	1ki3_A
3rdp_B	1ki4_A
3rdp_B	1ki8_A
3rdp_B	1kim_A
3rdp_B	1qhi_A
3rdp_B	1qhi_A
3rdp_B	2ki5_A
3rdp_B	1ki6_A
3rdp_B	1ki7_A
3rdp_B	1ki7_B
3rdp_B	1ki2_B
3rdp_B	1ki8_B
3rdp_B	1ki8_B
3rdp_B	1p7c_A
3rdp_B	1vtk_A
3rdp_B	1e2j_A
3rdp_B	1e2l_A
3rdp_B	1e2m_A
3rdp_B	1e2n_A
3rdp_B	1e2p_A
3rdp_B	1ki3_B
3rdp_B	1ki4_B
3rdp_B	1ki6_B
3rdp_B	1kim_B
3rdp_B	1qhi_B
3rdp_B	2ki5_B
3rdp_B	2ki5_B
3rdp_B	3vtk_A
3rdp_B	1p73_B
3rdp_B	1p6x_A
3rdp_B	1p72_A
3rdp_B	1p72_B
3reo_A	3reo_A
3reo_A	6nei_B
3reo_A	6nej_B
3reo_A	1fp1_A
3reo_A	4pgh_A
3reo_A	1zga_A
3reo_A	3p9k_A
3reo_A	1kyz_A
3reo_A	7war_A
3reo_A	4e70_B
3reo_A	4e70_A
3reo_A	4e70_A
3reo_A	6cig_A
3reo_A	2qyo_A
3reo_A	1fp2_A
3reo_A	2qyo_B
3reo_A	5icf_A
3rf6_B	3rf6_B
3rf7_A	3rf7_A
3rf7_A	3rf7_A
3rf7_A	5k8c_A
3rfe_A	3rfe_A
3rfx_A	3rfx_A
3rfx_A	3rfv_A
3rfx_A	3rfx_A
3rga_A	3rga_A
3rgb_C	3rgb_C
3rgb_C	7s4m_C
3rgb_C	8oyi_C
3rgg_A	3rgg_A
3rgg_A	2nsj_A
3rgg_A	1d7a_A
3rgg_A	1d7a_B
3rgg_A	1d7a_A
3rgg_A	2ate_A
3rgg_A	4z7j_A
3rgg_A	4z7j_B
3rgu_C	3rgu_C
3rh7_A	3rh7_A
3rh7_A	3rh7_B
3rh7_A	3rh7_C
3rhd_A	3rhd_A
3rhd_A	8hap_B
3rhd_A	8hap_A
3rhd_A	4h73_A
3rhd_A	1ky8_A
3rhd_A	1ky8_A
3rhd_A	1uxn_A
3rhd_A	1uxp_A
3rhd_A	1uxq_A
3rhd_A	1uxr_A
3rhd_A	1uxu_A
3rhd_A	3efv_C
3rhd_A	3efv_A
3rhd_A	3rhh_A
3rhd_A	1qi1_B
3rhd_A	4jz6_A
3rhd_A	4i3x_A
3rhd_A	4i3t_A
3rhd_A	4i3u_A
3rhd_A	4i3v_A
3rhd_A	4i9b_A
3rhd_A	4i9b_B
3rhd_A	3iwj_B
3rhd_A	3iwj_A
3rhd_A	3iwk_A
3rhd_A	4i8p_B
3rhd_A	4v37_B
3rhd_A	1wnd_A
3rhd_A	1wnb_B
3rhd_A	2o2r_A
3rhd_A	3rhr_A
3rhd_A	4go2_A
3rhd_A	7rlu_A
3rhd_A	3b4w_A
3rhd_A	5iuw_A
3rhd_A	4f3x_A
3rhd_A	4itb_A
3rhd_A	4ywu_A
3rhd_A	4oht_A
3rhd_A	8vj3_A
3rhd_A	3zqa_A
3rhd_A	8vqw_C
3rhd_A	8vqz_A
3rhd_A	8vr0_A
3rhd_A	8vr1_A
3rhd_A	4pxn_A
3rhd_A	2jg7_A
3rhd_A	2j6l_A
3rhd_A	2j6l_B
3rhd_A	2jg7_A
3rhd_A	4x0u_D
3rhd_A	4zul_A
3rhd_A	6o4d_B
3rhd_A	6dbb_A
3rhd_A	3ju8_B
3rhd_A	4zz7_A
3rhd_A	4iym_C
3rhd_A	6x9l_A
3rhd_A	4i1w_A
3rhd_A	4pxl_B
3rhd_A	4pz2_A
3rhd_A	2w8q_A
3rhd_A	2w8n_A
3rhd_A	2w8q_A
3rhd_A	2w8r_A
3rhd_A	1o01_C
3rhd_A	1cw3_A
3rhd_A	1cw3_A
3rhd_A	2onm_A
3rhd_A	4kwg_A
3rhd_A	4x2q_B
3rhd_A	4x4l_A
3rhd_A	5fhz_A
3rhd_A	5l2o_A
3rhd_A	7qk9_A
3rhd_A	5ez4_A
3rhd_A	5ucd_A
3rhd_A	2opx_A
3rhd_A	2ilu_A
3rhd_A	5nno_A
3rhd_A	8bb8_B
3rhd_A	1ad3_B
3rhd_A	4l2o_A
3rht_A	3rht_A
3ric_A	3ric_A
3ric_A	2evl_A
3ric_A	3rwv_A
3ric_A	1sx6_A
3ric_A	2eum_A
3ric_A	2evl_A
3ric_A	2evs_A
3ric_A	4gix_A
3rk0_A	3rk0_A
3rk0_A	3rk1_A
3rk0_A	3rk1_B
3rk2_B	3rk2_B
3w57_A	3w57_A
3w5m_A	3w5m_A
3w5m_A	3w5n_A
3w5m_A	2okx_A
3w5u_B	3w5u_B
3w5u_B	1ewy_C
3w5u_B	6vjv_A
3w6u_A	3w6u_A
3w6u_A	3w6z_A
3w6u_A	5xvh_A
3w6u_A	2i9p_A
3w6u_A	2i9p_B
3w6u_A	3pdu_A
3w6u_A	3pdu_B
3w6u_A	3pdu_A
3w6u_A	3pef_A
3w6u_A	3pef_B
3w6u_A	6smy_A
3w6u_A	2uyy_A
3w6u_A	5y8k_A
3w6u_A	5y8i_A
3w6u_A	2cvz_C
3w6u_A	1wp4_C
3w6u_A	3q3c_A
3w6u_A	8ozw_A
3w6u_A	5fwn_A
3w6u_A	5a9s_B
3w6u_A	5fwn_B
3w6u_A	6h7p_B
3w6u_A	6eoi_B
3w6u_A	6jiz_C
3w6u_A	3zhb_B
3w6u_A	3zhb_A
3w6u_A	7xr5_A
3w6u_A	4oqy_A
3w6u_A	4oqy_B
3w6u_A	6smt_B
3w6u_A	6toe_B
3w6u_A	8a3x_A
3w6u_A	7a3w_B
3w6x_B	3w6x_B
3w77_B	3w77_B
3w77_B	3w77_A
3w77_B	2hpv_B
3w77_B	2hpv_A
3w77_B	6jxn_B
3w77_B	2z9d_A
3w77_B	1t5b_A
3w77_B	1t5b_B
3w77_B	2z9c_A
3w77_B	2z9d_B
3w77_B	7n2x_A
3w77_B	3w78_A
3w77_B	3w78_B
3w77_B	3w78_A
3w77_B	3r6w_A
3w77_B	3lt5_A
3w77_B	3lt5_B
3w77_B	4n9q_A
3w81_A	3w81_A
3w81_A	3w81_B
3w81_A	3w82_A
3w8m_A	3w8m_A
3w8m_A	3ell_A
3w8m_A	3mom_B
3w8m_A	3wah_A
3w8m_A	4o6s_A
3w8v_A	3w8v_A
3w9a_B	3w9a_B
3w9a_B	4le4_D
3w9k_A	3w9k_A
3waj_A	3waj_A
3waj_A	7e9s_A
3wau_A	3wau_A
3wau_A	3was_A
3waz_B	3waz_B
3wb2_A	3wb2_A
3wb2_A	3wb0_A
3wb2_A	3wb2_B
3wb2_A	3wb2_A
3wdm_A	3wdm_A
3wdm_A	3wdl_A
3wdm_A	3wdm_A
3wdm_A	4mb2_A
3wdm_A	4mb2_B
3we7_A	3we7_A
3we7_A	3wl3_A
3we7_A	3wl4_A
3we7_A	4xm1_C
3wev_B	3wev_B
3wfe_C	3wfe_C
3wfe_C	4xyd_B
3wgb_D	3wgb_D
3wgb_D	1jg8_D
3wgb_D	1lw4_B
3wgb_D	1lw5_D
3wgb_D	4lnj_A
3wgb_D	4lnl_A
3wgb_D	4rjy_A
3wgb_D	5vye_B
3wgb_D	1v72_A
4ehc_A	4ehc_A
4eil_A	4eil_A
4eil_A	3qg2_A
4eil_A	3um5_A
4eil_A	4dp3_A
4eil_A	4dph_A
4eil_A	6a2n_A
4eil_A	3k2h_A
4eil_A	3kjr_A
4eil_A	3k2h_B
4eil_A	3kjr_B
4eil_A	3kjr_B
4eil_A	3irn_A
4eil_A	3kjs_A
4eil_A	5t7o_B
4em0_B	4em0_B
4en6_B	4en6_B
4en6_B	2zoe_B
4en6_B	4lo5_B
4end_A	4end_A
4ene_A	4ene_A
4ene_A	1kpl_B
4ene_A	4ene_B
4ene_A	4kjq_A
4eo3_A	4eo3_A
4eo3_A	4eo3_B
4eo3_A	4eo3_A
4eo7_A	4eo7_A
4eoy_C	4eoy_C
4eoy_C	4eoy_A
4eoy_C	7brn_A
4eoy_C	7aa7_A
4eoy_C	5lxh_B
4eoy_C	3dow_A
4eoy_C	5azg_A
4eoy_C	7aa7_A
4eoy_C	7zkr_A
4eoy_C	8t2l_A
4eoy_C	7ra0_A
4eoy_C	5yiq_A
4eoy_C	6tbe_A
4eoy_C	7r9w_A
4ep5_A	4ep5_A
4ep5_A	4ep4_B
4epq_A	4epq_A
4epq_A	4epp_A
4eru_A	4eru_A
4eru_A	2gyq_A
4es5_A	4es5_A
4es5_A	4nce_A
4es5_A	2vqz_F
4es5_A	4cb6_A
4es5_A	4eqk_A
4es5_A	4es5_B
4es5_A	4nce_A
4es5_A	4nce_A
4es5_A	4oro_A
4es5_A	4or4_A
4es5_A	5efc_A
4esj_A	4esj_A
4esj_A	4kyw_A
4esn_A	4esn_A
4etz_B	4etz_B
4etz_B	4dn0_A
4etz_B	4dmz_B
4etz_B	4dmz_B
4eu2_2	4eu2_2
4eu2_2	4q1s_a
4eu2_2	5l5w_M
4euf_A	4euf_A
4euf_A	4euf_A
4euf_A	3zu2_A
4euf_A	3zu2_A
4evh_A	4evh_A
4evh_A	3chj_A
4evh_A	3chl_A
4evu_B	4evu_B
4fe7_A	4fe7_A
4fe9_A	4fe9_A
4ffm_A	4ffm_A
4ffm_A	4ffl_A
4ffm_A	4ffn_A
4ffm_A	4ffp_A
4fg4_B	4fg4_B
4fg4_B	4fer_A
4fg8_A	4fg8_A
4fg8_A	2jam_A
4fg8_A	2jc6_A
4fg8_A	3dfa_A
4fg8_A	2vz6_A
4fg8_A	2vz6_A
4fg8_A	7ujr_A
4fg8_A	2vn9_A
4fg8_A	3bhh_A
4fg8_A	3mfs_A
4fg8_A	3m42_A
4fg8_A	3she_A
4fg8_A	4a9s_A
4fg8_A	1pjk_A
4fg8_A	1day_A
4fg8_A	1j91_A
4fg8_A	1lp4_A
4fg8_A	1m2p_A
4fg8_A	1m2q_A
4fg8_A	1m2r_A
4fg8_A	3ofm_A
4fg8_A	3pe1_A
4fg8_A	8p05_A
4fg8_A	4jr7_A
4fg8_A	2r5t_A
4fg8_A	1xjd_A
4fg8_A	4oti_A
4fg8_A	2z7q_A
4fg8_A	4gue_A
4fg8_A	3iw4_A
4fg8_A	2i0e_A
4fg8_A	4wbb_B
4fg8_A	1cdk_A
4fg8_A	1atp_A
4fg8_A	1jbp_A
4fg8_A	1l3r_A
4fg8_A	1q24_A
4fg8_A	1rej_A
4fg8_A	1stc_A
4fg8_A	1svh_A
4fg8_A	1yds_A
4fg8_A	1yds_E
4fg8_A	1ydt_E
4fg8_A	2f7z_A
4fg8_A	2jdt_A
4fg8_A	2uzv_B
4fg8_A	3agl_A
4fg8_A	3dnd_A
4fg8_A	3o7l_A
4fg8_A	3ow3_A
4fg8_A	8fp3_A
4fg8_A	8fp1_A
4fg8_A	1o6l_A
4fg8_A	1o6k_A
4fg8_A	4dc2_A
4fg8_A	1zrz_A
4fg8_A	4ekl_A
4fg8_A	4l3j_A
4fg8_A	8dqt_A
4fg8_A	3orz_C
4fg8_A	3nax_A
4fg8_A	1h1w_A
4fg8_A	3qd4_A
4fg8_A	4rrv_A
4fg8_A	2vwi_A
4fg8_A	2vwi_C
4fg8_A	2x4f_A
4fg8_A	3bqr_A
4fg8_A	2cke_A
4fg8_A	1ig1_A
4fg8_A	1jkk_A
4fg8_A	1jkk_A
4fg8_A	1jkl_A
4fg8_A	2cke_B
4fg8_A	2xuu_A
4fg8_A	2yaa_A
4fg8_A	8ie6_A
4fg8_A	8ie8_A
4fg8_A	3hko_A
4fg8_A	1o9u_A
4fg8_A	3zrl_B
4fg8_A	4j71_A
4fg8_A	4nm7_A
4fg8_A	4c59_A
4fg8_A	4c58_A
4fg8_A	4wsq_A
4fg8_A	4w9w_A
4fg8_A	5te0_A
4fg8_A	4d9t_A
4fg8_A	1phk_A
4fg8_A	1ql6_A
4fg8_A	2y7j_C
4fg8_A	3kn5_A
4fg8_A	4pds_A
4fg8_A	4ian_B
4fg8_A	6cnh_A
4fg8_A	4ifc_A
4fg8_A	7zh8_A
4fg8_A	6eif_B
4fg8_A	7zh8_C
4fg8_A	6eif_B
4fg8_A	4mq2_A
4fg8_A	4mq2_B
4fg8_A	2x7g_A
4fg8_A	1q99_B
4fg8_A	1q8y_A
4fg8_A	1q8y_A
4fg8_A	1q8y_B
4fg8_A	1q97_A
4fg8_A	1q97_A
4fg8_A	1q97_B
4fg8_A	1q99_A
4fg8_A	2jd5_A
4fg8_A	3beg_A
4fg8_A	1wbp_A
4fg8_A	3llt_A
4fg8_A	4bgq_A
4fg8_A	3gni_B
4fg8_A	6u5l_A
4fg8_A	6tsz_U
4fg8_A	2buj_A
4fgc_B	4fgc_B
4fgc_B	4f8b_B
4fgc_B	4fgc_C
4fgc_B	4fgc_B
4fgl_D	4fgl_D
4fgl_D	1qr2_A
4fgl_D	1qr2_B
4fgl_D	1sg0_A
4fgl_D	1xi2_A
4fgl_D	2qmz_A
4fgl_D	2qr2_B
4fgl_D	2qwx_A
4fgl_D	3fw1_A
4fgl_D	3nhj_A
4fgl_D	3nhj_B
4fgl_D	3tzb_A
4fgl_D	4fgk_A
4fgl_D	4u7f_A
4fgl_D	4u7g_A
4fgl_D	4zvk_A
4fgl_D	4zvm_A
4fgl_D	5lbt_A
4fgl_D	5lbu_A
4fgl_D	5lbw_B
4fgl_D	5lby_A
4fgl_D	5lbz_A
4fgl_D	1dxq_A
4fgl_D	1dxq_B
4fgl_D	1qbg_A
4fgl_D	1qrd_A
4fgl_D	2f1o_A
4fgl_D	4cf6_A
4fgl_D	4cf6_B
4fgl_D	5ea2_C
4fgl_D	4gi5_A
4fgl_D	4gi5_B
4fgm_A	4fgm_A
4fgo_A	4fgo_A
4fhc_A	4fhc_A
4fhc_A	4fhd_A
4fhc_A	4rh1_A
4fix_A	4fix_A
4fjv_A	4fjv_A
4fl4_I	4fl4_I
4fln_A	4fln_A
4fms_A	4fms_A
4fms_A	3syb_A
4fms_A	3sys_A
4fms_A	2y2x_B
4fms_A	4ft6_A
4fms_A	5dl5_A
4fms_A	5dl7_A
4fnb_A	4fnb_A
4fnb_A	4fn8_A
4fnb_A	4fnd_A
4fnb_A	4fnd_A
4fnc_A	4fnc_A
4fnc_A	1wyw_A
4fnc_A	4fnc_A
4fns_A	4fns_A
4fns_A	2xn2_A
4fns_A	2yfn_A
4fns_A	6phw_A
4fns_A	6phx_A
4fns_A	6phy_A
4fo0_A	4fo0_A
4fo0_A	8a5d_U
4fo9_A	4fo9_A
4fok_A	4fok_A
4fok_A	4f48_A
4fok_A	4foj_A
4fok_A	4fou_A
4fok_A	4fou_A
6ai0_B	6ai0_B
6ait_A	6ait_A
6ajf_A	6ajf_A
6ajf_A	6ajg_A
6ajf_A	6or2_A
6ajp_A	6ajp_A
6ajp_A	6ioc_A
6ajp_A	8iis_A
6al9_A	6al9_A
6al9_A	6al9_B
6ank_B	6ank_B
6aoy_B	6aoy_B
6aoy_B	5lne_B
6aoy_B	4auy_A
6aoy_B	5mca_A
6aoy_B	3mcy_A
6aoy_B	3mcy_B
6aoy_B	5muc_A
6aoy_B	6gtw_B
6ap6_A	6ap6_A
6ap6_A	3wio_A
6ap6_A	4jym_A
6ap6_A	5cbk_A
6ap6_A	5z89_A
6ap6_A	7c8l_A
6apl_C	6apl_C
6arb_A	6arb_A
6arb_A	1u5v_A
6arb_A	6as5_A
6arb_A	5vxo_A
6arb_A	5vxc_A
6atg_B	6atg_B
6atg_B	7zjm_A
6axe_A	6axe_A
6axe_A	1d8c_A
6axe_A	1d8c_A
6axe_A	1p7t_A
6axe_A	1n8w_A
6axe_A	1n8w_B
6axe_A	2gq3_A
6axe_A	3s9i_A
6axe_A	3saz_A
6axe_A	5c7v_A
6axe_A	5cak_A
6axe_A	5cc5_A
6axe_A	5cc6_A
6axe_A	5cc7_A
6axe_A	5cjm_A
6axe_A	5cjn_A
6axe_A	5vfb_A
6ay7_A	6ay7_A
6ayh_A	6ayh_A
6ayh_A	4aci_B
6ayh_A	4i76_A
6ayh_A	3ih2_A
6azq_G	6azq_G
6azq_G	3pl1_A
6azq_G	2wt9_B
6azq_G	2wta_A
6azq_G	3v8e_A
6azq_G	2h0r_A
6azq_G	8cib_D
6b05_A	6b05_A
6b05_A	6ofs_A
6b2w_A	6b2w_A
6b2w_A	3h7c_X
6b3b_A	6b3b_A
6b3b_A	6b3a_A
6b3b_A	7uci_A
6b3p_A	6b3p_A
6b4e_D	6b4e_D
6b4h_A	6b4h_A
6b7o_A	6b7o_A
6b8o_A	6b8o_A
6b8w_B	6b8w_B
6b9o_B	6b9o_B
6b9t_D	6b9t_D
6ba1_A	6ba1_A
6ba1_A	2c40_A
6ba1_A	2ff2_B
6ba1_A	1hp0_B
6ba1_A	1kic_A
6ba1_A	1kie_A
6ba1_A	1kie_B
6ba1_A	4i72_A
6ba1_A	3b9x_A
6ba1_A	3b9x_B
6ba1_A	3mkn_A
6ba1_A	3g5i_B
6ba1_A	5tsq_A
6ba1_A	2mas_B
6ba1_A	3fz0_B
6ba1_A	8oi7_A
6ba1_A	8oi9_A
6ba1_A	8oi9_B
6ba1_A	8oia_B
6ba1_A	6zk3_A
6ba1_A	6zk2_A
6ba1_A	6zk4_B
6bc3_A	6bc3_A
6bc3_A	6bc4_A
6bc3_A	6np4_A
6bc3_A	6np5_A
6bc3_A	6o5u_A
6bc3_A	3slb_A
6bc3_A	3ijw_A
6bc3_A	3ijw_B
6bc3_A	3slf_A
6bc3_A	2nyg_A
6bc3_A	3sma_B
6bc3_A	3sma_A
6bc3_A	3sma_B
6bc3_A	6mn4_A
6bc3_A	6mn5_D
6bc3_A	7mqm_D
6bc3_A	7mql_A
6bc3_A	6mb7_A
6bc3_A	6mb9_C
6bc3_A	7kes_A
6bc3_A	6mn1_A
7r41_N	7r41_N
7r41_d	7r41_d
7r41_h	7r41_h
7r4g_H	7r4g_H
7r4g_H	8bef_H
7r4m_A	7r4m_A
7r4m_A	7n29_B
7r4m_A	7r4j_A
7r5e_B	7r5e_B
7r5e_B	3lzo_A
7r5e_B	3lzq_B
7r5e_B	5i0v_A
7r5e_B	5i0w_A
7r5e_B	5i0w_B
7r5e_B	3pjl_A
7r5e_B	2o6d_A
7r6b_B	7r6b_B
7r6b_B	5dnd_D
7r6b_B	4q0m_A
7r6b_B	5ot0_A
7r6b_B	1djo_A
7r6b_B	1djo_B
7r6b_B	1djp_A
7r6b_B	1djp_B
7r6b_B	4pga_A
7r6b_B	6wyy_C
7r6b_B	6wyz_B
7r6b_B	6syh_A
7r6b_B	5k4h_C
7r6b_B	5k4h_D
7r6b_B	6syh_B
7r6b_B	7cbr_A
7r6b_B	8h49_A
7r6b_B	7cbr_B
7r6b_B	8h49_B
7r6b_B	1jaz_A
7r6b_B	6pa3_A
7r6b_B	7u6m_C
7r6b_B	1hg0_A
7r6b_B	1hg0_B
7r6b_B	1hg0_C
7r6b_B	1hg0_D
7r6b_B	1hg0_A
7r6b_B	1hg1_C
7r6b_B	1jsl_A
7r6b_B	1jsl_B
7r6b_B	1jsl_C
7r6b_B	1jsl_D
7r6b_B	1jsr_A
7r6b_B	1jsr_B
7r6b_B	1jsr_C
7r6b_B	1jsr_D
7r6b_B	1jsr_A
7r6v_D	7r6v_D
7r6v_D	5t4i_B
7r7j_B	7r7j_B
7r89_B	7r89_B
7r89_B	8i39_A
7r89_B	8i3c_A
7r8q_B	7r8q_B
7rac_A	7rac_A
7rac_A	7rab_A
7rac_A	6the_A
7rag_B	7rag_B
7rc6_A	7rc6_A
7rci_A	7rci_A
7rci_A	1ea6_A
7rci_A	1ea6_B
7rci_A	1h7u_A
7rci_A	1h7u_B
7rci_A	1b63_A
7rci_A	1b62_A
7rci_A	1b62_A
7rci_A	1nhh_A
7rci_A	1nhi_A
7rci_A	1nhi_A
7rci_A	1nhj_A
7rci_A	3h4l_A
7rci_A	3h4l_B
7rci_A	3h4l_B
7rcw_A	7rcw_A
7rcw_A	7rcy_A
7rcz_A	7rcz_A
7rcz_A	4ovd_A
7rcz_A	7o4b_A
7rcz_A	7kit_A
7rcz_A	4kqq_A
7rcz_A	3pbr_A
7rcz_A	6hr4_A
7rcz_A	3ocl_A
7rcz_A	3ocn_A
7rcz_A	3pbo_A
7rcz_A	3pbq_A
7rcz_A	3pbr_A
7rcz_A	3pbs_A
7rcz_A	3pbt_A
7rcz_A	6i1e_A
7rcz_A	6r3x_A
7rcz_A	6un1_A
7rcz_A	6vje_A
7rcz_A	7auh_A
7rcz_A	7kiv_A
7rcz_A	7kiw_A
7rcz_A	6kgv_A
7rcz_A	6kgt_A
7rcz_A	6kgw_A
7rcz_A	7rd0_A
7rdn_A	7rdn_A
7rei_A	7rei_A
7rei_A	7lvz_D
7reu_B	7reu_B
7reu_B	1kfl_A
7reu_B	1gg1_A
7reu_B	1gg1_B
7reu_B	1gg1_C
7reu_B	1gg1_D
7reu_B	1qr7_D
7reu_B	5cks_B
7reu_B	8e0s_A
7reu_B	8e0s_D
7reu_B	1ofo_A
7reu_B	1of6_A
7reu_B	1of8_B
7reu_B	5dce_D
7reu_B	4uma_C
7reu_B	4umb_A
7reu_B	4umc_C
7reu_B	5dcd_A
7rf9_A	7rf9_A
7rf9_A	5dj3_B
7rf9_A	5bk7_H
7rf9_A	5dj3_A
7rf9_A	6c3c_B
7rft_A	7rft_A
7rft_A	7rft_A
7rft_A	7raw_A
7rgj_B	7rgj_B
7rgj_B	5ecc_B
7rgj_B	3ia4_A
7rgj_B	3tq8_A
7rgj_B	2w9t_A
7rgj_B	2w9s_B
7rgj_B	2w9g_A
7rgj_B	2w9s_A
7rgj_B	2w9s_B
7rgj_B	3sai_A
7rgj_B	7reb_A
7rgj_B	1rb3_A
7rgj_B	4eiz_A
7rgj_B	1dds_A
7rgj_B	1dds_B
7rgj_B	1dhi_A
7rgj_B	1dhi_B
7rgj_B	1dhj_A
7rgj_B	1dhj_B
7rgj_B	1dra_A
7rgj_B	1dra_B
7rgj_B	1drb_A
7rgj_B	1drb_B
7rgj_B	1drh_A
7rgj_B	1dyh_A
7rgj_B	1dyh_B
7rgj_B	1dyi_A
7rgj_B	1dyi_B
7rgj_B	1dyj_A
7rgj_B	1dyj_B
7rgj_B	1jol_A
7rgj_B	1jol_B
7rgj_B	1jom_A
7rgj_B	1ra1_A
7rgj_B	1ra2_A
7rgj_B	1ra3_A
7rgj_B	1ra8_A
7rgj_B	1ra9_A
7rgj_B	1rb2_A
7rgj_B	1rb2_B
7rgj_B	1rb3_A
7rgj_B	1rb3_B
7rgj_B	1rc4_A
7rgj_B	1rf7_A
7rgj_B	1rg7_A
7rgj_B	1rh3_A
7rgj_B	1rx1_A
7rgj_B	1rx2_A
7rgj_B	1rx3_A
7rgj_B	1rx4_A
7rgj_B	1rx5_A
7rgj_B	1rx6_A
7rgj_B	1rx9_A
7rgj_B	1tdr_A
7rgj_B	1tdr_B
7rgj_B	2drc_A
7rgj_B	2drc_B
7rgj_B	3drc_A
7rgj_B	3drc_B
7rgj_B	4p68_A
7rgj_B	4qi9_A
7rgj_B	6dfr_A
7rgj_B	7dfr_A
7rgj_B	7dfr_A
7rgj_B	5ujf_A
7rgj_B	4klx_A
7rgj_B	1df7_A
7rgj_B	1dg7_A
7rgj_B	1dg8_A
7rgj_B	4kne_A
7rgj_B	2w3w_A
7rgj_B	1hfq_A
7rgj_B	1dlr_A
7rgj_B	1dls_A
7rgj_B	1dls_A
7rgj_B	1dr1_A
7rgj_B	1dr2_A
7rgj_B	1dr2_A
7rgj_B	1dr3_A
7rgj_B	1dr4_A
7rgj_B	1dr5_A
7rgj_B	1dr6_A
7rgj_B	1dr7_A
7rgj_B	1drf_A
7rgj_B	1hfr_A
7rgj_B	1kms_A
7rgj_B	1mvs_A
7rgj_B	1mvt_A
7rgj_B	1ohj_A
7rgj_B	1ohk_A
7rgj_B	1u72_A
7rgj_B	2dhf_A
7rgj_B	2dhf_B
7rgj_B	2dhf_A
7rgj_B	2w3b_B
7rgj_B	3k47_A
7rgj_B	3nu0_A
7rgj_B	3s7a_A
7rgj_B	4kak_A
7rgj_B	4kbn_A
7rgj_B	4m6l_A
7rgj_B	6vcj_C
7rgj_B	8dfr_A
7rgj_B	1hfp_A
7rgj_B	1boz_A
7rgj_B	2lf1_A
7rgj_B	4m7v_A
7rgj_B	3ix9_B
7rgj_B	3ix9_A
7rh5_I	7rh5_I
7rh5_J	7rh5_J
7rh5_L	7rh5_L
7rh5_L	7e1v_F
7rh5_L	7qhm_D
7rh5_L	7xmb_A
7rh5_L	8gym_c1
7rh5_S	7rh5_S
7rh5_T	7rh5_T
7rhr_A	7rhr_A
7ri3_C	7ri3_C
7ri3_C	1f0l_A
7ri3_C	1ddt_A
7ri3_C	1ddt_A
7ri3_C	1mdt_A
7ri3_C	1mdt_B
7ri3_C	1tox_A
7ri3_C	1tox_A
7ri3_C	4ae1_A
7ri3_C	7o4w_A
7riz_A	7riz_A
7riz_A	7ris_A
7riz_A	8dk0_A
7riz_A	1pjx_A
7rjj_A	7rjj_A
7rjj_A	4g4y_B
7rjj_A	3td3_D
7rjj_A	3td4_B
7rjj_A	4rha_A
7rkb_A	7rkb_A
7rkb_A	7kos_A
7rm7_A	7rm7_A
7rm7_A	7rzk_A
7rm7_A	7snb_A
7roo_A	7roo_A
7roo_A	7fh6_A
7roy_C	7roy_C
7rpk_A	7rpk_A
7rpy_A	7rpy_A
7rt0_A	7rt0_A
7rt0_A	2yg4_B
7rt0_A	3rha_A
7rt0_A	4i58_A
7rty_A	7rty_A
7rwk_A	7rwk_A
7rwk_A	8fmf_A
7rws_A	7rws_A
7rxg_A	7rxg_A
8e3t_C	8e3t_C
8e56_F	8e56_F
8e56_F	6jp5_F
8e5d_A	8e5d_A
8e62_C	8e62_C
8e62_C	3mqg_C
8e62_C	3mqg_B
8e62_C	3mqg_C
8e62_C	3mqh_C
8e6n_A	8e6n_A
8e7f_A	8e7f_A
8e9g_B	8e9g_B
8e9g_L	8e9g_L
8e9h_G	8e9h_G
8e9h_G	7v2c_M
8e9h_G	7t30_A
8e9h_G	7vw6_A
8ea4_C	8ea4_C
8ea4_C	8ea4_A
8ea4_W	8ea4_W
8eaf_A	8eaf_A
8eb5_A	8eb5_A
8ec3_A	8ec3_A
8edi_B	8edi_B
8edi_B	8edi_A
8ee7_A	8ee7_A
8egk_B	8egk_B
8egk_B	8elf_B
8eho_C	8eho_C
8eic_A	8eic_A
8eip_B	8eip_B
8eip_B	3lwu_A
8eis_A	8eis_A
8eit_R	8eit_R
8ej0_A	8ej0_A
8ej0_A	8epz_A
8ej0_A	7m3k_A
8ej0_A	8hs0_A
8eo6_A	8eo6_A
8eo6_A	6nvu_A
8eo6_A	5gs8_A
8eo6_A	6pq8_A
8eo6_A	6d3g_C
8eo6_A	6d3g_D
8eo6_A	4d2o_B
8eq0_A	8eq0_A
8eq0_A	4drs_A
8eq0_A	6eck_B
8eq0_A	1a5u_A
8eq0_A	1aqf_A
8eq0_A	1t5a_A
8eq0_A	2g50_D
8eq0_A	2vgb_A
8eq0_A	3n25_D
8eq0_A	4fxf_A
8eq0_A	4ima_A
8eq0_A	4ip7_D
8eq0_A	4wj8_A
8eq0_A	5scl_B
8eq0_A	6ech_A
8eq0_A	6gg4_A
8eq0_A	6jfb_C
8eq0_A	6nu5_A
8eq0_A	6v74_C
8eq0_A	6v75_C
8eq0_A	6v76_B
8eq0_A	8f6m_D
8eq0_A	8f6m_H
8eq0_A	4ks0_B
8eq0_A	3pp7_B
8eq0_A	3qv6_A
8eq0_A	3srk_A
8eq0_A	4hyv_A
8eq0_A	4kcu_A
8eq0_A	4kcv_A
8eq0_A	6ito_A
8eq0_A	5ws9_A
8eq0_A	6qxl_A
8eq0_A	6tth_A
8eq0_A	8iaw_A
8eq4_A	8eq4_A
8es8_Y	8es8_Y
8eub_AG	8eub_AG
8eub_AG	4v88_DG
8ev5_A	8ev5_A
8evk_A	8evk_A
8evr_BA	8evr_BA
8evr_BB	8evr_BB
8evr_BB	4u4q_s1
8evr_BF	8evr_BF
8evr_BF	4v88_CF
8evr_BG	8evr_BG
8evr_BG	7osm_eS6
8evr_BG	8evs_BG
8evr_BO	8evr_BO
8evr_BO	8ife_3L
8evr_BU	8evr_BU
8evr_BZ	8evr_BZ
8evr_Ba	8evr_Ba
8evr_Ba	6zxg_h
8evr_Ba	7olc_Sa
8evr_Bd	8evr_Bd
8evr_Bd	4u3m_D9
8evr_Bd	7xnx_Sd
8evr_Bf	8evr_Bf
8ftr_A	8ftr_A
8ftr_A	8ftv_A
8fux_A	8fux_A
8fvw_H	8fvw_H
8fxt_A	8fxt_A
8fxt_A	1gca_A
8fxt_A	2qw1_A
8fxt_A	3uug_A
8fxt_A	3urm_A
8fxt_A	3ma0_A
8fxt_A	4rxu_A
8fxt_A	4ry9_B
8fxt_A	4ry9_A
8fxt_A	6rux_A
8fxt_A	4rs3_A
8fz7_A	8fz7_A
8g0b_1	8g0b_1
8g0b_1	8g07_1
8g0b_a	8g0b_a
8g0b_a	8g07_a
8g18_B	8g18_B
8g18_B	3qem_B
8g18_B	5ewj_B
8g1e_A	8g1e_A
8g1e_A	6uuw_A
8g1e_A	8g1e_C
8g1e_A	7rig_A
8g1l_A	8g1l_A
8g1n_A	8g1n_A
8g32_A	8g32_A
8g46_B	8g46_B
8g5u_A	8g5u_A
8g5y_LL	8g5y_LL
8g61_5A	8g61_5A
8g64_A	8g64_A
8g6e_K	8g6e_K
8g6e_K	8olu_K
8g6e_K	7zyj_k
8g6f_I	8g6f_I
8g6f_I	8g6e_I
8g6f_I	6zou_H
8g6f_I	6zp6_H
8g6f_I	6zp8_H
8g6f_I	7o2l_H
8g6f_I	8ohz_H
8g6f_I	8oi1_H
8g6f_I	8olr_H
8g6f_I	8g6e_C
8g6f_I	8olu_L
8g6f_I	7zyj_l
8g6f_I	6zou_K
8g6f_I	3sdk_A
8g6f_I	6zp6_K
8g6f_I	6zp8_K
8g6f_I	7o2l_K
8g6f_I	8ohz_K
8g6f_I	8oi1_K
8g6f_I	8olr_K
8g6f_I	8g6f_L
8g6f_I	8g6e_L
8g7r_L	8g7r_L
8g8j_A	8g8j_A
8g8j_A	3oha_A
8g8j_A	2xgp_B
8g8j_A	3mfi_A
8g8j_A	6x73_A
8g8j_A	6x6z_A
8g8j_A	6x71_A
8g8j_A	6x75_A
8g8j_A	7t18_A
8g8j_A	7t19_A
8g8j_A	7t1a_A
8g8j_A	7t1b_A
8g8j_A	3gqc_B
8g96_A	8g96_A
8g96_A	8g97_B
8g96_A	8g98_A
8g96_A	6ea3_B
8g96_A	5zrn_B
8g96_A	5n82_A
8g96_A	5n82_A
8g96_A	7ywj_A
8g96_A	3wvn_A
8g96_A	3wv5_A
8g96_A	4dg8_A
8g99_A	8g99_A
8g99_A	8ucu_A
8g99_A	6as7_A
8g9c_A	8g9c_A
8g9c_A	8t98_A
8g9e_A	8g9e_A
8g9e_A	4nzo_A
8g9e_A	8e1h_A
8g9e_A	8e1v_A
8g9e_A	8e1j_B
8g9p_D	8g9p_D
8g9p_D	1ynd_A
8g9p_D	2rmb_E
8g9p_D	1ynd_B
8g9p_D	2rmb_O
8g9p_D	3rcl_A
8g9p_D	2z6w_B
8g9p_D	1h0p_A
8g9p_D	1nmk_A
8g9p_D	1nmk_A
8g9p_D	1rmh_A
8g9p_D	1rmh_B
8g9p_D	1vbt_A
8g9p_D	8tbf_C
8g9u_P	8g9u_P
8gdl_A	8gdl_A
8ges_A	8ges_A
8ges_A	8get_C
8gf4_A	8gf4_A
8gf4_A	8gdw_AAA
8gfp_A	8gfp_A
8gfp_A	6cfc_A
8gfp_A	8gfm_A
8gfp_A	8gfq_A
8gfp_A	8gfs_A
8gi8_A	8gi8_A
8gi8_A	8ifu_A
8giz_B	8giz_B
8giz_B	8gj0_C
8giz_B	8vap_C
8giz_B	8vap_D
8gja_B	8gja_B
8gkh_P	8gkh_P
8gl8_F	8gl8_F
8gl8_I	8gl8_I
8glp_LO	8glp_LO
8glp_LS	8glp_LS
8glp_LS	7qep_N0
8glp_Lr	8glp_Lr
8goe_A	8goe_A
8goe_A	7xq0_A
8goe_A	8gof_A
8gr7_A	8gr7_A
8gr7_A	7ofl_A
8grj_B	8grj_B
8grj_B	8jej_A
8gs1_B	8gs1_B
8gs2_B	8gs2_B
8gsj_A	8gsj_A
8guh_A	8guh_A
8guh_A	1fc4_B
8guh_A	1fc4_A
8guh_A	3tqx_B
8guh_A	3tqx_A
8guh_A	1dje_A
8guh_A	7yjo_A
8guh_A	5qqq_A
8guh_A	5qqs_A
8guh_A	5qqt_A
8guh_A	5qqu_A
8guh_A	5qqw_A
8guh_A	5qqx_A
8guh_A	5qqz_B
8guh_A	5qr0_A
8guh_A	5qr1_A
8guh_A	5qr3_A
8guh_A	5qr4_B
8guh_A	5qr5_B
8guh_A	5qr7_B
8guh_A	5qr8_B
8guh_A	5qrb_B
8guh_A	5qrc_A
8guh_A	5qrd_B
8guh_A	5qre_A
8guh_A	2bwo_B
8guh_A	2bwp_A
8guh_A	2bwp_B
8guh_A	2bwp_A
8guh_A	5txr_A
8gui_L	8gui_L
8gul_A	8gul_A
8gwa_A	8gwa_A
8gwa_A	7z6q_A
8gwa_B	8gwa_B
8gwa_F	8gwa_F
8gwa_c	8gwa_c
8gy3_A	8gy3_A
8gy3_C	8gy3_C
8gyg_A	8gyg_A
8gyg_A	8gyg_B
8gyg_A	2fk6_A
8gyi_B	8gyi_B
8gym_2n	8gym_2n
8gym_2n	8bqs_CN
8gym_5b	8gym_5b
8gym_b4	8gym_b4
8gym_b6	8gym_b6
8gym_b8	8gym_b8
8gym_b9	8gym_b9
8gym_m2	8gym_m2
8gym_s6	8gym_s6
8gym_sc	8gym_sc
8gym_sc	8b6g_CC
8gyr_B	8gyr_B
8h0d_A	8h0d_A
8h0d_A	6jkz_A
8h0d_A	6jl2_A
8h0d_A	8h0c_A
8h0d_A	8h0c_B
8h0l_B	8h0l_B
8h17_A	8h17_A
8h1i_A	8h1i_A
8h2f_A	8h2f_A
8h2f_A	8h18_A
8h2f_A	2gui_A
8h2f_A	1j53_A
8h2f_A	1j54_A
8h2f_A	2ido_A
8h2f_A	2ido_B
8h2f_A	2ido_C
8h4h_N	8h4h_N
8h4h_N	8h4q_N
8h4p_A	8h4p_A
8h5a_F	8h5a_F
8h5e_A	8h5e_A
8h5e_A	4u9n_B
8h68_A	8h68_A
8haw_A	8haw_A
8haw_A	8haw_B
8hc0_A	8hc0_A
8hd2_A	8hd2_A
8heh_B	8heh_B
8hfp_A	8hfp_A
8hfp_C	8hfp_C
8hfs_Y	8hfs_Y
8hfs_Z	8hfs_Z
8hhl_A	8hhl_A
8him_A	8him_A
8hip_A	8hip_A
8hja_A	8hja_A
8hjb_A	8hjb_A
8hju_0	8hju_0
8hju_0	8iun_0
8hju_C	8hju_C
8hju_L	8hju_L
8hju_L	1aij_B
8hju_L	1ds8_B
8hju_L	1dv3_B
8hju_L	1dv6_B
8hju_L	1dxr_C
8hju_L	1e6d_B
8hju_L	1kby_B
8hju_L	1l9b_C
8hju_L	1ogv_B
8hju_L	1prc_C
8hju_L	1qov_B
8hju_L	2prc_C
8hju_L	3g7f_A
8hju_L	3i4d_A
8hju_L	3prc_C
8hju_L	5prc_C
8hju_L	6prc_C
8hju_L	8wdv_L
8hju_L	7o0w_L
8hju_L	1eys_C
8hju_L	7o0u_L
8hju_M	8hju_M
8hju_M	1dxr_D
8hju_M	1prc_D
8hju_M	2prc_D
8hju_M	3g7f_B
8hju_M	3prc_D
8hju_M	5prc_D
8hju_M	6prc_D
8hju_M	7oy8_M
8hju_M	6z5r_M
8hju_M	1eys_D
8hju_M	7xxf_M
8hju_M	7o0u_M
8hju_M	7o0w_M
8hju_M	7pqd_M
8hju_M	1aij_C
8hju_M	1ds8_C
8hju_M	1dv3_C
8hju_M	1dv6_C
8hju_M	1e6d_C
8hju_M	1kby_C
8hju_M	1l9b_D
8hju_M	1ogv_C
8hju_M	1qov_C
8hju_M	3i4d_B
8hju_M	7q7f_M
8hju_Y	8hju_Y
8hk0_C	8hk0_C
8hk7_A	8hk7_A
8hkb_A	8hkb_A
8hkm_A	8hkm_A
8hkm_A	8hkq_A
8hkr_B	8hkr_B
8hlk_A	8hlk_A
8hlk_A	8jbr_A
8hlk_A	6p4u_A
8hmg_B	8hmg_B
8ho4_A	8ho4_A
8ho4_A	4rpu_A
8ho4_A	4rpu_B
8hpk_A	8hpk_A
8hpk_A	6zgs_A
8hpk_A	6g9x_A
8hpk_A	6zgr_A
8hpk_A	6zgt_A
8hq2_D	8hq2_D
8hq9_D	8hq9_D
8hq9_D	5uw2_A
8hs7_A	8hs7_A
8hte_A	8hte_A
8hte_A	8ux2_B
8hu6_D	8hu6_D
8hu6_D	8hu6_B
8hui_C	8hui_C
8hui_C	5zkw_E
8hwg_E	8hwg_E
8hwg_E	8hwg_D
8hx9_A	8hx9_A
8hx9_A	8hx8_A
8hxx_N	8hxx_N
8i02_F	8i02_F
8i16_A	8i16_A
8i34_A	8i34_A
8i3y_A	8i3y_A
8i3y_A	8i3y_D
8i3y_A	8i40_C
8i3y_A	1o9l_A
8i3y_A	1o9l_B
8i3y_A	1o9l_A
8i3y_A	3k6m_C
8i86_A	8i86_A
8i86_A	8i8h_A
8i86_A	8i84_B
8i86_A	7f0b_A
8i86_A	5igi_A
8i86_A	5igh_A
8i86_A	5igi_A
8i86_A	5igj_A
8i86_A	5igp_A
8i86_A	5igr_A
8i86_A	5uxa_A
8i86_A	5igz_A
8i86_A	5igz_A
8i86_A	5uxa_A
8i86_A	7w15_A
8i86_A	7w19_A
8i86_A	7w15_A
8i8r_D	8i8r_D
1bc5_B	1bc5_B
1bcp_C	1bcp_C
1bcp_E	1bcp_E
1bcp_F	1bcp_F
1bcr_C	1bcr_C
1bcs_B	1bcs_B
1bcs_B	1bcr_B
1bcs_B	1wht_B
1bcs_B	1wht_B
1bcs_B	1gxs_D
1bcs_B	1gxs_B
1bcs_B	4az3_B
1bcs_B	4az0_B
1bcs_B	4az3_B
1bcs_C	1bcs_C
1bcs_C	1m21_B
1bcs_C	1sgc_B
1bdm_B	1bdm_B
1bdm_B	1bdm_A
1bdm_B	1bdm_B
1bdm_B	1bmd_A
1bdm_B	1bmd_B
1bdm_B	1wzi_B
1bdm_B	1wzi_A
1bdm_B	1b8u_A
1bdm_B	1b8u_A
1bdm_B	1b8v_A
1bdm_B	4i1i_A
1bdm_B	4mdh_A
1bdm_B	4mdh_B
1bdm_B	4mdh_A
1bdm_B	5mdh_A
1bdm_B	5mdh_A
1bdm_B	7rm9_A
1bdm_B	4uun_B
1bdm_B	5a1t_B
1bdm_B	4uum_A
1bdm_B	4uun_B
1bdm_B	1civ_A
1bdm_B	1civ_A
1bdm_B	7mdh_B
1bdo_A	1bdo_A
1bff_A	1bff_A
1bff_A	1fga_A
1bff_A	5x1o_B
1bff_A	1fga_A
1bff_A	5x1o_A
1bff_A	1rml_A
1bff_A	3k1x_A
1bff_A	2aqz_A
1bff_A	3k1x_C
1bff_A	2aqz_B
1bff_A	2uus_A
1bff_A	3jut_A
1bff_A	3k1x_A
1bff_A	3ojv_A
1bff_A	3ud7_B
1bff_A	3uda_B
1bff_A	3f1r_A
1bff_A	1g82_A
1bfv_A	1bfv_A
1bfv_A	1cfv_A
1bfv_A	2bfv_A
1bfv_A	3sn6_D
1bfv_A	5jqh_D
1bfv_A	5jqh_C
1bfv_A	7te8_A
1bfv_A	1dl7_A
1bfv_A	43ca_B
1bfv_A	1mfa_A
1bfv_A	5c1m_B
1bh9_B	1bh9_B
1bhp_A	1bhp_A
1bhp_A	1wuw_A
1bhp_A	1wuw_B
1bhp_A	1wuw_A
1bhp_A	2plh_A
1bhp_A	2v9b_A
1bhp_A	1okh_A
1bht_A	1bht_A
1bht_A	1gmn_A
1bht_A	5csq_A
1bht_A	1gmo_F
1bht_A	3mkp_C
1bht_A	5cs3_B
1bht_A	5cs5_B
1bhx_C	1bhx_C
1bkj_A	1bkj_A
1bkj_A	1bkj_B
1bkj_A	2bkj_A
1bkj_A	2bkj_B
1bkj_A	2bkj_B
1bkj_A	1f5v_A
1bkj_A	1f5v_B
1bkj_A	7niy_A
1bkj_A	7z0w_B
1bkj_A	8ajx_A
1j1t_A	1j1t_A
1j1z_A	1j1z_A
1j1z_A	1j1z_B
1j1z_A	1j1z_C
1j1z_A	1j1z_D
1j1z_A	1j1z_A
1j1z_A	1j20_A
1j1z_A	1j21_D
1j1z_A	1kh2_A
1j1z_A	1kh2_B
1j1z_A	1kh2_C
1j1z_A	1kh2_D
1j1z_A	1kh3_A
1j1z_A	1kh3_B
1j1z_A	1kh3_C
1j1z_A	1kh3_D
1j1z_A	1kor_A
1j1z_A	1kor_B
1j1z_A	1kor_C
1j1z_A	1kor_D
1j1z_A	2nz2_A
1j1z_A	4xfj_A
1j1z_A	4xfj_B
1j1z_A	1k97_A
1j1z_A	1k97_A
1j1z_A	1kp2_A
1j1z_A	1kp3_A
1j1z_A	6e5y_A
1j1z_A	5us8_A
1j25_A	1j25_A
1j25_A	1j24_A
1j2j_B	1j2j_B
1j2x_A	1j2x_A
1j30_A	1j30_A
1j30_A	7o91_A
1j30_A	7o99_B
1j36_A	1j36_A
1j36_A	1j37_A
1j36_A	1j37_A
1j36_A	2x97_A
1j36_A	1o86_A
1j36_A	1o86_A
1j36_A	1o8a_A
1j36_A	1uzf_A
1j36_A	2iux_A
1j36_A	4c2o_A
1j36_A	1r4l_A
1j36_A	8tos_A
1j36_A	8b9p_A
1j36_A	6en5_D
1j36_A	4bzs_A
1j36_A	4ufa_A
1j36_A	4ufb_D
1j36_A	5am9_C
1j36_A	5am9_D
1j36_A	5ama_C
1j36_A	5amc_A
1j36_A	6f9r_A
1j36_A	6f9v_A
1j36_A	6tt4_B
1j36_A	7q24_B
1j3k_B	1j3k_B
1j3k_B	1j3i_B
1j3k_B	1j3k_A
1j3k_B	1j3i_A
1j3k_B	2bla_A
1j3m_A	1j3m_A
1j3m_A	1q9u_B
1j5p_A	1j5p_A
1j5p_A	2dc1_A
1j5p_A	2dc1_B
1j5u_A	1j5u_A
1j78_B	1j78_B
1j78_B	1j78_A
1j78_B	1lot_A
1j78_B	1ma9_A
1j84_A	1j84_A
1j84_A	1j83_A
1j95_A	1j95_A
1j95_A	1j95_B
1j95_A	1j95_C
1j95_A	1j95_D
1j95_A	2h8p_C
1j95_A	3stz_C
1j9l_A	1j9l_A
1j9l_A	1j9k_A
1j9l_A	2wqk_A
1j9l_A	5ksr_D
1j9l_A	4xer_A
1j9l_A	2v4o_D
1j9l_A	4xgp_A
1j9l_A	4xj7_A
1jac_A	1jac_A
1jac_A	1jac_C
1jac_A	1pxd_A
1jac_A	1ugw_A
1jac_A	1ugx_A
1jac_A	1ugx_A
1jac_A	1ugy_A
1jac_A	3lm1_A
1jac_A	4r6n_A
1jac_A	4r6o_A
1jac_A	4r6q_A
1jac_A	4r6r_A
1jac_A	5j50_A
1jac_A	1vbo_E
1jac_A	4akd_A
1jac_A	1xxr_B
1jac_A	5tqz_A
1jac_D	1jac_D
1jac_D	1jac_B
1jak_A	1jak_A
1jak_A	1hp5_A
1jak_A	7dvb_C
1jbu_C	1jbu_C
1jcc_C	1jcc_C
1jcj_A	1jcj_A
1jcj_A	5eky_A
1jcj_A	7p75_A
1jcj_A	1jcl_A
1jcj_A	1jcl_B
1jcj_A	3q2d_A
1jcj_A	5eky_A
1jcj_A	5el1_A
1jcj_A	6z9i_B
1jcj_A	7p76_C
1jcj_A	8for_A
1khr_D	1khr_D
1khr_D	1mrl_A
1khr_D	3dho_A
1khr_D	3dho_B
1khr_D	4hur_A
1khr_D	4hur_C
1khr_D	4hur_A
1khr_D	6pxa_E
1khr_D	6pub_A
1khr_D	6u9c_A
1khr_D	6pub_A
1khr_D	5ux9_D
1khr_D	8j40_A
1ki0_A	1ki0_A
1kit_A	1kit_A
1kit_A	1w0o_A
1kit_A	6eks_A
1kit_A	6eku_A
1kkm_B	1kkm_B
1kkr_A	1kkr_A
1kkr_A	3zvh_A
1kl7_A	1kl7_A
1kl9_A	1kl9_A
1klf_B	1klf_B
1klf_B	1kiu_B
1knt_A	1knt_A
1knt_A	1bpi_A
1knt_A	1bhc_J
1knt_A	2fi3_I
1knt_A	3ldj_B
1kny_A	1kny_A
1kny_A	1kny_B
1kny_A	1kny_A
1kny_A	6nmk_B
1kny_A	6nmn_A
1kny_A	6p06_A
1kny_A	6p08_A
1ko5_A	1ko5_A
1ko5_A	1ko8_A
1ko5_A	1ko8_B
1ko5_A	1ko8_A
1ko5_A	1kof_A
1ko7_A	1ko7_A
1kol_A	1kol_A
1kol_A	2dph_A
1kol_A	2dph_B
1kol_A	2dph_A
1kou_A	1kou_A
1kou_A	1kou_A
1kou_A	2pyp_A
1kp4_A	1kp4_A
1kqf_C	1kqf_C
1kqf_C	1kqg_A
1kqf_C	1kqg_C
1kr5_A	1kr5_A
1kr5_A	1i1n_A
1ksk_A	1ksk_A
1ksk_A	1ksk_A
1ksk_A	1ksl_A
1ksk_A	1ksv_A
1xqa_A	1xqa_A
1xrs_A	1xrs_A
1xrs_B	1xrs_B
1xru_A	1xru_A
1xu4_A	1xu4_A
1xu4_A	2f1j_A
1xu4_A	2i1q_A
1xvp_D	1xvp_D
1xvp_C	1xvp_C
1xvp_C	2p1v_A
1xvp_C	4n5g_B
1xvp_C	1fby_A
1xvp_C	1fby_B
1xvp_C	1g5y_A
1xvp_C	1g5y_B
1xvp_C	1g5y_C
1xvp_C	1g5y_D
1xvp_C	1g5y_B
1xvp_C	1h9u_A
1xvp_C	1mv9_A
1xvp_C	1mv9_A
1xvp_C	1mvc_A
1xvp_C	1mzn_A
1xvp_C	1mzn_C
1xvp_C	1uhl_A
1xvp_C	1xiu_A
1xvp_C	3e94_A
1xvp_C	3fal_C
1xvp_C	3kwy_A
1xvp_C	3r2a_A
1xvp_C	3r5m_A
1xvp_C	3uvv_B
1xvp_C	4ozt_U
1xvp_C	1g2n_A
1xvp_C	7bju_A
1xvp_C	1lv2_A
1xvp_C	2zas_A
1xvp_C	1s9q_A
1xvp_C	2gp7_A
1xvp_C	2gpv_A
1xvp_C	2p7z_A
1xvp_C	6i64_A
1xvp_C	2pjl_A
1xvp_C	1ymt_A
1xvp_C	3f7d_A
1xvp_C	4oni_B
1xvp_C	1zdu_A
1xvp_C	4ple_A
1xvp_C	4ple_B
1xvp_C	4ple_C
1xvp_C	3q95_B
1xvp_C	1gwq_A
1xvp_C	1gwq_B
1xvp_C	1l2i_A
1xvp_C	1l2i_B
1xvp_C	1qkt_A
1xvp_C	1qkt_A
1xvp_C	1uom_A
1xvp_C	3erd_A
1xvp_C	3ert_A
1xvp_C	3hm1_B
1xvp_C	4dma_A
1xvp_C	4mg8_A
1xvp_C	4mg9_A
1xvp_C	5jmm_B
1xvp_C	5w9d_A
1xvp_C	6vpf_B
1xvp_C	7kbs_A
1xvp_C	7nfb_B
1xvp_C	7rs3_B
1xvp_C	2qxs_A
1xvp_C	1gwr_A
1xvp_C	2ocf_A
1xvp_C	3uu7_A
1xvp_C	4mg7_A
1xvp_C	4mgb_A
1xvp_C	4pp6_A
1xvp_C	2b23_B
1xvp_C	4pp6_A
1xvp_C	5kr9_A
1xvp_C	8ev2_A
1xvp_C	4tuz_B
1xvp_C	3l03_A
1xvp_C	4mgc_A
1xvp_C	4tv1_A
1xvp_C	5krc_B
1xvp_C	1qkn_A
1xvp_C	1hj1_A
1xvp_C	1hj1_A
1xvp_C	1x7b_A
1xvp_C	2giu_A
1xvp_C	1qkm_A
1xvp_C	2j7y_A
1xvp_C	2j7x_A
1xvp_C	4ltw_A
1xvp_C	4apu_A
1xvp_C	2aax_A
1xvp_C	2a3i_A
1xvp_C	2aa2_A
1xvp_C	2aa6_A
1xvp_C	2aa7_A
1xvp_C	2ab2_A
1xvp_C	3d90_B
1xvp_C	3vhu_A
1xvp_C	1xj7_A
1xvp_C	4k7a_A
1xvp_C	1e3g_A
1xvp_C	1e3g_A
1xvp_C	1gs4_A
1xvp_C	1i37_A
1xvp_C	1i38_A
1xvp_C	1t5z_A
1xvp_C	1t7t_A
1xvp_C	2am9_A
1xvp_C	2pip_L
1xvp_C	2pir_A
1xvp_C	2pit_A
1xvp_C	2piv_A
1xvp_C	2pix_A
1xvp_C	2qpy_A
1xvp_C	2z4j_A
1xvp_C	3zqt_A
1xvp_C	4k7a_A
1xvp_C	4oed_A
1xvp_C	4ok1_A
1xvp_C	3mnp_A
1xvp_C	1nhz_A
1xvp_C	3k22_A
1xvp_C	3mno_A
1xvp_C	4lsj_A
1xvp_C	4p6x_C
1xvp_C	6w9k_A
1xvp_C	7yxc_A
1xw3_A	1xw3_A
1xw3_A	1xw4_X
1xw3_A	3cyi_A
1xzo_A	1xzo_A
1xzq_B	1xzq_B
1y02_A	1y02_A
1y10_C	1y10_C
1y1x_A	1y1x_A
1y21_A	1y21_A
1y21_A	1ntf_A
1y21_A	3mtc_A
1y21_A	1i9z_A
1y21_A	7a0v_A
1y21_A	7a17_A
1y25_A	1y25_A
1y3i_A	1y3i_A
3k3g_A	3k3g_A
3k3g_A	6qd5_A
3k3g_A	4ezc_B
3k3g_A	4ezd_B
3k3g_A	8blo_A
3k4q_A	3k4q_A
3k4z_A	3k4z_A
3k6d_A	3k6d_A
3k6j_A	3k6j_A
3k7t_B	3k7t_B
3k7t_B	3ng7_X
3k7t_B	3nk1_X
3k7t_B	3nk2_X
3k7t_B	3nn0_X
3k7t_B	6c71_B
3k7t_B	7c49_A
3k7t_B	8dq7_A
3k7t_B	2vvl_A
3k7t_B	2vvm_A
3k7t_B	6cr0_A
3k7t_B	8eeg_B
3k7t_B	8eef_A
3k7t_B	8eef_B
3k7t_B	8eeh_A
3k7t_B	8eek_B
3k7t_B	8eem_A
3k7t_B	8eeo_A
3k7t_B	7zw3_AAA
3k7t_B	1oj9_A
3k7t_B	1oj9_B
3k7t_B	1ojc_A
3k7t_B	1ojc_B
3k7t_B	4a7a_A
3k7t_B	7p4f_A
3k8m_A	3k8m_A
3k8m_A	3k8k_A
3k8m_A	6k5p_C
3k8m_A	1lwh_A
3k8m_A	1lwj_A
3k8m_A	1lwj_B
3k8m_A	2pwg_A
3k8m_A	3a4a_A
3k8m_A	3a47_A
3k8m_A	3wy1_A
3k8m_A	3zoa_A
3k8m_A	3zo9_B
3k8m_A	5brp_A
3k8m_A	5brp_A
3k8m_A	4m56_B
3k8m_A	6lga_A
3k8m_A	6lgc_A
3k8m_A	6lgd_A
3k8m_A	6lge_A
3k8m_A	6lgi_A
3k8m_A	7nf8_A
3k8m_A	7p01_A
3k8m_A	8slv_A
3k9g_A	3k9g_A
3k9g_A	5tvk_B
3k9s_B	3k9s_B
3k9s_B	1zlz_B
3k9s_B	1bs3_A
3k9s_B	1gv3_A
3k9s_B	3ak3_B
3k9s_B	3bfr_A
3k9s_B	3lio_A
3k9s_B	2nyb_A
3k9s_B	7sbh_A
3k9s_B	4h3e_A
3k9s_B	4jz2_A
3k9s_B	7bjk_A
3k9s_B	1coj_A
3k9t_A	3k9t_A
3ka7_A	3ka7_A
3ka7_A	3ka7_A
3ka7_A	5mog_B
3kb2_B	3kb2_B
3kb2_B	3kb2_A
3kb9_A	3kb9_A
3kb9_A	3lg5_A
3kb9_A	7kj8_A
3kb9_A	7kjd_A
3kb9_A	7kjf_A
3kb9_A	8v3k_A
3kbo_A	3kbo_A
3kbo_A	3kbo_A
3kbo_A	7jqi_A
3kbo_A	4xcv_A
3kbo_A	4weq_A
3kbo_A	4z0p_A
3kbo_A	5bqf_A
3kbo_A	5bqf_A
3kcu_A	3kcu_A
3kcu_A	3tdp_A
3kd6_A	3kd6_A
3kde_C	3kde_C
3kdj_B	3kdj_B
3kdj_B	3nmv_B
3kdj_B	4oic_B
3kdj_B	3rt0_A
3kdj_B	2i0o_A
3kdj_B	2i44_A
3kdj_B	4yzg_A
3kdj_B	6b67_A
3kdj_B	1a6q_A
3ke6_A	3ke6_A
3kg6_A	3kg6_A
3kg6_A	5bp2_A
3kg6_A	7zmf_B
3kgr_A	3kgr_A
3kgy_A	3kgy_A
3kh1_A	3kh1_A
3kh5_A	3kh5_A
3kh5_A	3lfz_A
3kh5_A	3ddj_A
3khi_A	3khi_A
3ki9_A	3ki9_A
3ki9_A	1lfw_A
3ki9_A	1lfw_A
4lp1_B	4lp1_B
4lp1_B	2eff_A
4lp7_D	4lp7_D
4lpl_A	4lpl_A
4lqf_A	4lqf_A
4lqx_B	4lqx_B
4lrh_A	4lrh_A
4lrh_A	4kn0_A
4lrh_A	4kmy_A
4lrh_A	4km6_A
4lrh_A	4kmx_A
4lrh_A	4kn0_A
4lrh_A	4kn1_A
4lrh_A	4kn2_A
4lrh_A	4kn2_A
4lrh_A	4lrh_D
4lrj_A	4lrj_A
4lrj_A	4lrj_A
4lrt_B	4lrt_B
4lrt_B	1nvm_B
4lrz_C	4lrz_C
4lrz_C	4lrz_B
4ls3_A	4ls3_A
4lsc_A	4lsc_A
4lsy_B	4lsy_B
4lt6_A	4lt6_A
4lt6_A	1f5a_A
4lt6_A	1f5a_A
4lt6_A	4lt6_A
4ltn_A	4ltn_A
4ltn_A	4ltm_A
4lut_B	4lut_B
4lut_B	4lus_B
4lut_B	4lut_A
4lut_B	3e6e_B
4lut_B	3e6e_A
4lut_B	1l6f_A
4lut_B	1bd0_A
4lut_B	1bd0_B
4lut_B	1l6g_A
4lut_B	1l6g_B
4lut_B	1l6g_A
4lut_B	1sft_A
4lut_B	1sft_B
4lut_B	1xql_A
4lut_B	2sfp_A
4lut_B	2sfp_B
4lut_B	2vd9_A
4lut_B	4a3q_A
4lut_B	4y2w_A
4lut_B	5irp_A
4lut_B	7xll_A
4lut_B	4bf5_A
4lut_B	5zl6_A
4lut_B	6a2f_A
4lut_B	1vft_B
4lut_B	4xbj_A
4lut_B	4xbj_B
4lut_B	6scz_A
4lut_B	5faj_A
4lut_B	5fag_A
4lw6_A	4lw6_A
4lw6_A	1fgx_B
4lw6_A	1fgx_A
4lw6_A	1nf5_B
4lw6_A	1nf5_B
4lw6_A	1nhe_B
4lw6_A	1nkh_B
4lw6_A	1nwg_B
4lw6_A	1o0r_A
4lw6_A	1o0r_B
4lw6_A	1o23_B
4lw6_A	1o23_B
4lw6_A	1oqm_B
4lw6_A	1oqm_B
4lw6_A	1pzy_B
4lw6_A	1tw1_A
4lw6_A	2aec_A
4lw6_A	2fyc_B
4lw6_A	4ee3_A
4lw6_A	4ee4_A
4lw6_A	4eem_A
4lw6_A	4krv_A
4lw9_A	4lw9_A
4lw9_A	3g20_B
4lxo_A	4lxo_A
4ly0_B	4ly0_B
4lzj_D	4lzj_D
4m00_A	4m00_A
4m08_D	4m08_D
4m08_D	5a13_B
4m08_D	3q09_A
4m08_D	5a12_A
4m0c_A	4m0c_A
4m0c_A	4m0c_B
4m0c_A	4m0c_A
4m0v_C	4m0v_C
4m0v_C	4nzv_B
4m0v_C	4nzv_B
4m0v_C	4o43_A
4m0v_C	4o43_B
4m0v_C	4o43_A
4m0v_C	4o43_B
4m0v_C	6x1z_A
4m0v_C	3tho_B
4m0v_C	7dog_A
4m1p_A	4m1p_A
4m1v_A	4m1v_A
4m20_A	4m20_A
4m30_A	4m30_A
4m30_A	4m2z_A
4m30_A	7r97_A
4m4g_A	4m4g_A
4m4g_A	4lq2_A
4m51_A	4m51_A
4m51_A	3v7p_A
4m51_A	7lkk_A
4z9n_B	4z9n_B
4za6_A	4za6_A
4zbg_A	4zbg_A
4zbp_C	4zbp_C
4zbt_D	4zbt_D
4zcf_C	4zcf_C
4zck_A	4zck_A
4zdb_A	4zdb_A
4zdb_A	1hnu_A
4zdb_A	4zdc_B
4zdb_A	4zdc_A
4zdr_A	4zdr_A
4zdr_A	3p1q_A
4zdr_A	4bg6_B
4zdr_A	5d2d_A
4zdr_A	5d3f_A
4zdr_A	5f74_A
4zdr_A	7qi1_B
4zdr_A	7qi1_C
4zdr_A	8p1h_A
4zdr_A	3m50_A
4zdr_A	2o98_A
4zdr_A	3e6y_B
4zdr_A	3m50_A
4zdr_A	3smk_A
4zdr_A	7nj8_A
4zdr_A	5d3e_A
4zdr_A	6qdu_A
4zdr_A	6tlf_A
4zdr_A	3iqv_A
4zdr_A	6tm7_B
4zdr_A	8c30_AAA
4zel_A	4zel_A
4zfk_B	4zfk_B
4zfn_B	4zfn_B
4zfn_B	4z1o_B
4zfn_B	4zfn_A
4zfn_B	5bqp_D
4zfn_B	4trb_B
4zfn_B	4trc_A
4zfn_B	4trc_A
4zfn_B	4ts5_A
4zfn_B	4ts7_A
4zfn_B	5vog_A
4zfn_B	2xbu_B
4zfn_B	2jky_A
4zgf_A	4zgf_A
4zgp_A	4zgp_A
4zgp_A	4zgn_A
4zgp_A	8phv_C
4zgp_A	8phd_C
4zhx_A	4zhx_A
4zhx_A	7myj_C
4zhx_B	4zhx_B
4zhx_B	7myj_D
4zk6_A	4zk6_A
4zk6_A	5ktp_A
4zk6_A	6ora_A
4zk6_A	4p3x_A
4zk6_A	5f35_A
4zk6_A	5lqs_A
4zk6_A	6f4d_A
4zk6_A	6g74_A
4zk6_A	6i0r_A
4zk6_A	7p4m_A
4zkd_A	4zkd_A
4zkd_A	4zke_A
4zkf_A	4zkf_A
4zl8_A	4zl8_A
4zl8_A	6pli_A
4zl8_A	2b3s_A
4zl8_A	6pli_B
4zl8_A	2b3s_B
4zl8_A	4wf5_B
4zl8_A	7lsm_A
4zl8_A	8cxd_A
4zl8_A	8czm_A
4zl8_A	3feu_A
4zla_B	4zla_B
4zla_B	4zla_A
4zla_B	2ewb_A
4zlg_A	4zlg_A
4zlg_A	4zlg_A
4zlg_A	4zli_A
4zlg_A	1v7x_A
4zlg_A	1v7v_A
4zlg_A	2cqs_A
4zlg_A	2cqt_A
4zlg_A	3qfy_A
4zlg_A	3qfz_A
4zlg_A	3qfz_B
4zlg_A	3qfz_A
4zlg_A	3s4b_A
4zlh_B	4zlh_B
4zm1_C	4zm1_C
4zm6_B	4zm6_B
4zm6_B	4zm6_A
4zmi_A	4zmi_A
4zn3_A	4zn3_A
4zn3_B	4zn3_B
4zno_A	4zno_A
4zno_A	4zno_B
4zno_A	4znr_A
4zo2_B	4zo2_B
4zo2_B	4zo3_A
4zo2_B	4zo3_A
4zo2_B	5hif_B
4zo2_B	4o98_B
4zoh_A	4zoh_A
4zoh_A	1ffv_B
4zoh_A	1ffu_B
4zoh_A	1n63_B
4zoh_A	1n60_B
4zoh_A	1n62_B
4zoh_A	1zxi_B
4zoh_A	1rm6_A
4zoh_A	5y6q_C
4zoh_C	4zoh_C
4zoh_C	1fiq_A
6onq_A	6onq_A
6ool_A	6ool_A
6oq3_A	6oq3_A
6oq3_A	4hdq_A
6oqa_D	6oqa_D
6oqa_D	6oqa_G
6os5_B	6os5_B
6os5_B	6os6_A
6os5_B	7w8w_A
6os5_B	5k9m_A
6os5_B	4yla_A
6ouc_A	6ouc_A
6ouc_A	8uv3_A
6ouc_A	8uux_B
6ov6_A	6ov6_A
6own_B	6own_B
6owu_F	6owu_F
6ox1_B	6ox1_B
6ox1_B	6ox0_B
6ox1_B	6wk2_A
6oyy_B	6oyy_B
6oyy_B	2eeo_B
6oyy_B	4cry_G
6oyy_B	4aon_B
6oyy_B	4aon_B
6oyy_B	4cry_B
6oyy_B	5ls7_D
6oyy_B	7a8y_BBB
6ozr_B	6ozr_B
6ozr_B	6ozk_B
6ozr_B	6ozo_A
6ozw_A	6ozw_A
6ozw_A	1cy8_A
6ozw_A	3px7_A
6ozw_A	1cy1_A
6ozw_A	1cy1_A
6ozw_A	1cy2_A
6ozw_A	1cy6_A
6ozw_A	1cy7_A
6ozw_A	1cy7_A
6ozw_A	1cy8_A
6ozw_A	1cy8_A
6p1g_A	6p1g_A
6p1z_D	6p1z_D
6p2a_C	6p2a_C
6p2j_A	6p2j_A
6p2k_B	6p2k_B
6p4w_A	6p4w_A
6p59_B	6p59_B
6p5r_A	6p5r_A
6p5z_A	6p5z_A
6p5z_A	6p5x_B
6p5z_A	6p5x_A
6p5z_A	6pqz_A
6p5z_A	6pqz_B
6p78_A	6p78_A
6p7o_A	6p7o_A
6p7o_A	7zgv_A
6p8j_A	6p8j_A
6p8v_C	6p8v_C
6p8v_G	6p8v_G
6p8v_G	6u7b_C
6pai_C	6pai_C
6pai_C	6ue5_A
6pai_C	6ud7_A
6pbd_A	6pbd_A
6pc1_B	6pc1_B
6pc1_B	6pc2_A
6pc1_B	6pc3_A
6pd0_A	6pd0_A
6pd0_A	5olt_A
6pd2_C	6pd2_C
6pdl_E	6pdl_E
6pdl_E	2vwd_A
6pdl_E	7syy_A
6ped_B	6ped_B
6ped_B	2j6a_A
6peq_F	6peq_F
6pfl_B	6pfl_B
6pfv_T	6pfv_T
6pgl_A	6pgl_A
6pgv_A	6pgv_A
6ph9_A	6ph9_A
6ph9_A	5b49_B
8vq4_B	8vq4_B
8vq4_B	8vq3_B
8vr7_E	8vr7_E
8vr7_E	8vr6_A
8vr7_E	8vr7_B
8vr7_E	8vr7_F
8vts_B	8vts_B
8vy9_R	8vy9_R
8w78_A	8w78_A
8w78_A	8w7f_B
8w7h_A	8w7h_A
8w7h_A	2bsx_A
8w7h_A	1u1e_A
8w7h_A	1lx7_A
8w7h_A	1u1e_B
8w7h_A	1lx7_B
8w7h_A	1rxc_B
8w7h_A	1rxc_J
8w7h_A	1rxs_B
8w7h_A	1rxs_d
8w7h_A	1tgy_A
8w7h_A	1tgy_B
8w7h_A	1y1q_C
8w7h_A	2hn9_A
8w7h_A	2hwu_A
8w7h_A	2oec_B
8w7h_A	3kvv_E
8w7h_A	4e1v_C
8w7h_A	4e1v_D
8w7h_A	4ogl_C
8w7h_A	4ogl_D
8w7h_A	4r2w_D
8w7h_A	3qpb_C
8w7h_A	3qpb_A
8w7h_A	3qpb_B
8wat_p	8wat_p
8wat_p	4c2m_B
8wat_p	8q3b_B
8wat_p	6xlj_C
8we8_B	8we8_B
8we8_B	6ebx_B
8we8_B	5ebx_A
8we8_B	1v6p_A
8wey_2	8wey_2
8wey_2	7y7b_c
8wey_2	7oui_s
8wey_2	2bhw_C
8wey_2	2bhw_A
8wey_2	6zzx_7
8wey_2	6zzx_3
8wey_2	7bgi_5
8wey_2	7pi5_s
8wey_2	7yca_Q
8wey_F	8wey_F
8wey_F	7bgi_F
8wey_J	8wey_J
8wey_J	7y7b_J
8wey_J	8cmo_J
8wey_J	6zzx_J
8wil_A	8wil_A
8wil_A	6izy_A
8wil_A	7xd9_J
8wil_A	2hcn_A
8wil_A	6ld3_A
8wil_A	4hdh_A
8woq_A	8woq_A
8woq_A	8jun_A
8wpe_A	8wpe_A
8wpe_A	5n2g_A
8wpe_A	8hg1_A
8wt1_C	8wt1_C
8wt1_C	4hxg_F
8wwy_C	8wwy_C
8x2l_B	8x2l_B
8x2l_B	8wej_B
8x39_A	8x39_A
8x51_B	8x51_B
8x51_B	8x5n_A
8x90_A	8x90_A
8x90_A	6xiw_A
8x90_A	7cu3_A
8x90_A	7tj9_A
8x90_A	7w9t_A
8x90_A	8g1a_A
8xa9_A	8xa9_A
8xa9_A	5zyw_A
8yk5_A	8yk5_A
9lpr_B	9lpr_B
1b4u_B	1b4u_B
1b4u_B	1b4u_D
1b4u_B	1b4u_B
1b4u_C	1b4u_C
1b4u_C	1b4u_A
1b5d_A	1b5d_A
1b5d_A	1b49_A
1b5d_A	1b5d_B
1b5d_A	1b5d_A
1b5d_A	1b5e_B
1b5d_A	6a9a_A
1b5d_A	6l18_A
1b6j_B	1b6j_B
1b6j_B	1b6j_A
1b6j_B	4flg_B
1b6j_B	3r0w_A
1b6j_B	4faf_A
1b6j_B	3r0w_B
1b6j_B	4faf_B
1b6j_B	4flg_A
1b6j_B	4fl8_A
1b6j_B	4fl8_B
1b6j_B	1a8g_A
1b6j_B	1a8g_B
1b6j_B	1a9m_A
1b6j_B	1a9m_B
1b6j_B	1aid_A
1b6j_B	1aid_B
1b6j_B	1ajv_A
1b6j_B	1ajv_B
1b6j_B	1ajx_A
1b6j_B	1ajx_B
1b6j_B	1axa_A
1b6j_B	1axa_B
1b6j_B	1b6k_A
1b6j_B	1b6k_B
1b6j_B	1b6l_A
1b6j_B	1b6l_B
1b6j_B	1b6m_A
1b6j_B	1b6m_B
1b6j_B	1b6p_A
1b6j_B	1b6p_B
1b6j_B	1bdq_A
1b6j_B	1bdq_B
1b6j_B	1bv7_A
1b6j_B	1bv7_B
1b6j_B	1bv9_A
1b6j_B	1bv9_B
1b6j_B	1bwa_A
1b6j_B	1bwa_B
1b6j_B	1bwb_A
1b6j_B	1bwb_B
1b6j_B	1c6x_A
1b6j_B	1c6x_B
1b6j_B	1c6y_A
1b6j_B	1c6y_B
1b6j_B	1c6z_A
1b6j_B	1c6z_B
1b6j_B	1c70_A
1b6j_B	1c70_B
1b6j_B	1d4h_A
1b6j_B	1d4h_B
1b6j_B	1d4i_A
1b6j_B	1d4i_B
1b6j_B	1d4j_A
1b6j_B	1d4j_B
1b6j_B	1d4k_A
1b6j_B	1d4k_B
1b6j_B	1d4l_A
1b6j_B	1d4l_B
1b6j_B	1d4s_A
1b6j_B	1d4s_B
1b6j_B	1d4y_A
1b6j_B	1d4y_B
1b6j_B	1dif_A
1b6j_B	1dif_B
1b6j_B	1ebw_A
1b6j_B	1ebw_B
1b6j_B	1eby_A
1b6j_B	1eby_B
1b6j_B	1ebz_A
1b6j_B	1ebz_B
1b6j_B	1ec0_A
1b6j_B	1ec0_B
1b6j_B	1ec1_A
1b6j_B	1ec1_B
1b6j_B	1ec2_A
1b6j_B	1ec2_B
1b6j_B	1ec3_A
1b6j_B	1ec3_B
1b6j_B	1ffi_A
1b6j_B	1ffi_B
1b6j_B	1g2k_A
1b6j_B	1g2k_B
1b6j_B	1g35_A
1b6j_B	1g35_B
1b6j_B	1gnm_A
1b6j_B	1gnm_B
1b6j_B	1gnn_A
1b6j_B	1gnn_B
1b6j_B	1gno_A
1b6j_B	1gno_B
1b6j_B	1hih_A
1b6j_B	1hih_B
1b6j_B	1hiv_A
1b6j_B	1hiv_B
1b6j_B	1hos_A
1b6j_B	1hos_B
1b6j_B	1hpo_A
1b6j_B	1hpo_B
1b6j_B	1hps_A
1b6j_B	1hps_B
1b6j_B	1hpv_A
1b6j_B	1hpv_B
1b6j_B	1hpv_A
1b6j_B	1hpx_A
1b6j_B	1hpx_B
1b6j_B	1hsg_A
1b6j_B	1hsg_B
1b6j_B	1htf_A
1b6j_B	1htg_A
1b6j_B	1htg_B
1b6j_B	1hvh_A
1b6j_B	1hvh_B
1b6j_B	1hvi_A
1b6j_B	1hvi_B
1b6j_B	1hvj_A
1b6j_B	1hvj_B
1b6j_B	1hvk_A
1b6j_B	1hvk_B
1b6j_B	1hvl_A
1b6j_B	1hvl_B
1b6j_B	1hvr_A
1b6j_B	1hvr_B
1b6j_B	1hvs_A
1b6j_B	1hvs_B
1b6j_B	1hwr_A
1b6j_B	1hwr_B
1b6j_B	1hxb_A
1b6j_B	1hxb_B
1b6j_B	1hxw_A
1b6j_B	1hxw_B
1b6j_B	1izh_A
1b6j_B	1izh_B
1b6j_B	1izi_A
1b6j_B	1izi_B
1b6j_B	1k6c_A
1b6j_B	1k6c_B
1b6j_B	1k6p_A
1b6j_B	1k6p_B
1b6j_B	1k6t_A
1b6j_B	1k6t_B
1b6j_B	1k6v_A
1b6j_B	1k6v_B
1b6j_B	1mer_A
1b6j_B	1mer_B
1b6j_B	1mes_A
1b6j_B	1mes_B
1b6j_B	1met_A
1b6j_B	1met_B
1b6j_B	1meu_A
1b6j_B	1meu_B
1b6j_B	1mtb_A
1b6j_B	1mtb_B
1b6j_B	1mui_A
1b6j_B	1mui_B
1b6j_B	1n49_A
1b6j_B	1n49_B
1b6j_B	1npv_A
1b6j_B	1npv_B
1b6j_B	1npw_A
1b6j_B	1npw_B
1b6j_B	1odw_A
1b6j_B	1odw_B
1b6j_B	1odx_A
1b6j_B	1odx_B
1b6j_B	1ody_A
1b6j_B	1ody_B
1b6j_B	1ohr_A
1b6j_B	1ohr_B
1b6j_B	1ohr_A
1b6j_B	1pro_A
1b6j_B	1pro_B
1b6j_B	1qbs_A
1b6j_B	1qbs_B
1b6j_B	1qbt_A
1b6j_B	1qbt_B
1b6j_B	1qbu_A
1b6j_B	1qbu_B
1b6j_B	1qbu_A
1b6j_B	1rq9_A
1b6j_B	1rq9_B
1b6j_B	1rv7_A
1b6j_B	1rv7_B
1b6j_B	1sbg_A
1b6j_B	1sbg_B
1b6j_B	1t7i_A
1b6j_B	1t7i_B
1b6j_B	1tcx_A
1b6j_B	1tcx_B
1b6j_B	1vik_A
1b6j_B	1vik_B
1b6j_B	1z1h_A
1b6j_B	1z1h_B
1b6j_B	1z1r_A
1b6j_B	1z1r_B
1b6j_B	1zj7_A
1b6j_B	1zp8_A
1b6j_B	1zpa_A
1b6j_B	2a4f_A
1b6j_B	2a4f_B
1b6j_B	2aid_A
1b6j_B	2aid_B
1b6j_B	2b60_A
1b6j_B	2b60_B
1b6j_B	2bpv_A
1b6j_B	2bpv_B
1b6j_B	2bpy_A
1b6j_B	2bpy_B
1b6j_B	2bpz_A
1b6j_B	2bpz_B
1b6j_B	2cej_A
1b6j_B	2cej_B
1b6j_B	2cen_A
1b6j_B	2cen_B
1b6j_B	2f3k_A
1b6j_B	2f3k_B
1b6j_B	2fdd_A
1b6j_B	2fdd_B
1b6j_B	2fle_A
1b6j_B	2fle_B
1b6j_B	2fxd_A
1b6j_B	2fxd_B
1b6j_B	2fxe_A
1b6j_B	2fxe_B
1b6j_B	2hc0_A
1b6j_B	2hc0_B
1b6j_B	2i0d_A
1b6j_B	2i0d_B
1b6j_B	2ieo_A
1b6j_B	2ieo_B
1b6j_B	2o4p_A
1b6j_B	2o4p_B
1b6j_B	2p3a_A
1b6j_B	2p3a_B
1b6j_B	2p3b_A
1b6j_B	2p3b_B
1b6j_B	2p3c_A
1b6j_B	2p3c_B
1b6j_B	2p3d_A
1b6j_B	2p3d_B
1b6j_B	2pk5_A
1b6j_B	2pk5_B
1b6j_B	2psu_A
1b6j_B	2psu_B
1b6j_B	2psv_A
1b6j_B	2psv_B
1b6j_B	2q54_A
1b6j_B	2q54_B
1b6j_B	2q55_A
1b6j_B	2q55_B
1b6j_B	2r5p_A
1b6j_B	2r5p_B
1b6j_B	2rkf_A
1b6j_B	2rkf_B
1b6j_B	2rkg_A
1b6j_B	2rkg_B
1b6j_B	3aid_A
1b6j_B	3aid_B
1b6j_B	3lzu_A
1b6j_B	3lzu_B
1b6j_B	3mws_A
1b6j_B	3mws_B
1b6j_B	3o9c_A
1b6j_B	3o9c_B
1b6j_B	3s43_A
1b6j_B	3s43_B
1b6j_B	3sa7_A
1b6j_B	3sa7_B
1b6j_B	3so9_A
1b6j_B	3so9_B
1b6j_B	4dqf_A
1b6j_B	4dqf_B
1b6j_B	4i8z_A
1b6j_B	4i8z_B
1b6j_B	4njv_A
1b6j_B	4njv_B
1b6j_B	4npt_A
1b6j_B	6w6t_A
1b6j_B	7upj_A
1b6j_B	7upj_B
1b6j_B	1hii_A
1b6j_B	1hii_B
1b6j_B	1hsh_A
1b6j_B	1hsh_B
1b6j_B	1idb_A
1b6j_B	1idb_B
1b6j_B	1jld_A
1b6j_B	1jld_B
1b6j_B	1siv_A
1b6j_B	1siv_B
1b6j_B	1tcw_A
1b6j_B	1tcw_B
1b6j_B	1yti_A
1b6j_B	1ytj_A
1b6j_B	3ecg_A
1b6j_B	3ecg_B
1b6j_B	3upj_A
1b6j_B	3upj_B
1b6j_B	4upj_A
1b6j_B	4upj_B
1b6j_B	5upj_A
1b6j_B	5upj_B
1b6j_B	6upj_A
1b6j_B	6upj_B
1b6j_B	2fmb_A
1b6j_C	1b6j_C
1b6s_B	1b6s_B
1b6s_B	1b6r_A
1b6s_B	1b6s_A
1b6s_B	3eth_B
1b6s_B	4mam_A
1b6s_B	4ma0_A
1b6s_B	4ma5_A
1b6s_B	4mam_A
1b6s_B	3k5h_B
1b6s_B	3k5h_A
1b6s_B	3orq_A
1b6s_B	3r5h_A
1b6s_B	3v4s_B
1b6s_B	4dlk_A
1b6s_B	1eyz_A
1b6s_B	1eyz_B
1b6s_B	1eyz_A
1b6s_B	1ez1_A
1b6s_B	1kj8_A
1b6s_B	1kj8_B
1b6s_B	1kj9_A
1b6s_B	1kj9_B
1b6s_B	1kj9_B
1b6s_B	1kji_A
1b6s_B	1kji_B
1b6s_B	1kji_A
1b6s_B	1kjj_A
1b6s_B	1kjj_B
1b6s_B	1kjj_A
1b6s_B	1kjq_A
1b6s_B	1kjq_B
1b6s_B	2dwc_B
1b7a_A	1b7a_A
1b7a_A	1a44_A
1b7a_A	1b7a_A
1b7a_A	1beh_A
1b7a_A	2qyq_A
1b7e_A	1b7e_A
1b7e_A	1mus_A
1b7e_A	4dm0_A
1b7v_A	1b7v_A
1b87_A	1b87_A
1b87_A	1b87_A
1b87_A	1n71_A
1b87_A	1n71_B
1b87_A	1n71_A
1b8c_A	1b8c_A
1b8c_A	1pva_A
1b8d_C	1b8d_C
1b94_A	1b94_A
1b94_A	1rvb_B
1b94_A	1stx_A
1b94_A	1suz_A
1b9i_A	1b9i_A
1b9i_A	1b9h_A
1b9i_A	1b9i_A
1b9i_A	2c81_A
2r7p_A	2r7p_A
2r7p_A	2r7p_A
2r7p_A	2r8f_A
2r7p_A	6cy9_A
2r7w_A	2r7w_A
2r8d_A	2r8d_A
2r8d_A	2oai_A
2r8d_A	2pls_I
2r8u_A	2r8u_A
2ra4_B	2ra4_B
2ra4_B	1u4m_A
2ra4_B	1u4p_A
2ra4_B	1b3a_A
2ra4_B	1u4m_A
2ra4_B	5coy_A
2ra4_B	5dnf_A
2ra4_B	5dnf_C
2ra4_B	2hci_A
2rak_A	2rak_A
3exn_A	3exn_A
3exn_A	3exn_A
3exs_A	3exs_A
3exs_A	3exs_D
3exs_A	1kv8_B
3exs_A	1kw1_A
3exs_A	1kw1_B
3exs_A	1kw1_B
3eyw_A	3eyw_A
3eyw_A	3eyw_B
3eyw_A	3l9w_B
3ez6_B	3ez6_B
3ez6_B	3ez2_B
3ezh_A	3ezh_A
3f05_A	3f05_A
3f05_A	6lcy_A
3f05_A	2yoa_A
3f05_A	2yoa_B
3f05_A	5w5d_F
3f10_A	3f10_A
3f10_A	3f10_A
3f10_A	1hu0_A
3f10_A	1m3q_A
3f10_A	2xhi_A
3f10_A	6w0m_A
3f1t_B	3f1t_B
3f1t_B	3nwz_B
3f1t_B	3nwz_C
3f1t_B	3nwz_D
3f1t_B	3nwz_B
3f2b_A	3f2b_A
3f2b_A	3f2c_A
3f2b_A	2hpi_A
3f3s_A	3f3s_A
3f3s_A	3adp_A
3f3s_A	3adp_A
3f3s_A	3f3s_B
3f3s_A	3f3s_A
3f4b_B	3f4b_B
3f4b_B	1d7o_A
3f4b_B	1cwu_A
3f4b_B	1cwu_B
3f4b_B	1eno_A
3f4b_B	1enp_A
3f4b_B	4o1m_A
3f4b_B	1zsn_B
3f4b_B	3lsy_B
3f4b_B	4ige_B
3f53_A	3f53_A
3f5o_A	3f5o_A
3f6h_B	3f6h_B
3f70_B	3f70_B
3f70_B	3h6z_A
3f79_E	3f79_E
3f7t_A	3f7t_A
3f7t_A	3ke8_B
3f7t_A	3ke9_B
3f7t_A	3kef_A
3f7t_A	3t0f_A
3f7t_A	3zgl_A
3f7t_A	4n7b_A
3f8h_A	3f8h_A
3f8k_A	3f8k_A
3f8k_A	3f8k_A
3f9c_B	3f9c_B
3f9c_B	3f97_A
3f9c_B	3f98_A
3f9c_B	5jad_A
3f9c_B	5jad_A
3f9c_B	5jao_A
3fav_B	3fav_B
3fav_C	3fav_C
3fbu_A	3fbu_A
3fbu_A	3fbu_B
3fbu_A	3fbu_A
3fbu_A	7kps_B
3fbu_A	7kyj_B
3fc3_A	3fc3_A
3fcm_B	3fcm_B
3fcx_B	3fcx_B
3fcx_B	3e4d_A
3fcx_B	4flm_A
3fcx_B	3s8y_A
3fcx_B	3i6y_A
3fd3_A	3fd3_A
3fdg_B	3fdg_B
3fdg_B	3ly0_B
3fdg_B	5ns5_A
3fdg_B	5lwz_A
3fdg_B	5ns2_A
3fdg_B	3isi_A
3fdg_B	3s2j_A
3fdg_B	3b40_A
3fdg_B	2rag_A
3fef_A	3fef_A
3fef_A	1vjt_A
3fef_A	7ctm_A
3fef_A	7ctd_A
3fef_A	3u95_B
3fef_A	6kcx_A
3fef_A	7brf_A
3fef_A	7ctm_A
3fef_A	1obb_B
3fef_A	1obb_A
3ff1_B	3ff1_B
3ffk_A	3ffk_A
3ffr_A	3ffr_A
3fgc_A	3fgc_A
3fgg_A	3fgg_A
3fha_A	3fha_A
3fha_A	3fhq_A
3fha_A	2w92_A
3fhd_A	3fhd_A
3fid_A	3fid_A
3fjm_A	3fjm_A
3fjm_A	3fir_A
3fjm_A	3fj7_A
3fju_B	3fju_B
3fkq_A	3fkq_A
3fkq_A	3fkq_A
3fl2_A	3fl2_A
3flo_B	3flo_B
3fm2_A	3fm2_A
3fm5_C	3fm5_C
3fm5_C	5cyv_B
3fm5_C	6c28_A
3fmi_A	3fmi_A
3fmi_A	3fpa_A
3fmi_A	3fpa_B
3fmi_A	3fpa_A
3fmi_A	6cve_C
3fmi_A	6cvf_C
3fmi_A	6cvu_C
3fmi_A	6cvv_C
3fmi_A	6czb_C
3fmi_A	6czc_C
3fmi_A	6czd_C
3fmi_A	6cze_A
3fmi_A	6nka_C
3fmi_A	6nkb_A
3fmi_A	6nl4_A
3fmi_A	6nl5_C
3fna_B	3fna_B
3fna_B	3k2v_A
3fna_B	4o9k_B
3fna_B	4o9k_A
3fnb_A	3fnb_A
3fo5_A	3fo5_A
3fp0_A	3fp0_A
3fp0_A	3fp0_A
3fp2_A	3fp2_A
3fpb_A	3fpb_A
3fpb_A	3nal_A
3fpb_A	8ijl_A
3fpj_B	3fpj_B
3fpj_B	3fpf_A
3fpj_B	3fph_A
3fpj_B	3fpj_A
3fpv_A	3fpv_A
3fpz_A	3fpz_A
3fpz_A	1rp0_A
3fpz_A	1rp0_A
3fpz_A	3jsk_B
3fpz_A	3jsk_A
3fqq_A	3fqq_A
3fqq_A	1zh1_A
3fr8_B	3fr8_B
3fr8_B	1qmg_A
3fr8_B	3fr8_A
3frl_A	3frl_A
3frl_A	3frl_B
3frl_A	2wfk_A
3fsc_A	3fsc_A
3fsc_A	3fs8_A
3fsc_A	3fsb_A
3fsy_C	3fsy_C
3fsy_C	3fsy_A
3fsy_C	3fsy_B
3fsy_C	3fsy_B
3ftf_A	3ftf_A
3ftf_A	3fux_C
3ftf_A	3fuu_A
3ftf_A	3fut_A
3ftf_A	1qan_A
3ftf_A	1qan_A
3ftf_A	1qao_A
3ftf_A	1qao_A
3ftf_A	1qaq_A
3ftf_A	3grr_A
3ftf_A	3gru_A
3ftf_A	3grv_A
3ftf_A	3gry_A
3ftf_A	1zq9_A
3ftf_A	1zq9_B
3fvq_A	3fvq_A
3fvq_A	3fvq_B
3fvz_A	3fvz_A
3fwr_B	3fwr_B
3fwr_B	3fwr_A
3fwr_B	3fwr_A
3fwr_B	3fwr_B
3fwr_B	3fws_B
3fwy_B	3fwy_B
3fwy_B	3fwy_A
3fwy_B	1fp6_A
3fwy_B	1de0_A
3fwy_B	1m34_E
3fwy_B	1xd9_A
3fwy_B	1xd9_B
3fwy_B	1xd9_A
3fwy_B	2c8v_A
3fwy_B	4wza_E
3fwy_B	7tne_A
3fwy_B	7uta_F
3fwy_B	8oie_D
3fwz_A	3fwz_A
3fxu_A	3fxu_A
3fxu_A	3fxr_A
3fyb_B	3fyb_B
3fyb_B	2o35_B
3fym_A	3fym_A
3fys_A	3fys_A
3fys_A	1mgp_A
3fys_A	3lup_A
3fys_A	2dt8_A
3fys_A	2g7z_A
3fys_A	5uxy_A
3fys_A	6cng_A
3fyu_A	3fyu_A
3fyu_A	3m83_A
3fz5_C	3fz5_C
3fz5_C	2imf_A
3fz5_C	2imd_A
3fzx_A	3fzx_A
3fzy_A	3fzy_A
3g0i_A	3g0i_A
3g0k_A	3g0k_A
3g0z_A	3g0z_A
3g0z_A	1uoc_A
3g0z_A	4gmj_B
3g1b_B	3g1b_B
3g1b_B	1r6o_D
3g1b_B	4yka_C
3g1b_B	4yjx_C
3g1p_B	3g1p_B
3g1p_B	6b9v_A
3g1p_B	3md7_A
3g1p_B	3qh8_A
3g27_A	3g27_A
3g2o_A	3g2o_A
3g2o_A	3g2q_A
3g3r_A	3g3r_A
3g3r_A	3g3t_A
3g3r_A	3g3u_A
3g4r_A	3g4r_A
3g4r_A	1hbi_A
3g4r_A	3g46_A
3g4r_A	4hrr_B
3g5s_A	3g5s_A
3g5s_A	3g5r_A
3g5s_A	3g5s_A
3g5t_A	3g5t_A
3g8b_B	3g8b_B
3g8b_B	3g89_B
3g8b_B	3g8a_A
3g8b_B	3g89_A
3g8b_B	3g8a_A
3g8b_B	3g8a_B
3g8q_A	3g8q_A
3ga9_S	3ga9_S
3ga9_S	2dbx_B
3ga9_S	2dbw_B
3ga9_S	2qmc_B
3ga9_S	5zjg_B
3ga9_S	7d9w_B
3ga9_S	7d9x_B
3ga9_S	6xpc_B
3ga9_S	4gdx_B
3gac_E	3gac_E
3gac_E	8dq6_B
3gac_E	8ur2_B
3gal_B	3gal_B
3gal_B	3gal_A
3gal_B	5gal_B
3gal_B	6ljq_A
3gal_B	6l6a_A
3gal_B	1g86_A
3gal_B	1hdk_A
3gal_B	1qkq_A
3gal_B	5xrg_A
3gal_B	6a1t_A
3gal_B	6l68_A
3gal_B	6l6b_A
3gal_B	6l6c_A
3gal_B	6qrn_A
3gal_B	4xzp_A
3gal_B	5dux_D
3gal_B	4xzp_A
3gal_B	5duw_B
3gal_B	5t7i_A
3gal_B	5t7t_A
3gal_B	3ap6_A
3gal_B	5gzc_A
3gal_B	3vv1_A
3gal_B	7p8h_A
3gan_A	3gan_A
3gan_A	1vk5_A
3gan_A	3gan_A
3gas_D	3gas_D
3gas_D	3gas_A
3gaz_A	3gaz_A
3gaz_A	2vn8_A
3gaz_A	3tqh_A
3gaz_A	4rvu_B
3gaz_A	4rvu_D
3gaz_A	4rvs_A
3gaz_A	4rvu_A
3gaz_A	3jyn_A
3gaz_A	1qor_A
3gaz_A	3jyn_A
3gaz_A	3qwb_A
3gaz_A	3qwa_B
3gaz_A	3qwb_A
3gaz_A	3qwb_A
3gbf_A	3gbf_A
3gbg_A	3gbg_A
3gd9_A	3gd9_A
3gd9_A	7vtl_A
3gee_A	3gee_A
3gee_A	1xzq_A
3gee_A	1xzq_A
3gez_A	3gez_A
3gez_A	2yr2_B
3gfx_B	3gfx_B
3gfx_B	3gfz_B
3gfx_B	3gg0_B
3gg2_B	3gg2_B
3gg2_B	3gg2_A
3gg2_B	1mfz_A
3gg2_B	1mfz_B
3gg2_B	1mfz_A
3gg2_B	1muu_A
3gg2_B	1muu_B
3gg2_B	1muu_A
3gg2_B	1muu_C
3gg2_B	2y0d_B
3gg2_B	2y0d_A
3gg2_B	3khu_B
3gg2_B	2q3e_A
3gg2_B	2qg4_B
3gg2_B	3ptz_A
3gg2_B	5tjh_F
3gg2_B	5vr8_C
3gg2_B	6om8_D
3gg2_B	3pln_A
3gg2_B	3pln_A
3gg2_B	3pid_A
3gg2_B	1dli_A
3gg2_B	1dli_A
3gg2_B	1dlj_A
3gg2_B	1dlj_A
3gg2_B	7kws_A
3gg2_B	4xr9_A
3gg2_B	4xr9_B
3gg2_B	4xr9_A
3gg2_B	3ojl_B
3gg2_B	3ojo_B
3ggd_A	3ggd_A
3hrd_A	3hrd_A
3hrd_B	3hrd_B
3hrr_B	3hrr_B
3hs0_I	3hs0_I
3hs0_I	2ok5_A
3ht2_A	3ht2_A
3hth_B	3hth_B
3hth_B	3hti_A
3hth_B	3htj_B
3hth_B	3htj_A
3hth_B	7acm_B
3htk_C	3htk_C
3htl_X	3htl_X
3htn_B	3htn_B
3htr_A	3htr_A
3hug_J	3hug_J
3hv8_A	3hv8_A
3hv8_A	4ag0_A
3hv8_A	3pju_A
3hv8_A	3pju_A
3hv8_A	5mfu_A
3hv8_A	4hjf_A
3hv8_A	4lj3_A
3hvo_A	3hvo_A
3hvo_A	1nb6_A
3hvo_A	1nhu_A
3hvo_A	1nhv_A
3hvo_A	1z4u_A
3hvo_A	2hai_A
3hvo_A	2xhv_A
3hvo_A	2xi3_A
3hvo_A	2xi3_A
3hvo_A	3cj0_A
3hvo_A	3phe_A
3hvo_A	3qgd_A
3hvo_A	3qgi_A
3hvo_A	4iz0_A
3hvo_A	4jvq_A
3hvo_A	4oow_A
3hvo_A	4ty8_B
3hvo_A	4tya_A
3hvo_A	4wtg_A
3hvo_A	4wti_A
3hvo_A	4wtj_A
3hvo_A	4wtk_A
3hvo_A	4wtl_A
3hwx_1	3hwx_1
3hwx_1	3hww_A
3hwx_1	5ej4_A
3hwx_1	5ej8_A
3hwx_1	5ej8_B
3hwx_1	6o0g_A
3hwx_1	5ess_A
3hwx_1	5esd_A
3hwx_1	5esd_B
3hwx_1	5eso_C
3hwx_1	6o04_D
3hwx_1	7tin_C
3hwx_1	7tin_B
3hwx_1	2x7j_A
3hx6_A	3hx6_A
3hx9_A	3hx9_A
3hx9_A	4nl5_A
3hx9_A	6ds8_A
3hx9_A	6ple_A
3hzb_D	3hzb_D
3hzs_A	3hzs_A
3hzs_A	3vmq_A
3hzs_A	6ftb_A
3i09_A	3i09_A
3i0o_A	3i0o_A
3i0o_A	3i0o_A
3i0o_A	3i0q_A
3i0o_A	3q2m_A
3i16_B	3i16_B
3i1l_B	3i1l_B
3i1l_B	3i1l_A
3i1l_B	3i26_D
3i1l_B	4zxn_A
3i1l_B	5e62_A
3i3l_A	3i3l_A
3i3w_A	3i3w_A
3i3w_A	2dkd_A
3i3w_A	2dkc_A
3i3w_A	5o9x_A
3i3w_A	4bju_A
3i3w_A	6nn2_A
3i3w_A	6mlh_A
3i3w_A	1k2y_A
3i3w_A	1k2y_X
3i3w_A	1p5g_X
3i3w_A	1pcj_X
3i3w_A	1pcm_X
3i3w_A	2fkf_A
3i3w_A	2h4l_X
3i3w_A	3bkq_X
3i3w_A	3rsm_A
3i3w_A	4il8_A
3i3w_A	4hjh_A
3i52_A	3i52_A
3i52_A	3i6i_A
3i52_A	3c3x_A
3i52_A	2qzz_A
3i52_A	3c1o_A
3i52_A	3c1o_A
3i52_A	7csh_A
3i53_B	3i53_B
3i53_B	3i64_A
3i53_B	1xdu_A
3i53_B	1r00_A
3i53_B	1tw2_B
3i53_B	5eeh_C
3i53_B	5jr3_A
3i53_B	5jr3_C
3i53_B	7pga_D
3i53_B	6clx_B
3i53_B	3gwz_D
3i53_B	3gwz_B
3i53_B	3lst_B
3i53_B	3lst_A
3i53_B	8har_A
3i57_A	3i57_A
3nh8_A	3nh8_A
3nh8_A	3nh5_A
3nh8_A	2gu2_A
3nit_A	3nit_A
3njq_A	3njq_A
3njq_A	4p3h_B
3njq_A	1fl1_B
3njq_A	1o6e_B
3njq_A	1o6e_A
3njq_A	1o6e_B
3njv_A	3njv_A
3njv_A	1nkg_A
3nke_C	3nke_C
3nl1_A	3nl1_A
3nl1_A	3nkt_A
3nl1_A	3nvc_A
3nl1_A	4fag_A
3nl6_A	3nl6_A
3nl6_A	3nl6_B
3nl6_A	3nl6_A
3nlc_A	3nlc_A
3nlc_A	3nlc_A
3nm7_A	3nm7_A
3nmu_C	3nmu_C
3nmu_C	2ale_A
3nmu_A	3nmu_A
3nmu_A	3nmu_A
3nnf_A	3nnf_A
3nng_A	3nng_A
3nnq_A	3nnq_A
3no3_A	3no3_A
3no3_A	3ks5_B
3no3_A	3ks6_A
3no3_A	3l12_A
3no3_A	7e2b_A
3noi_B	3noi_B
3noj_A	3noj_A
3nqn_B	3nqn_B
3nsj_A	3nsj_A
3nut_A	3nut_A
3nut_A	2zvc_A
3nut_A	2zvb_A
3nvn_B	3nvn_B
3nvo_A	3nvo_A
3nvs_A	3nvs_A
3nvs_A	1g6s_A
3nvs_A	1g6s_A
3nvs_A	1g6t_A
3nvs_A	1mi4_A
3nvs_A	1x8t_A
3nvs_A	2pq9_A
3nvs_A	3fjz_A
3nvs_A	2gg6_A
3nvs_A	2gga_A
3nvs_A	2pqb_A
3nvs_A	2pqc_A
3nvs_A	1rf5_D
3nvs_A	1rf6_C
3nvs_A	4egr_A
3nvs_A	4egr_A
3nvs_A	3slh_D
3nvs_A	2o0b_A
3nvs_A	2o0e_A
3nvs_A	2o0z_A
3nwa_A	3nwa_A
3nwy_B	3nwy_B
3nwy_B	3nwy_C
3nwy_B	3nwy_E
3nwy_B	3nwy_F
3nwy_B	2bne_B
3nwy_B	2bnd_A
3nwy_B	2bnf_A
3nwy_B	3ek5_A
3nwy_B	2jjx_A
3nwy_B	2jjx_B
3nwy_B	2jjx_C
3nwy_B	2jjx_A
3vq4_B	3vq4_B
3vq4_B	3vqe_A
3vq4_B	3vq4_A
3vq4_B	8a1q_B
3vq4_B	3vq9_A
3vq4_B	3vqe_B
3vq4_B	3vq9_B
3vq4_B	4ceb_A
3vq4_B	4ceb_B
3vq4_B	8cbr_D
3vq4_B	8cbs_D
3vq4_B	8cbt_D
3vq4_B	8cbu_D
3vq4_B	8cbv_B
3vq4_B	8cta_M
3vqj_A	3vqj_A
3vqm_A	3vqm_A
3vqm_A	3vqm_B
3vqm_A	4yl9_D
3vr1_A	3vr1_A
3vr1_A	3tr5_A
3vr6_B	3vr6_B
3vr6_B	3i4l_A
3vr6_B	5bn4_A
3vr6_B	7van_B
3vr6_B	7var_C
3vr6_B	7vaw_B
3vr8_C	3vr8_C
3vr8_C	3vrb_C
3vr8_C	3vrb_C
3vr8_C	4ysx_G
3vr8_C	4ytn_C
3vr8_C	5c2t_C
3vr8_C	5c3j_C
3vr8_D	3vr8_D
3vr8_D	3vrb_D
3vr8_D	3vrb_D
3vr8_D	4ysx_D
3vr8_D	4ytn_D
3vr8_D	5c2t_D
3vr8_D	5c3j_H
3vri_C	3vri_C
3vsh_D	3vsh_D
3vsh_D	3vsi_B
3vsh_D	3vsj_B
3vsh_D	8ihg_A
3vsv_A	3vsv_A
3vsv_A	3vsu_A
3vt0_C	3vt0_C
3vt0_C	3vsz_C
3vt0_C	6euf_A
3vt0_C	7byt_A
3vta_B	3vta_B
3vta_B	4yn3_A
3vth_A	3vth_A
3vth_A	3vth_A
3vth_A	3ttf_A
3vth_A	3tsq_A
3vth_A	3tsu_A
3vto_B	3vto_B
3vuv_A	3vuv_A
3vuv_A	2y8d_A
3vuv_A	3bqk_A
3vux_G	3vux_G
3vv9_B	3vv9_B
3vv9_B	3vva_A
3vv9_B	5zdp_C
3vvp_A	3vvp_A
3vvp_A	5c6o_A
3vw7_A	3vw7_A
3vw7_A	3sn6_E
3vw7_A	3oe9_B
3vw7_A	3oe9_A
3vw7_A	3pbl_B
3vw7_A	3pbl_A
3vw7_A	3v2w_A
3vw7_A	4djh_A
3vw7_A	4djh_B
3vw7_A	4dkl_A
3vw7_A	4phu_A
3vw7_A	4u15_A
3vw7_A	4u15_B
3vw7_A	5cxv_A
3vw7_A	5x93_A
3vw7_A	5dsg_A
3vw7_A	5dsg_B
3vw7_A	3uon_A
3vw7_A	5zkq_B
3vx4_A	3vx4_A
3vx4_A	3vx4_B
3vx4_A	1xef_B
3vx4_A	1xef_A
3vx4_A	6b89_A
3vx4_A	4p32_A
3vx4_A	6b89_B
3vx4_A	4p32_B
3vx4_A	6mjp_A
3vx4_A	1g9x_B
3vx4_A	1l2t_B
3vx4_A	1l2t_A
3vx4_A	3tif_A
3vx4_A	3tif_B
3vx4_A	2d2f_A
3vx4_A	3c41_A
3vx4_A	3c41_B
3vx4_A	4ymv_A
3vx4_A	4ymv_B
3vx4_A	4r9u_C
3vx4_A	4r9u_D
3vx4_A	4r9u_C
3vx4_A	4zir_B
3vx4_A	4zir_A
3vx4_A	4zir_A
3vx4_A	5tfc_A
3vx4_A	5tf8_A
3vx4_A	5tfa_A
3vx4_A	5tfb_A
3vx4_A	5tfd_A
3vx4_A	5tff_A
3vx4_A	5tfi_A
3vx4_A	5tfj_A
3vx4_A	5tgk_A
3vx4_A	6gkd_A
3vx4_A	6m96_A
3vx4_A	7z18_I
3vx4_A	8bms_B
3vxc_A	3vxc_A
3vyp_A	3vyp_A
3vyp_A	3tur_A
3vyp_A	4gsq_A
3vyp_A	4gsr_A
3vyp_A	4gsu_A
3vyp_A	4gsu_B
3vyp_A	5lb1_A
3vyp_A	5lbg_B
3vyp_A	6iyv_A
3vyp_A	6iyw_C
3vyp_A	7a0z_A
3vyp_A	7a11_A
3vyr_B	3vyr_B
3vyt_C	3vyt_C
3vyt_C	3wjp_A
3vyt_C	3wjq_A
3vyt_C	3wjr_A
3vyw_D	3vyw_D
3vyw_D	3vyw_A
3vzb_A	3vzb_A
3vzb_A	3vzd_B
3vzb_A	3vzd_C
3vzb_A	4l02_A
3vzx_B	3vzx_B
3vzx_B	3vzy_B
3vzx_B	3vzz_B
3w0l_B	3w0l_B
3w0l_B	4bba_A
3w0l_B	4bb9_A
3w0l_B	4ly9_A
3w0l_B	4ly9_B
3w0o_A	3w0o_A
3w0o_A	3w0o_A
3w0o_A	3w0s_A
3w1g_A	3w1g_A
3w1g_A	6bkg_A
3w1g_A	2hix_A
3w1g_A	3gde_A
3w1g_A	7sum_A
3w21_A	3w21_A
3w21_A	3w20_A
3w2w_B	3w2w_B
3w36_B	3w36_B
3w3z_A	3w3z_A
4m5c_A	4m5c_A
4m5c_A	4m5b_A
4m6r_A	4m6r_A
4m6t_A	4m6t_A
4m7t_A	4m7t_A
4m7x_A	4m7x_A
4m7x_A	2ews_A
4m7x_A	4nb4_F
4m7x_A	6awg_A
4m7x_A	6uj5_A
4m8d_B	4m8d_B
4m8d_B	5nmp_A
4m8d_B	5nna_D
4m8o_A	4m8o_A
4m8o_A	4ptf_A
4m8o_A	4ptf_A
4m8o_A	6qib_A
4m8o_A	8b67_A
4m8o_A	8b76_B
4m8o_A	6i8a_A
4m8o_A	8b7e_B
4m99_A	4m99_A
4m99_A	4m99_C
4m99_A	4m99_A
4m99_A	4eaa_A
4m99_A	3bss_A
4m99_A	3bsy_A
4m99_A	3bsy_C
4m99_A	7txq_A
4m99_A	7txp_A
4mah_A	4mah_A
4mah_A	4mai_A
4mb4_A	4mb4_A
4mb4_A	4hmd_A
4mbb_A	4mbb_A
4mbe_A	4mbe_A
4mbe_B	4mbe_B
4mbs_A	4mbs_A
4mbs_A	4xnw_B
4mbs_A	4xnv_A
4mbs_A	4xnw_A
4mbs_A	7xxh_R
4mc3_A	4mc3_A
4mcw_B	4mcw_B
4mcw_B	4mdz_B
4mcw_B	4me4_B
4mda_A	4mda_A
4mda_A	2f7t_A
4mda_A	4mdb_A
4met_A	4met_A
4met_A	5hi0_A
4met_A	5vg3_A
4mf9_A	4mf9_A
4mfk_A	4mfk_A
4mfk_A	4mfl_A
4mfk_A	4mfp_A
4mfk_A	4q36_A
4mfk_A	4q36_A
4mgq_A	4mgq_A
4mhl_A	4mhl_A
4mhv_A	4mhv_A
4mix_B	4mix_B
4mj7_A	4mj7_A
4mjt_A	4mjt_A
4mkm_A	4mkm_A
4ml9_A	4ml9_A
4mly_C	4mly_C
4mmh_A	4mmh_A
4mmh_A	5jmd_A
4mn3_A	4mn3_A
4mn3_A	4x3u_A
4mn3_A	4x3u_B
4mn3_A	4x3u_A
4mn7_B	4mn7_B
4mnc_A	4mnc_A
4mnc_A	7ug8_B
4mnc_A	2hzl_B
4mnc_A	4yic_A
4mnc_A	2zzw_A
4mnd_A	4mnd_A
4mo2_A	4mo2_A
4mo2_A	1i8t_B
4mo2_A	4rpg_A
4mo2_A	4rpg_B
4mo2_A	4xgk_A
4mo2_A	5br7_A
4mo2_A	5er9_A
4mo2_A	6d99_A
4mo2_A	6d9b_A
4mo2_A	6d9d_A
4mo2_A	3he3_A
4mo2_A	3mj4_D
4mo2_A	3mj4_I
4mo2_A	3gf4_B
4mo2_A	1wam_A
4mo2_A	1wam_A
4mo2_A	3gf4_B
4mo2_A	3kyb_A
4mpo_B	4mpo_B
4mq0_A	4mq0_A
4mq0_A	1zgs_A
4mr0_A	4mr0_A
4mrt_A	4mrt_A
4mrt_A	1qr0_A
4mrt_B	4mrt_B
4msj_A	4msj_A
4mt2_A	4mt2_A
4mtd_D	4mtd_D
4mtd_D	3eyy_A
4mtd_D	6d57_B
4mtu_A	4mtu_A
4mtu_A	4mzq_B
4mtu_A	4mzq_E
4mtu_A	4mzq_A
4mu0_A	4mu0_A
4mu0_A	4mu1_A
4mu0_A	4mu4_A
4mu0_A	4qnk_A
4mu0_A	6fwh_L
4mu0_A	1rhy_B
4mu0_A	4lpf_A
4mub_A	4mub_A
4mub_A	5tiw_A
4mub_A	6bdq_A
4muq_A	4muq_A
4muq_A	4f78_A
4mv1_A	4mv1_A
4mv1_A	4mv4_A
4mv1_A	1dv2_A
4mv1_A	1dv1_A
4mv1_A	2vqd_A
4mv1_A	2vqd_A
4mv1_A	2vr1_A
4mv1_A	3jzf_A
4mv1_A	3jzi_A
4mv1_A	4mv6_A
4mv1_A	4mv7_A
4mv1_A	3ouu_A
4mv1_A	2vpq_B
4mv1_A	3gid_A
4mv1_A	3jrx_A
4mvc_B	4mvc_B
4mwz_B	4mwz_B
4mwz_B	3uj8_A
4mwz_B	3uj8_A
4mwz_B	4iv0_A
4mxe_B	4mxe_B
4mxe_B	5t53_A
4mxe_B	6sp0_A
4myn_A	4myn_A
4myn_A	8snk_A
4myn_A	8snf_D
4myp_A	4myp_A
4mys_B	4mys_B
4mys_B	4gdm_C
4mys_B	4myd_A
4mzu_B	4mzu_B
4mzu_B	4mzu_F
4rs0_A	4rs0_A
4rs0_A	1cvu_A
4rs0_A	1cvu_B
4rs0_A	1diy_A
4rs0_A	1igz_A
4rs0_A	1q4g_A
4rs0_A	2ayl_A
4rs0_A	3hs6_A
4rs0_A	3hs7_B
4rs0_A	3kk6_A
4rs0_A	3kk6_A
4rs0_A	3n8x_A
4rs0_A	3nt1_A
4rs0_A	3q7d_A
4rs0_A	3qh0_A
4rs0_A	3rr3_A
4rs0_A	4cox_A
4rs0_A	4e1g_A
4rs0_A	4oty_A
4rs0_A	5f1a_A
4rs0_A	5ikq_A
4rs0_A	5ikr_A
4rs0_A	5ikt_A
4rs0_A	5ikv_A
4rs0_A	5w58_A
4rs0_A	6cox_A
4rs2_B	4rs2_B
4rt0_A	4rt0_A
4rtb_A	4rtb_A
4rtb_A	4wcx_C
4rtb_A	4wcx_A
4rtb_A	4wcx_A
4rti_A	4rti_A
4rti_A	1v2b_B
4rti_A	2vu4_A
4ru3_A	4ru3_A
4ru5_C	4ru5_C
4rul_A	4rul_A
4ruq_B	4ruq_B
4ruw_A	4ruw_A
4rvz_Z	4rvz_Z
4rvz_Z	3amt_A
4rvz_Z	3amt_A
4rvz_Z	6agg_Z
4rw5_A	4rw5_A
4rw5_A	4rw3_A
4rw5_A	1xx1_A
4rwm_A	4rwm_A
4rwm_A	6hif_A
4rwm_A	6m0q_A
4rya_A	4rya_A
4rya_A	5f7v_A
4rya_A	5iai_A
4rya_A	8s5b_A
4rya_A	7nbz_B
4rya_A	7ofy_A
4rya_A	6dtq_A
4rya_A	6dtr_A
4rya_A	1eu8_A
4rya_A	4g68_A
4rya_A	4rk9_A
4rya_A	7bvt_A
4rya_A	2w7y_A
4rya_A	4r2b_A
4rya_A	5dvj_A
4rya_A	8hqq_A
4rya_A	6h0h_A
4ryk_A	4ryk_A
4ryn_A	4ryn_A
4rzy_A	4rzy_A
4s0n_A	4s0n_A
4s0v_A	4s0v_A
4s0v_A	4zj8_A
4s1b_B	4s1b_B
4s1b_B	4s1b_A
4s1b_B	4s1b_D
4s1k_A	4s1k_A
4s2a_A	4s2a_A
4s2a_A	3epm_A
4s2a_A	3epo_A
4s2a_A	3epo_B
4s2a_A	4s26_A
4s2a_A	4s27_A
4s2a_A	4s27_A
4s35_A	4s35_A
4s35_A	5h5k_A
4s35_A	5xai_A
4s35_A	5h70_B
4s35_A	4hej_A
4s35_A	2ccj_B
4s35_A	4f4i_B
4s35_A	4hld_A
4s35_A	4edh_B
4s35_A	4edh_A
4s35_A	4esh_A
4s35_A	3uwk_A
4s35_A	3uxm_C
4s35_A	4e5u_B
4s35_A	4gmd_A
4s35_A	3lv8_A
4s35_A	4tmk_A
4s35_A	4tmk_A
4s35_A	5tmp_A
4s35_A	5tmp_A
4s36_A	4s36_A
4s3m_A	4s3m_A
4s3m_A	4yca_B
4s3m_A	4ol9_A
4s3r_A	4s3r_A
4s3r_A	4s3q_A
4s3r_A	5b68_A
4std_A	4std_A
4std_A	2std_A
4std_A	3std_A
4std_A	3std_B
4std_A	3std_C
4std_A	3std_A
4std_A	4std_B
4std_A	4std_C
4std_A	4std_A
4std_A	5std_A
4std_A	5std_B
4std_A	5std_C
4std_A	5std_A
4std_A	6std_A
4std_A	6std_B
4std_A	6std_C
4thi_A	4thi_A
4thi_A	4kys_A
4tkc_A	4tkc_A
5a7y_B	5a7y_B
5a7y_B	5a7y_A
5a7y_B	5a7y_B
5a96_A	5a96_A
5a98_A	5a98_A
5a9a_A	5a9a_A
5aa6_B	5aa6_B
5aa6_B	1up8_A
5abd_E	5abd_E
5abd_E	4ckv_X
5abd_E	4cl7_A
5abs_A	5abs_A
5abt_A	5abt_A
5abt_A	1h5y_B
5abt_A	1gpw_C
5abt_A	7ac8_E
5abt_A	2w6r_A
5abt_A	3iiv_B
5abt_A	4ewn_A
5abt_A	6dc1_A
5abt_A	6dnj_A
5abt_A	7ac8_A
5abt_A	7qc8_A
5abt_A	2y85_B
5abt_A	2y85_A
5abt_A	3zs4_A
5abt_A	4tx9_A
5abt_A	4tx9_A
5abt_A	5dn1_A
5afb_A	5afb_A
5afe_A	5afe_A
5afe_A	4afd_A
5afe_A	4aem_A
5afe_A	4afd_A
5agi_A	5agi_A
5agi_A	5fom_A
5agv_B	5agv_B
5ahw_B	5ahw_B
5ahw_B	5ahw_C
5aie_A	5aie_A
5aip_A	5aip_A
5ao8_A	5ao8_A
5ao8_A	7qvd_AAA
5aor_A	5aor_A
5aor_A	8szs_A
5aor_A	8szq_A
5apg_A	5apg_A
5apw_B	5apw_B
5aqk_B	5aqk_B
5aqk_B	5aqu_B
5arl_A	5arl_A
5arl_A	5ark_A
5arl_A	5arl_B
5arl_A	5arl_A
5arl_A	1kh8_A
5arl_A	11bg_A
5arl_A	1r3m_A
5arl_A	11bg_B
5arl_A	1r3m_B
5arl_A	1afk_A
5arl_A	1afl_A
5arl_A	1aqp_A
5arl_A	1bel_A
5arl_A	1eos_A
5arl_A	1eow_A
5arl_A	1jvu_A
5arl_A	1n3z_A
5arl_A	1n3z_A
5arl_A	1o0m_A
5arl_A	1rar_A
5arl_A	1rca_A
5arl_A	1rnc_A
5arl_A	1rnd_A
5arl_A	1rnm_E
5arl_A	1rpf_A
5arl_A	1rpg_A
5arl_A	1rsm_A
5arl_A	1ruv_A
5arl_A	1ruv_A
5arl_A	1w4p_A
5arl_A	1wbu_A
5arl_A	1z6d_A
5arl_A	2g4w_B
5arl_A	2p46_A
5arl_A	2w5k_A
5arl_A	2w5l_A
5arl_A	3djq_A
5arl_A	3dxg_A
5arl_A	3euz_A
5arl_A	3ev4_B
5arl_A	3ev5_A
5arl_A	3ev6_B
5arl_A	3fl3_A
5arl_A	3lxo_A
5arl_A	4j60_A
5arl_A	4j62_A
5arl_A	4j63_A
5arl_A	4j69_A
5arl_A	4ot4_A
5arl_A	4rsk_A
5arl_A	4wyz_A
5arl_A	5na9_A
5arl_A	5nj7_A
5arl_A	5obc_B
5arl_A	5obd_B
5arl_A	6gok_A
5arl_A	6pvv_A
5arl_A	6qe9_B
5arl_A	7p4r_AAA
5arl_A	7p8r_A
5arl_A	8r5v_A
5arl_A	8rsa_A
5arl_A	8rsa_B
5arl_A	4qfj_A
5arl_A	3zbw_B
5arl_A	1h52_A
5arl_A	1h52_A
5arl_A	7npm_AAA
5arl_A	5oab_A
5arl_A	1hi2_A
5arl_A	1hi3_A
5arl_A	1hi4_A
5arl_A	1hi5_A
5arl_A	1hi5_A
5arl_A	2bzz_A
5arl_A	2c01_X
5arl_A	2c05_A
5arl_A	8f5x_A
5awp_A	5awp_A
5aws_A	5aws_A
5ax3_B	5ax3_B
5ax7_B	5ax7_B
5aya_A	5aya_A
5aya_A	7bj8_A
5aya_A	7afz_A
5ayk_A	5ayk_A
5aym_A	5aym_A
5aym_A	8dl6_A
5aym_A	8dl8_A
5ayr_B	5ayr_B
5aza_A	5aza_A
5aza_A	4ozq_B
5aza_A	5edu_B
5azb_A	5azb_A
5azg_B	5azg_B
5b03_D	5b03_D
5b03_D	5b0k_B
5b03_D	6j8v_D
5b0h_A	5b0h_A
5b0o_A	5b0o_A
5b0o_A	5b0o_B
5b0s_B	5b0s_B
5b2o_A	5b2o_A
5b3h_C	5b3h_C
5b3p_A	5b3p_A
5b47_A	5b47_A
5b47_A	5b46_A
5b47_A	5b48_A
5b47_A	6n2n_A
5b47_A	6n2o_A
5b47_A	6n2o_C
5b48_B	5b48_B
5b48_B	5b46_B
5b50_A	5b50_A
5b57_A	5b57_A
5b5s_A	5b5s_A
5b5s_A	5b5l_A
5b6d_B	5b6d_B
5b6d_B	5b6e_A
5b6d_B	5jp9_B
5b7c_A	5b7c_A
5b7c_A	1gsq_A
5b7c_A	1gsq_A
5b7c_A	2gsq_A
5b7c_A	2c80_A
5b7c_A	1oe7_A
5b7c_A	1oe7_B
5b7c_A	1oe8_A
5b7c_A	1oe8_B
5b7c_A	4ee0_B
5b7c_A	7jr8_B
5b7c_A	1pd2_A
5b7c_A	1pd2_B
5b7c_A	2vcw_B
5b7c_A	3ee2_A
5b7c_A	3vi7_A
5b7c_A	3vi7_A
5b7c_A	5jcu_A
5b7c_A	1vf2_A
5b7c_A	1b48_A
5b7c_A	1ev4_A
5b7c_A	1ev4_A
5b7c_A	1f3b_A
5b7c_A	1gse_A
5b7c_A	1gse_B
5b7c_A	1guh_A
5b7c_A	1gul_A
5b7c_A	1k3l_A
5b7c_A	1k3l_B
5b7c_A	1k3y_A
5b7c_A	1k3y_B
5b7c_A	1k3y_A
5b7c_A	1ml6_A
5b7c_A	1vf3_A
5b7c_A	1vf3_B
5b7c_A	1vf3_A
5b7c_A	2vct_A
5b7c_A	3ik7_A
5b7c_A	3ik7_B
5b7c_A	3ktl_A
5b7c_A	3ktl_B
5b7c_A	1tu8_B
5b7c_A	1tu8_A
5b7c_A	3fr3_A
5b7c_A	3fr3_B
5b7c_A	3fr3_A
5b7c_A	3fr9_A
5b7c_A	2aaw_C
5b7c_A	4zxg_A
5b7c_A	4zxg_B
5b7c_A	1q4j_A
5b7c_A	1q4j_B
5b7c_A	3frc_B
5b7c_A	17gs_A
5b7c_A	17gs_B
5b7c_A	18gs_A
5b7c_A	18gs_B
5b7c_A	19gs_A
5b7c_A	19gs_B
5b7c_A	1aqv_A
5b7c_A	1aqx_A
5b7c_A	1glq_A
5b7c_A	1glq_B
5b7c_A	1glq_A
5b7c_A	1gsy_A
5b7c_A	1gsy_B
5b7c_A	1lbk_A
5b7c_A	1lbk_B
5b7c_A	1md3_A
5b7c_A	1md3_B
5b7c_A	1md4_A
5b7c_A	1md4_B
5b7c_A	1pgt_A
5b7c_A	1pgt_B
5b7c_A	1pgt_A
5b7c_A	1px6_A
5b7c_A	1px6_B
5b7c_A	1zgn_A
5b7c_A	20gs_A
5b7c_A	20gs_B
5b7c_A	20gs_A
5b7c_A	2glr_A
5b7c_A	2glr_B
5b7c_A	2gss_A
5b7c_A	2gss_B
5b7c_A	2pgt_A
5b7c_A	2pgt_B
5b7c_A	2pgt_A
5b7c_A	3csi_B
5b7c_A	3csj_A
5b7c_A	3csj_B
5b7c_A	3gss_A
5b7c_A	3gss_B
5b7c_A	3hjo_B
5b7c_A	3pgt_A
5b7c_A	3pgt_B
5b7c_A	4gss_A
5b7c_A	4gss_B
5b7c_A	4pgt_A
5b7c_A	4pgt_B
5b7c_A	5gss_A
5b7c_A	5gss_B
5b7c_A	5l6x_A
5b7c_A	6ap9_A
5b7c_A	6gss_A
5b7c_A	6gss_B
5b7c_A	7gss_A
5b7c_A	7gss_B
5b7c_A	8gss_A
5b7c_A	8gss_B
5b7c_A	9gss_A
5b7c_A	9gss_B
5b7c_A	2wdu_A
5b7c_A	2wb9_A
5b7c_A	3vur_A
5b7c_A	1m0u_B
5b7c_A	1m0u_A
5b7c_A	7opy_A
5b7c_A	2f3m_A
5b7c_A	1b4p_A
5b7c_A	1gsu_A
5b7c_A	1gsu_B
5b7c_A	1hna_A
5b7c_A	1hna_A
5b7c_A	1mtc_A
5b7c_A	1mtc_B
5b7c_A	1mtc_A
5b7c_A	1xwk_A
5b7c_A	1xwk_B
5b7c_A	1ykc_A
5b7c_A	2ab6_A
5b7c_A	2gst_A
5b7c_A	2gst_B
5b7c_A	3fyg_A
5b7c_A	3fyg_B
5b7c_A	3gst_A
5b7c_A	3gst_B
5b7c_A	4gst_A
5b7c_A	4gst_B
5b7c_A	5fwg_A
5b7c_A	5fwg_B
5b7c_A	6gst_A
5b7c_A	6gst_B
5b7c_A	6gsu_A
5b7c_A	6gsu_B
5b7c_A	6gsv_A
5b7c_A	6gsv_B
5b7c_A	6gsw_A
5b7c_A	6gsw_B
5b7c_A	6gsx_A
5b7c_A	6gsx_B
5b7c_A	6gsy_A
5b7c_A	6gsy_B
5b7c_A	6rwd_A
5b7c_A	6ji6_A
5b7c_A	1dug_A
5b7c_A	1m99_A
5b7c_A	1m9a_A
5b7c_A	1m9b_A
5b7c_A	6rwd_A
5b7c_A	3iso_A
5b7i_A	5b7i_A
5b82_A	5b82_A
5bk9_A	5bk9_A
5bk9_A	5bkb_A
5bk9_A	6d0o_D
5bk9_A	6d3m_A
5bk9_A	5j92_B
5bk9_A	5bke_C
5bk9_A	7qtd_B
5bk9_A	1gy9_A
5bk9_A	4y0e_H
5bk9_A	5keu_B
5bk9_A	8evo_B
5bk9_A	6dch_A
5bk9_A	6xn6_A
5bk9_A	6xo3_A
5bk9_A	6xoj_A
5bk9_A	6xpa_A
5nzq_A	5nzq_A
5nzq_A	5nzp_A
5o0t_A	5o0t_A
5o1l_A	5o1l_A
5o1l_A	5o1l_B
5o1l_A	5o1m_A
5o2w_A	5o2w_A
5o2w_A	2vtc_A
5o2w_A	8b4g_AAA
5o2w_A	5x6a_A
5o36_A	5o36_A
5o3k_A	5o3k_A
5o3k_A	3tas_B
5o3k_A	5o4i_J
5o3k_A	7w6v_A
5o3k_A	8u8p_A
5o65_C	5o65_C
5o6c_A	5o6c_A
5o6k_B	5o6k_B
5o6k_B	5ld1_C
5o6k_B	7plj_D
5o6k_B	6aqe_B
5o6k_B	6aqe_B
5o6k_B	7plj_A
5o6k_B	6an9_A
5o6k_B	6ang_A
5o8z_B	5o8z_B
5oar_C	5oar_C
5oc0_A	5oc0_A
5oc7_D	5oc7_D
5ocp_A	5ocp_A
5ocp_A	6hbm_A
5ocp_A	6hbd_A
5ocp_A	1dbp_A
5ocp_A	1urp_C
5ocp_A	1dbp_A
5ocp_A	1drj_A
5ocp_A	1drk_A
5ocp_A	2dri_A
5ocp_A	4yo7_A
5ocp_A	7e7m_C
5ocp_A	4ry0_A
5ocp_A	2fn8_A
5ocp_A	2fn9_A
5ocp_A	2fn8_A
5ocp_A	4rxm_B
5ocp_A	4rxm_A
5od9_A	5od9_A
5odc_D	5odc_D
5odc_E	5odc_E
5odc_I	5odc_I
5odh_G	5odh_G
5odh_G	7bkd_A
5odh_H	5odh_H
5odh_H	5odh_B
5odj_A	5odj_A
5oea_B	5oea_B
5of3_A	5of3_A
5of3_C	5of3_C
5ofa_B	5ofa_B
5ofa_B	5ofb_B
5ofx_A	5ofx_A
5ofx_A	5odu_A
5ofx_A	1oko_A
5ofx_A	2vxj_F
5ofx_A	2wyf_A
5ofx_A	3zyf_A
5ofx_A	8guv_A
5ogl_A	5ogl_A
5oh2_A	5oh2_A
5oh2_A	4v31_A
5oh2_A	5amh_A
5oh2_A	5oh7_A
5oh2_A	5oh8_A
5oh2_A	5ohb_A
5oj1_A	5oj1_A
5oj1_A	1pyy_A
5oj1_A	1qmf_A
5oj1_A	1qmf_A
7w54_B	7w54_B
7w5i_A	7w5i_A
7w5i_A	7w5h_A
7w5i_A	7w5j_A
7w62_C	7w62_C
7w64_E	7w64_E
7w6b_A	7w6b_A
7w7b_D	7w7b_D
7w7b_D	7w78_B
7w7h_A	7w7h_A
7w7o_A	7w7o_A
7w7o_A	2g8j_A
7w7o_A	1kxr_A
7w7o_A	2p0r_A
7w7o_A	2p0r_B
7w7o_A	7x79_A
7w7o_A	8gx3_A
7w9k_B	7w9k_B
7w9w_A	7w9w_A
7w9w_A	7sfj_A
7wbm_A	7wbm_A
7wbt_A	7wbt_A
7weg_A	7weg_A
7wfx_A	7wfx_A
7wg3_I	7wg3_I
7wh4_A	7wh4_A
7wh4_A	5zhv_A
7wh4_A	5zi8_A
7wj7_B	7wj7_B
7wjb_A	7wjb_A
7wjb_A	7wj9_A
7wjl_A	7wjl_A
7wld_K	7wld_K
7wm6_A	7wm6_A
7wmz_C	7wmz_C
7wmz_C	7wmz_C
7wmz_C	7wmy_A
7wp3_A	7wp3_A
7wp3_A	3vkx_A
7wp3_A	5e0v_A
7wp3_A	3vkx_A
7wp3_A	3vkx_A
7wp3_A	3v62_B
7wr3_A	7wr3_A
7wr3_A	5t05_B
7wrk_A	7wrk_A
7wsj_A	7wsj_A
7wss_A	7wss_A
7wst_A	7wst_A
7wt0_A	7wt0_A
7wt0_A	1bh5_A
7wt0_A	1bh5_B
7wt0_A	1bh5_B
7wt0_A	1fro_A
7wt0_A	1fro_B
7wt0_A	1fro_A
7wt0_A	1qin_A
7wt0_A	1qin_B
7wt0_A	3vw9_A
7wt0_A	3vw9_B
7wt0_A	4kyh_A
7wt0_A	4kyk_B
7wt0_A	4pv5_A
7wt0_A	4pv5_B
7wt0_A	4pv5_B
7wt0_A	4x2a_B
7wt0_A	7wsz_A
7wu5_R	7wu5_R
7wuz_A	7wuz_A
7wuz_A	3som_A
7wuz_A	3som_B
7wuz_A	3som_P
7wuz_A	5uos_A
7wuz_A	5ujc_A
7ww0_A	7ww0_A
7ww0_A	5w7p_A
7ww0_A	5w7r_A
7ww0_A	5w7s_A
7ww4_A	7ww4_A
7ww4_A	7wwc_A
7ww5_A	7ww5_A
7ww5_A	7ww6_A
7ww5_A	7ww9_A
7ww5_A	3ef5_A
7ww5_A	3ef5_A
7ww5_A	3r03_A
7ww5_A	5zrk_A
7ww5_A	5zrg_A
7ww5_A	5zrh_A
7ww5_A	5zrl_B
7wwd_A	7wwd_A
7wwd_A	7wvt_A
8d9p_A	8d9p_A
8d9p_A	5vjs_A
8day_A	8day_A
8day_A	8daz_C
8day_A	8db0_A
8day_A	3i4x_A
8day_A	3i4z_A
8day_A	3o2k_A
8day_A	4e0u_A
8day_A	4e0u_A
8day_A	7xvj_A
8day_A	5kd6_A
8day_A	5kcy_A
8day_A	5kcg_B
8day_A	5kcq_A
8day_A	5kda_A
8db4_E	8db4_E
8ddu_A	8ddu_A
8deo_A	8deo_A
8df8_A	8df8_A
8dgd_A	8dgd_A
8dgd_A	3mmh_A
8dgd_A	3ko6_A
8dhm_A	8dhm_A
8di0_B	8di0_B
8di0_B	6s21_A
8dl2_A	8dl2_A
8dl2_A	8dl1_A
8dl2_A	8xxa_A
8dl3_B	8dl3_B
8dml_B	8dml_B
8dms_B	8dms_B
8dms_B	8dmr_A
8dmt_A	8dmt_A
8dov_J	8dov_J
8dq3_D	8dq3_D
8dr5_A	8dr5_A
8dsh_B	8dsh_B
8dsh_B	2g96_A
8dsh_B	2g96_B
8dsh_B	2g97_A
8dsh_B	2h3d_A
8dsh_B	2h3d_B
8dsh_B	3dhf_A
8dsh_B	3dkj_A
8dsh_B	4m6p_A
8dsh_B	4m6p_B
8dsh_B	4m6q_A
8dsh_B	4n9c_B
8dsh_B	6ta0_B
8dsh_B	6ta2_A
8dsh_B	6tac_A
8dsh_B	8dsi_A
8dsh_B	8dtj_A
8dte_A	8dte_A
8dtp_B	8dtp_B
8dtp_B	8dtp_A
8dvm_A	8dvm_A
8dx0_B	8dx0_B
8dye_B	8dye_B
8dzd_A	8dzd_A
8e0e_A	8e0e_A
8e0f_B	8e0f_B
8e0p_D	8e0p_D
8e0p_D	8e0p_B
8e1u_A	8e1u_A
8e1u_A	6k31_A
8e3i_C	8e3i_C
7z53_P	7z53_P
7z53_P	7qzr_D
7z53_P	4c1m_B
7z53_P	7ni1_C
7z53_P	7ni3_C
1iwl_A	1iwl_A
1iwl_A	7z6x_A
1iwl_A	7z6w_A
8abt_A	8abt_A
8abt_A	8abu_B
8abt_A	8abt_B
1fd9_A	1fd9_A
1fd9_A	8bjd_A
1fd9_A	1q6i_A
8c8c_A	8c8c_A
8c8c_A	7n6z_A
8c8c_A	3x04_A
8c8c_A	7em1_A
8cts_B	8cts_B
8cts_B	6v8y_A
8cts_B	8ctn_B
8cts_B	8ctu_B
8cts_B	7pa0_B
8cts_B	4r50_B
5hi5_B	5hi5_B
5hi5_B	8dyg_A
5hi5_B	5hi5_B
5hi5_B	8dyg_B
8egf_A	8egf_A
8egf_A	4e00_A
8egf_A	1gjv_A
8egf_A	1gkz_A
8egf_A	8egu_A
8egf_A	1jm6_B
8egf_A	1jm6_A
8egf_A	4v26_A
8egf_A	2bu2_A
8egf_A	6lio_B
8egf_A	3crl_A
8egf_A	2q8i_A
8egf_A	2q8i_A
8egf_A	1y8o_A
8egf_A	2zdy_B
1nd7_A	1nd7_A
1nd7_A	8ei4_A
1nd7_A	8ei5_A
8hh0_A	8hh0_A
8hh0_A	6iu0_B
6aa3_A	6aa3_A
6aa3_A	8i18_B
6aa3_A	5ans_A
6aa3_A	5fsi_A
6aa3_A	5ghi_A
6aa3_A	5mzg_A
6aa3_A	5otn_A
6aa3_A	6aa4_A
6aa3_A	6aa5_A
6aa3_A	6ehh_D
6aa3_A	6eq5_A
6aa3_A	6eq6_A
6aa3_A	6imz_A
6aa3_A	8i8s_A
1rg2_B	1rg2_B
1rg2_B	1mu7_B
1rg2_B	1mu9_B
1rhc_A	1rhc_A
1rhc_A	1z69_A
1rhc_A	1z69_D
1rhc_A	1ezw_A
1rhc_A	3b4y_A
1rhc_A	3b4y_A
1ri1_A	1ri1_A
1ri1_A	1ri3_A
1ri1_A	1ri4_A
1ri1_A	1z3c_A
1ri1_A	3epp_A
1ri1_A	3epp_B
1ri1_A	5e8j_A
1ri1_A	7d8u_A
1rj6_A	1rj6_A
1rj6_A	4lu3_A
1rj6_A	4ht2_A
1rj6_A	5fl4_B
1rj6_A	5fl4_A
1rj6_A	1dmy_A
1rj6_A	3mdz_A
1rj6_A	1bzm_A
1rj6_A	1bzm_A
1rj6_A	1czm_A
1rj6_A	1huh_A
1rj6_A	2fw4_A
1rj6_A	2it4_A
1rj6_A	4hu1_A
1rj6_A	5jqt_A
1rj6_A	1lug_A
1rj6_A	1avn_A
1rj6_A	1bic_A
1rj6_A	1bn1_A
1rj6_A	1bn3_A
1rj6_A	1bn4_A
1rj6_A	1bnn_A
1rj6_A	1bnq_A
1rj6_A	1bnt_A
1rj6_A	1bnu_A
1rj6_A	1bnv_A
1rj6_A	1bnw_A
1rj6_A	1bnw_A
1rj6_A	1bv3_A
1rj6_A	1cah_A
1rj6_A	1can_A
1rj6_A	1cil_A
1rj6_A	1cim_A
1rj6_A	1cim_A
1rj6_A	1cin_A
1rj6_A	1cnw_A
1rj6_A	1cnx_A
1rj6_A	1cra_A
1rj6_A	1eou_A
1rj6_A	1f2w_A
1rj6_A	1flj_A
1rj6_A	1g0e_A
1rj6_A	1g1d_A
1rj6_A	1g45_A
1rj6_A	1g46_A
1rj6_A	1g48_A
1rj6_A	1g4j_A
1rj6_A	1g4o_A
1rj6_A	1g4o_A
1rj6_A	1g52_A
1rj6_A	1g53_A
1rj6_A	1g54_A
1rj6_A	1i8z_A
1rj6_A	1i8z_A
1rj6_A	1i90_A
1rj6_A	1i91_A
1rj6_A	1i9l_A
1rj6_A	1i9m_A
1rj6_A	1i9n_A
1rj6_A	1i9o_A
1rj6_A	1i9p_A
1rj6_A	1if4_A
1rj6_A	1if5_A
1rj6_A	1if6_A
1rj6_A	1if7_A
1rj6_A	1if7_A
1rj6_A	1if8_A
1rj6_A	1kwr_A
1rj6_A	1lg5_A
1rj6_A	1lg6_A
1rj6_A	1lug_A
1rj6_A	1okn_A
1rj6_A	1oq5_A
1rj6_A	1oq5_A
1rj6_A	1ray_A
1rj6_A	1rzc_A
1rj6_A	1rzd_A
1rj6_A	1rze_A
1rj6_A	1yda_A
1rj6_A	1ydb_A
1rj6_A	1ydd_A
1rj6_A	1zfq_A
1rj6_A	1zgf_A
1rj6_A	1zsb_A
1rj6_A	2ca2_A
1rj6_A	2cbd_A
1rj6_A	2ez7_A
1rj6_A	2fmg_A
1rj6_A	2fmz_A
1rj6_A	2fou_A
1rj6_A	2geh_A
1rj6_A	2hkk_A
1rj6_A	2hnc_A
1rj6_A	2nns_A
1rj6_A	2pov_A
1rj6_A	2vva_X
1rj6_A	2wej_A
1rj6_A	3ca2_A
1rj6_A	3cyu_A
1rj6_A	3d8w_A
1rj6_A	3efi_A
1rj6_A	3hs4_A
1rj6_A	3koi_A
1rj6_A	3kwa_A
1rj6_A	3m2z_A
1rj6_A	3s72_B
1rj6_A	4cnw_B
1rj6_A	4e3d_A
1rj6_A	4e3f_A
1rj6_A	4e3h_A
1rj6_A	4e49_A
1rj6_A	4e4a_A
1rj6_A	4e5q_A
1rj6_A	4fl7_A
1rj6_A	4hew_A
1rj6_A	4hez_A
1rj6_A	4hf3_A
1rj6_A	4pxx_A
1rj6_A	4ygj_A
1rj6_A	4ywp_A
1rj6_A	4yxo_A
1rj6_A	5a25_B
1rj6_A	5bnl_A
1rj6_A	5flt_A
1rj6_A	5fnj_A
1rj6_A	5jqt_A
1rj6_A	5l6k_B
1rj6_A	5nya_A
1rj6_A	5thi_A
1rj6_A	5w8b_A
1rj6_A	6c7w_A
1rj6_A	6fjj_A
1rj6_A	6g3q_A
1rj6_A	6i0w_A
1rj6_A	6ic2_A
1rj6_A	6mbv_A
1rj6_A	6mby_A
1rj6_A	6pdv_A
1rj6_A	6rfh_A
1rj6_A	6rh4_A
1rj6_A	6rl9_A
1rj6_A	6rm1_A
1rj6_A	6rmp_A
1rj6_A	6sas_A
1rj6_A	6sb7_A
1rj6_A	6sg0_A
1rj6_A	6syb_A
1rj6_A	6t4n_A
1rj6_A	6ux1_A
1rj6_A	6yri_A
1rj6_A	7bi5_A
1rj6_A	7m23_A
1rj6_A	7m24_A
1rj6_A	7m26_A
1rj6_A	7oyp_A
1rj6_A	7y2a_A
1rj6_A	7y2e_A
1rj6_A	8dj9_A
1rj6_A	3f7u_A
1rj6_A	3fw3_A
1rj6_A	5jn8_C
1rj6_A	5jn8_D
1rj6_A	5jn9_C
1rj6_A	5jna_C
1rj6_A	5jnc_C
1rj6_A	5ku6_C
1rj6_A	3znc_A
1rj6_A	7o48_B
1rj6_A	4uov_B
1rj6_A	4xz5_A
1rj6_A	3q31_A
1rj6_A	4twl_A
1rj6_A	4twl_A
1rj6_A	4x5s_B
1rj6_A	4xiw_C
1rj6_A	4xiw_A
1rj6_A	4xiw_B
1rj6_A	4xiw_C
1rj6_A	4yha_C
1rj6_A	5tt3_C
1rj6_A	5tt8_C
1rj6_A	5tuo_E
1rj6_A	5e5u_A
1rjd_C	1rjd_C
1rjd_C	1rje_C
1rjd_C	1rjg_A
1rjp_A	1rjp_A
1rjp_A	1m7j_A
1rju_V	1rju_V
1rk8_A	1rk8_A
1rlj_A	1rlj_A
1rlj_A	4bmo_B
1rlj_A	2xoe_A
1rlj_A	4bmo_B
1rlj_A	4bmp_B
1rlt_A	1rlt_A
1rlt_A	1rlm_A
1rlt_A	2b30_A
1rlt_A	2rar_A
1rlt_A	3r4c_A
1rlt_A	3pgv_A
1rlt_A	1rkq_A
1rlt_A	4dwo_A
1rlt_A	1nf2_A
1rlt_A	4zev_A
1rlt_A	4zev_B
1rlt_A	4zew_A
1rlt_A	4zex_A
1rmg_A	1rmg_A
1rmh_D	1rmh_D
1rmh_D	1rmh_C
1rms_A	1rms_A
1rms_A	1rms_A
1rms_A	1fut_A
1ro8_A	1ro8_A
1ro8_A	1ro8_A
1ro8_A	2x61_A
1ro8_A	2x63_A
1ro8_A	2p2v_A
1rp4_A	1rp4_A
1rp4_A	1rp4_A
1rp4_A	3m31_A
1rq5_A	1rq5_A
1rq5_A	3rx5_A
1rq5_A	3h2w_A
1rq5_A	3rx7_A
1rq5_A	3x17_A
1rq5_A	6dht_A
3nxe_A	3nxe_A
3ny7_A	3ny7_A
3nyb_B	3nyb_B
3nyc_A	3nyc_A
3nyc_A	3nyc_A
3nyc_A	6p9d_A
3nyc_A	6pld_A
3nyk_A	3nyk_A
3nyk_A	4rh4_A
3nyk_A	3tu6_A
3nz1_A	3nz1_A
3nz1_A	1a53_A
3nz1_A	1juk_A
3nz1_A	1lbf_A
3nz1_A	1lbf_A
3nz1_A	1lbl_A
3nz1_A	3uzj_A
3nz1_A	4iww_A
3nz1_A	5an7_A
3nz1_A	5k7j_B
3nz1_A	6nw4_A
3nz2_E	3nz2_E
3nz2_E	3ect_A
3nz2_E	3nz2_F
3nz2_E	3nz2_C
3nz2_E	3v4e_C
3nz2_E	3v4e_A
3nz2_E	1kru_A
3nz2_E	1krr_A
3nz2_E	1krr_B
3nz2_E	1krr_C
3nz2_E	1krv_A
3nz2_E	1krv_B
3nz2_E	1krv_A
3nzp_B	3nzp_B
3nzp_B	3nzp_B
3nzp_B	3n2o_B
3nzp_B	3n2o_A
3nzp_B	3nzp_A
3nzt_A	3nzt_A
3o02_A	3o02_A
3o02_A	3o01_A
3o0m_A	3o0m_A
3o0x_A	3o0x_A
3o0x_A	5hca_A
3o14_A	3o14_A
3o14_A	3o14_A
3o2e_A	3o2e_A
3o3f_A	3o3f_A
3o3f_A	3o3g_A
3o3f_A	3o3h_A
3o3m_C	3o3m_C
3o3m_C	3o3n_A
3o3m_C	3o3o_A
3o3m_D	3o3m_D
3o3m_D	7yzm_A
3o3m_D	7yzm_C
3o3m_D	7yzq_C
3o3m_D	7yzm_D
3o3m_D	7yzq_D
3o61_D	3o61_D
3o61_D	1khz_A
3o61_D	1g0s_A
3o61_D	1khz_B
3o61_D	1g0s_B
3o61_D	1g9q_A
3o61_D	1g9q_B
3o61_D	1g9q_A
3o61_D	1khz_A
3o61_D	1khz_B
3o61_D	1khz_A
3o61_D	9b21_A
3o61_D	9b22_B
3o70_A	3o70_A
3o7j_A	3o7j_A
3o7l_B	3o7l_B
3o7w_A	3o7w_A
3o7w_A	3iei_A
3o7w_A	3o7w_A
3o94_B	3o94_B
3o94_B	3o93_A
3o9l_B	3o9l_B
3o9l_B	3oad_B
3o9l_B	3oag_B
3oa2_D	3oa2_D
3oa2_D	3oa2_B
3oa2_D	3oa2_A
3oa2_D	3oa2_C
3oa2_D	3o9z_A
3oa2_D	3o9z_C
3oa2_D	3o9z_D
3oa2_D	3o9z_A
3oa2_D	3oa0_A
3oa8_A	3oa8_A
3qvk_A	3qvk_A
3qvo_A	3qvo_A
3qvo_A	3e8x_A
3qvo_A	3e8x_A
3qvo_A	4hnh_A
3qvo_A	4hnh_A
3qvq_A	3qvq_A
3qvq_A	2oog_D
3qvq_A	1t8q_B
3qvq_A	1ydy_A
3qvq_A	8cwp_A
3qvq_A	5t9c_E
3qvq_A	4r7o_C
3qvq_A	8ghh_A
3qw4_C	3qw4_C
3qw4_C	3qw4_A
3qw9_A	3qw9_A
3qx9_A	3qx9_A
3qx9_A	3lud_A
3qx9_A	3lug_B
3qx9_A	3luh_A
3qx9_A	3luj_A
3qx9_A	3qx8_A
3qx9_A	7d7u_C
3qx9_A	4g0p_A
3qx9_A	3vnb_A
3qx9_A	4g0q_A
3qx9_A	4g0y_A
3qx9_A	4g0z_A
3qxb_A	3qxb_A
3qxq_A	3qxq_A
3qxy_A	3qxy_A
3qyq_A	3qyq_A
3qyy_A	3qyy_A
3qyy_A	3qyy_B
3qz1_A	3qz1_A
3qz1_A	4y8w_A
3qz1_A	3k9v_A
3qz1_A	3k9v_A
3qz1_A	3k9y_A
3qz1_A	4dvq_A
3qz1_A	4enh_A
3qz1_A	3mdr_A
3qz1_A	3mdt_A
3qz1_A	3mdt_A
3qz1_A	3mdv_A
3qz1_A	4fia_A
3qz1_A	2q9f_A
3qz1_A	4j14_A
3qz1_A	4i8v_A
3qz1_A	6dwn_A
3qz1_A	2hi4_A
3qz1_A	3pm0_A
3qz1_A	4r20_A
3qz1_A	4nky_C
3qz1_A	4nkw_A
3qz1_A	4nkx_C
3qz1_A	5e58_A
3qz1_A	3kw4_A
3qz1_A	1suo_A
3qz1_A	1z10_A
3qz1_A	2p85_A
3qz1_A	3ibd_A
3qz1_A	3r1b_A
3qz1_A	3t3r_A
3qz1_A	4ejg_D
3qz1_A	4ejh_A
3qz1_A	4i91_A
3qz1_A	4jlt_A
3qz1_A	4mgj_A
3qz1_A	4rql_A
3qz1_A	5iut_A
3qz1_A	6bww_A
3qz1_A	2vn0_A
3qz1_A	7rl2_A
3qz1_A	5k7k_A
3qz1_A	1og2_A
3qz1_A	1og5_A
3qz1_A	1pq2_A
3qz1_A	1r9o_A
3qz1_A	1r9o_A
3qz1_A	2nnh_A
3qz1_A	2nni_A
3qz1_A	4gqs_A
3qz1_A	1nr6_A
3qz1_A	1n6b_A
3qz1_A	3e4e_A
3qz1_A	3e6i_A
3qz1_A	3dl9_A
3qz1_A	3c6g_B
3qz1_A	3tbg_A
3qz1_A	3qm4_A
3qz1_A	4wnv_A
3qz1_A	4xry_A
3qz1_A	5tft_A
3qz1_A	6csb_B
3qz1_A	8e83_A
3qz1_A	6vby_A
3qz1_A	7les_A
3qz1_A	6uw2_A
3qz1_A	4kpa_A
3qz1_A	5xhj_B
3qz1_A	6h1o_B
3qz1_A	1bvy_A
3qz1_A	1bvy_B
3qz1_A	1jpz_A
3qz1_A	3ben_A
3qz1_A	5jqu_F
3qz1_A	6k9s_A
3qz1_A	7y0p_A
3qz1_A	7y0q_A
3qzc_B	3qzc_B
3qzm_A	3qzm_A
3qzm_A	3qzp_B
3r09_A	3r09_A
3r0q_G	3r0q_G
3r0q_G	1f3l_A
3r0q_G	5ful_A
3r0q_G	3q7e_A
3r0q_G	1ori_A
3r0q_G	5dst_A
3r0q_G	4qpp_A
3r0q_G	5wcf_A
3r0q_G	4hc4_A
3r0q_G	4c04_A
3r0q_G	5lgq_A
3r0q_G	5lgr_B
3r0q_G	2v74_B
3r0q_G	2y1x_B
3r0q_G	3b3f_A
3r0q_G	4ikp_A
3r0q_G	5dwq_A
3r0q_G	5dx1_A
3r0q_G	5is7_A
3r0q_G	5isg_A
3r0q_G	5isi_A
3r0q_G	5lgq_A
3r0q_G	5lgr_A
3r0q_G	5lkj_A
3r0q_G	4lwp_B
3r0q_G	4lwp_B
3r0r_A	3r0r_A
3r1v_A	3r1v_A
3r1v_A	3n7h_A
3r1v_A	3k1e_B
3r1v_A	4fqt_A
3r1v_A	4fqt_B
3r2u_D	3r2u_D
3r2u_D	3r2u_A
3r3l_B	3r3l_B
3r3l_B	3mx5_A
3r3l_B	3mx2_B
3r3l_B	3mx2_B
3r3t_A	3r3t_A
3r3t_A	2uub_F
3r4q_A	3r4q_A
3r5b_A	3r5b_A
3r5b_A	3r5c_A
3r5w_B	3r5w_B
3r5w_B	3r5w_A
3r5w_B	4y9i_A
3r5y_A	3r5y_A
3r5y_A	3r5y_D
3r5y_A	3r5z_A
3r5y_A	7kl8_A
3r6f_A	3r6f_A
3r6f_A	1y23_B
3r6f_A	3l7x_A
3r6p_A	3r6p_A
3r6p_A	3oqu_B
3r72_A	3r72_A
3r72_A	1oog_A
3r72_A	1ooh_A
3r72_A	2gte_A
3r72_A	3b7a_A
3r72_A	8bxv_AAA
3r72_A	3q8i_A
3r72_A	3q8i_A
3r72_A	8c6e_A
3r72_A	6opb_D
3r72_A	6ogh_A
3r72_A	6ogh_A
3r72_A	6oii_B
3r72_A	6opb_E
4l9m_A	4l9m_A
4l9o_A	4l9o_A
4l9y_A	4l9y_A
4l9y_A	4l9y_B
4l9y_A	4l9z_B
4l9y_A	3oyz_A
4l9y_A	3oyz_A
4l9y_A	5tao_A
4l9y_A	3r4i_A
4l9y_A	4l80_B
4l9y_A	4l80_A
4l9y_A	4l80_B
4la3_A	4la3_A
4la3_A	5jsp_A
4la3_A	4b29_A
4la3_A	5cu1_A
4la6_A	4la6_A
4la6_A	3v1v_A
4la6_A	4la5_A
4la6_A	3v1v_A
4la6_A	3v1x_A
4lac_C	4lac_C
4lac_C	1fjm_A
4lac_C	1jk7_A
4lac_C	3e7b_A
4lac_C	6zeg_A
4laf_A	4laf_A
4laf_A	3b6j_B
4laf_A	5f12_A
4laf_A	2r96_A
4laf_A	2r96_B
4laf_A	3b6j_A
4laf_A	3b6j_B
4laf_A	4dy4_A
4laf_A	4dy4_B
4laf_A	4yqe_B
4laf_A	1zwl_A
4laf_A	2a5l_B
4lay_A	4lay_A
4lbp_A	4lbp_A
4lcn_B	4lcn_B
4lcn_B	4lcn_A
4lea_A	4lea_A
4lea_A	3m7j_A
4lea_A	4gc1_A
4lef_B	4lef_B
4lef_B	3ojg_A
4lef_B	3ojg_A
4lef_B	4h9z_A
4lef_B	6jst_A
4lef_B	1p6c_A
4lef_B	8p7i_A
4lef_B	1pta_A
4lef_B	1dpm_A
4lef_B	1dpm_B
4lef_B	1eyw_A
4lef_B	1ez2_A
4lef_B	1ez2_B
4lef_B	1p6c_B
4lef_B	2d2h_A
4lef_B	3ura_A
4lef_B	8p7q_A
4lef_B	3ovg_A
4lef_B	4kf1_A
4lef_B	4qsf_A
4lef_B	3rhg_A
4lev_A	4lev_A
4lev_A	5vdp_A
4lev_A	5vdt_A
4lev_A	7ftr_A
4lev_A	4jlz_A
4lev_A	4o67_A
4lev_A	4o69_A
4lev_A	7buj_B
4lev_A	4k97_A
4lev_A	4k99_A
4lev_A	4k9b_A
4lev_A	7utt_A
4lev_A	7uzr_A
4lev_A	8ime_B
4lev_A	8imf_B
4lev_A	5eom_A
4lev_A	5eom_C
4lev_A	7lt2_A
4lhd_A	4lhd_A
4lhd_A	6i34_B
4lhd_A	6i35_B
4lip_A	4lip_A
4lip_A	1hqd_A
4liq_E	4liq_E
4lix_A	4lix_A
4lj9_A	4lj9_A
4lj9_A	4fcw_A
4lj9_A	4lj7_A
4lkl_A	4lkl_A
4lkl_A	4lkl_A
4lkl_A	1q4k_A
4ll7_A	4ll7_A
4lmg_B	4lmg_B
4lmh_D	4lmh_D
4lmh_D	3ucp_A
4lmh_D	3ufh_A
4lmh_D	3ufk_A
4lmh_D	7o7g_A
4lng_A	4lng_A
4lng_A	1d8d_A
4lng_A	1fpp_A
4lng_A	1jcq_A
4lng_A	1jcq_A
4lng_A	1jcr_A
4lng_A	1jcr_A
4lng_A	1jcs_A
4lng_A	1jcs_A
4lng_A	1kzo_A
4lng_A	1kzp_A
4lng_A	1n4q_A
4lng_A	1n4s_A
4lng_A	1n95_A
4lng_A	1ni1_A
4lng_A	1o1r_A
4lng_A	1o1r_A
4lng_A	1o1s_A
4lng_A	1o1t_A
4lng_A	1o1t_A
4lng_A	1o5m_A
4lng_A	1qbq_A
4lng_A	1s63_A
4lng_A	1tnb_A
4lng_A	2bed_A
4lng_A	2iej_A
4lng_A	3e33_A
4lng_A	3e34_A
4lng_A	3eu5_A
4lng_A	3ksl_A
4lng_A	3pz4_A
4lng_A	7rni_A
4lng_A	3sfy_A
4lng_A	3q73_A
4lng_A	3sfy_A
4lnt_RP	4lnt_RP
5jys_A	5jys_A
5jyx_B	5jyx_B
5k1r_B	5k1r_B
5k1r_B	3mau_A
5k1r_B	3mad_A
5k1r_B	3mau_B
5k1r_B	3mau_A
5k21_B	5k21_B
5k2m_I	5k2m_I
5k2m_I	3vpd_A
5k2m_I	3vpb_B
5k2m_I	3vpb_D
5k2m_I	3vpc_D
5k2m_I	4iwx_A
5k2m_I	4iwy_A
5k2m_I	5zct_A
5k2m_I	5zct_H
5k31_A	5k31_A
5k52_A	5k52_A
5k52_A	4kvr_A
5k52_A	4kvq_A
5k52_A	4rc7_B
5k52_A	4quw_A
5k5w_B	5k5w_B
5k5z_B	5k5z_B
5k5z_B	5k5z_A
5k5z_B	5k5z_D
5k63_A	5k63_A
5k63_A	5k61_A
5k63_A	5k62_A
5k63_A	5k66_A
5k6x_A	5k6x_A
5k6x_A	4x8x_A
5k6x_A	4x8x_B
5k7x_A	5k7x_A
5k7x_A	7vf6_A
5k7z_A	5k7z_A
5k7z_A	5k7h_A
5k7z_A	5k7f_A
5k7z_A	5k7h_B
5k7z_A	5k7f_B
5k8b_A	5k8b_A
5k8b_A	5k8b_B
5k8b_A	5k8b_A
5k8g_A	5k8g_A
5k8p_D	5k8p_D
5k8p_D	5k8o_B
5k90_B	5k90_B
5k95_B	5k95_B
5k95_B	5k95_A
5k95_B	8g8v_A
5k95_B	8g6c_A
5kat_A	5kat_A
5kat_A	5kau_A
5kat_A	5kcb_A
5kax_A	5kax_A
5kay_A	5kay_A
5kb0_A	5kb0_A
5kbw_B	5kbw_B
5kbw_B	5kbw_A
5kd8_A	5kd8_A
5kd8_A	5kd2_A
5kd8_A	5kdu_A
5kdr_A	5kdr_A
5kdr_B	5kdr_B
5kdr_B	2f9i_B
5kdv_A	5kdv_A
5kef_B	5kef_B
5kf2_A	5kf2_A
5kf2_A	5kf8_A
5kf2_A	5kf8_A
5kf2_A	5kgj_A
5kf2_A	5kgp_A
5kh0_A	5kh0_A
5kh3_A	5kh3_A
5kh3_A	5kh9_A
5kh3_A	6cec_A
5kh3_A	5g0f_A
5kha_A	5kha_A
5ki9_A	5ki9_A
5kil_A	5kil_A
5kil_A	4jo0_A
5kil_A	8a90_B
5kis_A	5kis_A
5kiv_A	5kiv_A
5kjh_B	5kjh_B
5kjh_B	5kkl_B
5kjw_A	5kjw_A
5kjw_A	5fan_A
5kjw_A	5fal_A
5kjw_A	6lpv_A
5kjw_A	8dqo_B
5kjw_A	8dqq_A
5kjw_A	8dqr_A
5kjw_A	6lpw_B
5kjw_A	2e1t_A
5kjw_A	2e1t_A
5kk4_E	5kk4_E
5kk4_E	5vyp_B
5kk4_E	6mry_G
5kle_A	5kle_A
5klp_C	5klp_C
5kn5_C	5kn5_C
5knk_B	5knk_B
5koc_A	5koc_A
5koc_A	5kok_A
5koc_A	6gkv_A
5koz_C	5koz_C
5kp8_B	5kp8_B
5kpr_A	5kpr_A
5kpr_A	2i7n_A
5kpr_A	2i7n_B
5kpr_A	3mk6_A
5kpr_A	3mk6_B
5kpr_A	3smp_B
5kpr_A	5e26_B
5kpr_A	5kpz_A
5kpr_A	5kq8_A
5kpr_A	5kqd_A
5ktc_A	5ktc_A
5ktk_A	5ktk_A
5kue_A	5kue_A
5kwb_A	5kwb_A
5ky3_B	5ky3_B
5ky7_A	5ky7_A
5ky7_A	5ky2_A
5ky7_A	3zy5_A
5ky7_A	3zy5_A
5kzz_A	5kzz_A
5kzz_A	5kzv_A
5l09_B	5l09_B
5l0h_A	5l0h_A
5l0q_A	5l0q_A
5l0v_A	5l0v_A
5l0v_A	5l0u_A
5l0v_A	5f84_A
5l1a_A	5l1a_A
5l2l_F	5l2l_F
5l44_A	5l44_A
5l44_A	5l43_A
5l44_A	1y79_1
5l44_A	4fxy_A
5l44_A	5lv0_A
5l44_A	4ka7_A
5l6w_A	5l6w_A
5l73_A	5l73_A
5l78_A	5l78_A
5l78_A	5o1o_A
5l78_A	1e5q_B
5l78_A	1e5l_B
5l78_A	1e5q_A
5l78_A	1e5q_A
5l9w_b	5l9w_b
5l9w_b	5m45_B
5la2_B	5la2_B
5la2_B	5la1_A
5la2_B	5la0_A
5laa_A	5laa_A
5lal_B	5lal_B
5lb9_A	5lb9_A
5lb9_A	1guf_A
5lb9_A	1guf_A
5lb9_A	5lbx_A
5lda_A	5lda_A
5ldt_A	5ldt_A
5lf2_A	5lf2_A
5lfe_A	5lfe_A
5lfe_A	4rlz_B
5lfe_A	6h9v_A
5lfe_A	3pa1_A
5lfe_A	3q3a_A
5lfe_A	3ry8_A
5lfe_A	5hzb_B
5lfe_A	6gw1_B
5lfe_A	6gw2_B
5lfe_A	3asq_A
5lfe_A	6e48_A
5lgb_A	5lgb_A
5lgb_A	5mbx_A
5lgb_A	1xpq_A
5lgb_A	3bi5_B
5lgb_A	3bnm_A
5lgb_A	3cnd_B
5lgb_A	4gdp_B
5lgb_A	3kpf_A
5lgb_A	1b37_A
5lgb_A	1b5q_A
5lgb_A	1b5q_B
5lgb_A	1h81_A
5lgb_A	1h81_B
5lgb_A	1h82_A
5lgb_A	1h82_B
5lgb_A	1h83_A
5lgb_A	1h83_B
5lgb_A	1h83_B
5lgb_A	1h84_A
5lgb_A	1h84_B
5lgb_A	1h86_A
5lgb_A	1h86_B
5lgb_A	3kpf_A
5ljz_A	5ljz_A
5ljz_A	7qqb_B
5llx_A	5llx_A
5lm3_A	5lm3_A
5lm3_A	5llt_A
5lm9_A	5lm9_A
5lnu_B	5lnu_B
5lnu_B	1znn_A
5lnu_B	2iss_B
5lnu_B	4adu_A
5lnu_B	4jdy_A
5lnu_B	5lnr_A
5lnu_B	5lnw_A
5lo8_B	5lo8_B
5lo8_B	6bu0_C
5lo8_B	6bty_B
5lo8_B	2b3r_A
5lo8_B	6bty_B
5lo8_B	6bu0_C
5lo8_B	1dsy_A
5lo8_B	1a25_B
5lo8_B	2uzp_A
5lo8_B	3gpe_A
5lo8_B	4np9_A
5lo9_A	5lo9_A
5los_A	5los_A
5lou_B	5lou_B
5lou_B	5r5i_A
5lou_B	5lor_B
5lou_B	5lor_A
5lou_B	5r50_A
5lou_B	5r51_A
5lou_B	5r52_A
5lou_B	5r54_A
5lou_B	5r55_A
5lou_B	5r56_A
5lou_B	5r59_A
5lou_B	5r5c_A
5lou_B	5r5e_A
5lou_B	5r5f_A
5lou_B	5r5h_A
5lou_B	5r5i_A
5lou_B	5r5j_A
5lou_B	5r5l_A
5lou_B	5r5n_A
5lou_B	5r5p_A
5lou_B	5r5q_A
5lou_B	5r5s_A
5lpi_C	5lpi_C
5lq4_B	5lq4_B
5lq8_A	5lq8_A
5lq8_A	5lq5_A
5lq8_A	7s6g_A
5xoo_A	5xoo_A
5xoo_A	5xoo_B
5xox_A	5xox_A
5xox_A	3otb_A
5xox_A	3otb_B
5xox_A	3otb_A
5xox_A	3wbz_E
5xoy_A	5xoy_A
5xpd_A	5xpd_A
5xq3_A	5xq3_A
5xq3_A	5xqj_E
5xq3_A	5xqg_F
5xr2_C	5xr2_C
5xts_A	5xts_A
5xvp_E	5xvp_E
5xvs_B	5xvs_B
5xvs_B	4zht_A
5xwd_A	5xwd_A
5xxr_A	5xxr_A
5xya_A	5xya_A
5xya_A	7edd_A
5xz6_A	5xz6_A
5xz6_A	4pfk_A
5xz6_A	4i36_D
5xz6_A	4i4i_A
5xz6_A	4pfk_A
5xz6_A	6pfk_A
5xz6_A	1pfk_A
5xz6_A	1pfk_B
5xz6_A	1pfk_A
5y06_A	5y06_A
5y0n_A	5y0n_A
5y0n_A	5y0q_A
5y0n_A	5y0t_A
5y0v_A	5y0v_A
5y0v_A	3s6t_A
5y2v_A	5y2v_A
5y2z_J	5y2z_J
5y32_B	5y32_B
5y4c_A	5y4c_A
5y62_B	5y62_B
5y62_B	5eb3_A
5y6f_A	5y6f_A
5y6q_B	5y6q_B
5y6q_B	1ffu_C
5y6q_B	1ffu_A
5y6q_B	1rm6_B
5y78_A	5y78_A
5y8v_D	5y8v_D
5y8v_D	5r68_B
5y8v_D	5r69_A
5y8v_D	5wyi_C
5y9e_E	5y9e_E
5y9e_E	5w1o_C
5ya6_B	5ya6_B
5ybl_B	5ybl_B
5ybl_B	5ybn_A
5ybl_B	5m0t_A
5ybl_B	7de0_A
5ybl_B	4y5s_A
5ybl_B	7etl_A
5yf1_B	5yf1_B
5yf1_B	5yf0_B
5yf4_A	5yf4_A
5yg5_A	5yg5_A
5yg5_A	3a9c_B
5yg5_A	5yfs_A
5yg5_A	5yfu_A
5yg5_A	2yrf_B
7n0l_A	7n0l_A
7n0z_A	7n0z_A
7n0z_A	7l4i_B
7n1o_A	7n1o_A
7n3k_A	7n3k_A
7n3z_A	7n3z_A
7n8o_u	7n8o_u
7n8o_x	7n8o_x
7nai_A	7nai_A
7nal_A	7nal_A
7nam_A	7nam_A
7ndi_B	7ndi_B
7ndi_B	7ndj_B
7ne6_A	7ne6_A
7ne6_A	5d9y_A
7ne6_A	7ne3_A
7ne9_AAA	7ne9_AAA
7nf8_B	7nf8_B
7nf8_B	6li9_B
7nf8_B	7cmi_B
7nf8_B	7dsk_B
7nf8_B	5oqt_A
7nhk_0	7nhk_0
7nhk_0	7nhn_0
7nhk_0	7p48_6
7nhk_0	7p7q_0
7nhk_0	7msc_x
7nhk_0	7msm_x
7nhk_0	8buu_9
7ni3_A	7ni3_A
7ni3_A	4c1m_A
7ni3_A	7ni1_A
7nii_A	7nii_A
7nit_D	7nit_D
7nkx_W	7nkx_W
7nkz_B	7nkz_B
7nkz_B	6rko_B
7nkz_B	7oy2_B
7nng_B	7nng_B
7np8_B	7np8_B
7ns9_A	7ns9_A
7ns9_A	7nsd_A
7ns9_A	7nsf_A
7ns9_A	7oa2_A
7nsn_A	7nsn_A
7nsr_A	7nsr_A
7nsr_A	3p6e_A
7nsr_A	7fws_A
7nsr_A	1g74_A
7nsr_A	1lic_A
7nsr_A	1lid_A
7nsr_A	1lie_A
7nsr_A	1lif_A
7nsr_A	1tow_A
7nsr_A	2ans_A
7nsr_A	2ans_B
7nsr_A	2qm9_A
7nsr_A	3hk1_A
7nsr_A	3jsq_A
7nsr_A	3p6d_A
7nsr_A	3p6g_A
7nsr_A	3p6h_A
7nsr_A	6ayl_A
7nsr_A	7fwk_A
7nsr_A	7fxm_A
7nsr_A	7g03_A
7nsr_A	7g08_A
7nsr_A	7g0r_A
7nsr_A	4tkj_A
7nsr_A	1hmr_A
7nsr_A	1hms_A
7nsr_A	2hmb_A
7nsr_A	3wbg_A
7nsr_A	4wbk_A
7nsr_A	7euv_A
7nsr_A	7euw_A
7nsr_A	7fbf_A
7nsr_A	7fcg_A
7nsr_A	7fcx_A
7nsr_A	7fdt_A
7nsr_A	7fdu_A
7nsr_A	7fdx_A
7nsr_A	7fek_A
7nsr_A	7ffx_A
7nsr_A	7wci_A
7nsr_A	7wkb_A
7nsr_A	7wom_A
7nsr_A	7wpg_A
7nsr_A	7wpu_A
7nsr_A	7wpw_A
7nsr_A	7wq7_A
7nsr_A	7x4j_A
7nsr_A	7xhm_A
7nsr_A	7xhu_A
7nsr_A	8gew_A
7nsr_A	3ppt_A
7nsr_A	4azm_A
7nsr_A	1b56_A
7nsr_A	4azm_B
7nsr_A	4lkt_A
7nsr_A	7e25_A
7nsr_A	1fdq_A
7nsr_A	1fe3_A
7nsr_A	8ivf_A
7nsr_A	8ivl_A
7nsr_A	4qgx_A
7nsr_A	2frs_B
7nsr_A	1cbq_A
7nsr_A	1cbr_A
7nsr_A	1cbr_B
7nsr_A	1cbs_A
7nsr_A	2cbr_A
7nsr_A	2cbr_A
7nsr_A	2cbs_A
7nsr_A	2g79_A
7nsr_A	2g7b_A
7nsr_A	3cbs_A
7nsr_A	3cwk_A
7nsr_A	7a9y_AAA
7nsr_A	1o8v_A
7nsr_A	1vyg_A
7nsr_A	4i3b_A
7nsr_A	1crb_A
7nsr_A	5h8t_A
7nsr_A	2rct_A
7nsr_A	6mkv_B
7nsr_A	7ucv_A
7nsr_A	6mkv_D
7nsr_A	7ucv_B
7nsr_A	1eii_A
7nsr_A	1kqw_A
7nsr_A	4qzu_A
7nsr_A	6on5_A
7nsr_A	2mji_A
7nsr_A	3akm_A
7nsr_A	3akn_A
7nsr_A	1o1v_A
7nsr_A	1eio_A
7nsr_A	2lba_A
7nsr_A	5l8n_A
7nsr_A	3em0_A
7nsr_A	3em0_B
7nsr_A	3elz_B
7nsr_A	2lfo_A
7nsr_A	2ft9_A
7ntg_A	7ntg_A
7nvh_A	7nvh_A
7nvs_W	7nvs_W
7nwp_AAA	7nwp_AAA
7nwp_AAA	7nwn_AAA
7nx4_A	7nx4_A
7nz1_G	7nz1_G
7nz1_G	7awt_G
7nzp_AAA	7nzp_AAA
7nzp_AAA	2y0o_A
7nzp_AAA	7nzq_AAA
7o0e_G	7o0e_G
7o0e_G	6krn_A
7o0e_G	7n6o_A
7o0e_G	8idp_B
7o0e_G	8idp_A
7o0u_C	7o0u_C
7o0u_C	1dxr_A
7o0u_C	1prc_A
7o0u_C	2prc_A
7o0u_C	3prc_A
7o0u_C	5prc_A
7o0u_C	6prc_A
7o0u_C	1eys_A
7o0u_C	8wdu_C
7o0u_H1	7o0u_H1
3lya_A	3lya_A
3lya_A	3ly8_A
3mp5_B	3mp5_B
3mp5_B	3mp4_D
3mp5_B	1ydn_A
3mp5_B	2cw6_A
3mp5_B	3mp3_B
3mp5_B	3mp5_B
3mp5_B	6nds_A
3mu6_B	3mu6_B
3mu6_B	3mu6_A
6byy_C	6byy_C
6byy_C	6byy_B
3mvf_A	3mvf_A
3mvf_A	2ofm_X
3mvf_A	1ike_A
3mvf_A	1ike_A
3mvf_A	1ikj_A
3mvf_A	1ml7_A
3mvf_A	1ml7_A
3mvf_A	1np1_A
3mvf_A	1sy1_A
3mvf_A	1u0x_A
3mvf_A	1u17_A
3mvf_A	2at5_X
3mvf_A	2np1_A
3mvf_A	3mvf_A
3mvf_A	4ge1_A
3mvf_A	4ge1_A
3mwg_B	3mwg_B
3mwg_B	3mwf_A
3mwg_B	3li2_A
3mwg_B	4fil_A
3mwg_B	4fil_A
3mwg_B	4fkm_B
3ne7_A	3ne7_A
3ne7_A	3fix_B
3ne7_A	3f0a_A
3ne7_A	3f0a_A
3ne7_A	3ne7_A
3nmi_C	3nmi_C
3nmi_C	8den_C
3nmi_C	3nmi_D
3nmi_C	1lm3_B
3nmi_C	2bc5_A
3nmi_C	3de8_A
3nmi_C	3fop_A
3nmi_C	3qvy_B
3nmi_C	3qw0_A
3nmi_C	3qw1_C
3nmi_C	6dy4_A
3nmi_C	6dy6_A
3nmi_C	6dyc_A
3nmi_C	6dyh_A
3nmi_C	6dyk_A
3nmi_C	6wz0_A
3nmi_C	7lrb_B
3nx2_A	3nx2_A
3nx2_A	3nx1_B
3nx2_A	3nx2_A
3nx2_A	3nx2_A
3nx2_A	4uu2_B
4jax_F	4jax_F
4jax_F	3o8m_A
4jax_F	3idh_A
4jax_F	4no7_A
4jax_F	3imx_A
4jax_F	3vey_A
4jax_F	6ksr_A
3ofj_A	3ofj_A
3ofj_A	3ofk_D
3ofj_A	3ofk_A
3oui_A	3oui_A
3oui_A	4kbz_A
3oui_A	8j1k_A
3oui_A	2y33_A
3oui_A	3ouj_A
3oui_A	4bqy_A
3oui_A	5lbb_A
3oui_A	5ox6_A
3oui_A	5v1b_A
3oui_A	7q5v_A
1vr6_A	1vr6_A
1vr6_A	3pg9_B
1vr6_A	3pg9_G
1vr6_A	1vr6_D
1vr6_A	1rzm_A
1vr6_A	3pg9_A
3pjq_A	3pjq_A
3pjq_A	1ms4_B
3pjq_A	1ms0_A
3pjq_A	1ms0_A
3pjq_A	1ms1_A
3pjq_A	1ms8_A
3pjq_A	1s0j_A
3pjq_A	3pjq_A
3pjq_A	2ags_A
3pjq_A	1n1t_A
3pjq_A	1n1t_A
3pjq_A	1n1v_A
3pjq_A	1n1y_A
3pjq_A	2a75_A
3rpn_A	3rpn_A
3rpn_A	3rpp_B
3rpn_A	3rpn_D
3rpn_A	3rpp_C
3rpn_A	1r4w_A
3rpn_A	1yzx_A
3rpn_A	3rpn_A
3rpn_A	3rpn_B
3rpn_A	3rpn_A
1eyy_A	1eyy_A
1f0o_A	1f0o_A
1f0o_A	1h56_A
1f0x_A	1f0x_A
1f0x_A	1f0x_A
1f2o_A	1f2o_A
1f2o_A	1f2p_A
1f2o_A	1qq9_A
1f2o_A	1tf8_A
1f2o_A	1tf9_A
1f2o_A	1tkf_A
1f2o_A	1tkh_A
1f2o_A	1tkj_A
1f2o_A	1xjo_A
1f2u_A	1f2u_A
1f2u_A	1f2u_C
1f2u_A	1f2u_A
1f2u_D	1f2u_D
1f2u_D	1f2u_B
1f31_A	1f31_A
1f31_A	1g9a_A
1f31_A	1g9a_A
1f31_A	1g9b_A
1f31_A	1g9c_A
1f31_A	1g9d_A
1f31_A	1i1e_A
1f31_A	2np0_A
1f31_A	5n0c_A
1f35_A	1f35_A
1f3h_A	1f3h_A
1f3h_A	3ued_C
1f42_A	1f42_A
1f42_A	5mzv_A
1f42_A	1n26_A
1f4n_A	1f4n_A
1f56_A	1f56_A
1f56_A	1jer_A
1f5s_A	1f5s_A
1f5s_A	1l7n_B
1f5s_A	1l7o_B
1f5s_A	1l7p_B
1f5s_A	1rkv_A
1f5s_A	1rku_A
1f5s_A	4ap9_A
1f5t_A	1f5t_A
1f5t_A	2dtr_A
1f7p_A	1f7p_A
1f7p_A	1f7p_B
1f7p_A	1f7p_C
1f7p_A	1f7q_A
1f7p_A	1f7q_B
1f7p_A	1f7q_C
1f7p_A	1f7r_A
1f8f_A	1f8f_A
1f8f_A	1cdo_B
1f8f_A	8h2b_D
1f8f_A	1agn_A
1f8f_A	1agn_A
1f8f_A	1d1s_A
1f8f_A	1d1s_B
1f8f_A	1d1s_C
1f8f_A	1d1s_D
1f8f_A	1d1t_A
1f8f_A	1d1t_B
1f8f_A	1d1t_C
1f8f_A	1d1t_D
1f8f_A	1a71_A
1f8f_A	1a71_B
1f8f_A	1a71_A
1f8f_A	1adf_A
1f8f_A	1axe_A
1f8f_A	1axe_B
1f8f_A	1axg_A
1f8f_A	1axg_B
1f8f_A	1deh_A
1f8f_A	1deh_B
1f8f_A	1deh_A
1f8f_A	1ee2_A
1f8f_A	1hdx_A
1f8f_A	1hdx_B
1f8f_A	1hdx_B
1f8f_A	1hdz_B
1f8f_A	1het_A
1f8f_A	1het_B
1f8f_A	1heu_A
1f8f_A	1heu_B
1f8f_A	1hf3_A
1f8f_A	1hf3_B
1f8f_A	1hld_A
1f8f_A	1hld_B
1f8f_A	1hso_A
1f8f_A	1hsz_A
1f8f_A	1hsz_B
1f8f_A	1ht0_A
1f8f_A	1htb_A
1f8f_A	1htb_B
1f8f_A	1ju9_A
1f8f_A	1ju9_B
1f8f_A	1lde_A
1f8f_A	1m6w_A
1f8f_A	1m6w_B
1f8f_A	1m6w_A
1f8f_A	1ma0_A
1f8f_A	1mc5_A
1f8f_A	1mg0_A
1f8f_A	1mg0_B
1f8f_A	1mgo_A
1f8f_A	1mgo_B
1f8f_A	1mp0_A
1f8f_A	1mp0_B
1f8f_A	1n8k_A
1f8f_A	1n92_A
1f8f_A	1n92_B
1f8f_A	1p1r_A
1f8f_A	1p1r_B
1f8f_A	1qlh_A
1f8f_A	2fze_A
1f8f_A	2jhf_A
1f8f_A	2ohx_A
1f8f_A	2ohx_B
1f8f_A	2oxi_A
1f8f_A	2oxi_B
1f8f_A	2oxi_A
1f8f_A	3qj5_B
1f8f_A	5adh_A
1f8f_A	5vj5_A
1f8f_A	5vjg_A
1f8f_A	6cxx_A
1f8f_A	8eiw_A
1f8f_A	1e3e_A
1f8f_A	1e3e_B
1f8f_A	1e3i_A
1f8f_A	1e3i_B
1f8f_A	1e3l_A
1f8f_A	1p0f_A
1f8f_A	1p0f_B
1f8f_A	1r37_A
1f8f_A	1r37_A
1f8f_A	2eer_A
1f8f_A	2eer_B
1f8f_A	3cos_A
1f8f_A	3cos_B
1f8f_A	4dlb_A
1f8f_A	4dlb_B
1f8f_A	4gl4_A
1f8f_A	4gl4_B
1f8f_A	4rqu_A
1f8f_A	4rqu_B
1f8f_A	8con_A
1f8f_A	7vb3_B
1f8f_A	7vb5_B
1f8f_A	1h2b_B
1f8f_A	1h2b_B
1f8f_A	3jv7_D
1f8f_A	3jv7_A
1f8f_A	5o9d_A
1f8f_A	1llu_A
1f8f_A	3meq_A
1f8f_A	3pii_B
1f8f_A	3pii_C
1f8f_A	3pii_A
1f8f_A	3s2f_A
1f8f_A	3s2f_E
1f8f_A	4gkv_D
1f8f_A	4gkv_A
1f8f_A	4w6z_A
1f8f_A	4w6z_B
1f8f_A	4w6z_A
1f8f_A	1vj0_A
1f8f_A	2h6e_A
1f8f_A	3wle_A
1f8f_A	3wle_D
1f8f_A	3wlf_A
1f8f_A	4c4o_A
1f8f_A	4c4o_B
1f8f_A	7quy_A
1f8f_A	2ejv_B
1f8f_A	2ejv_A
1f8f_A	2d8a_A
1f8f_A	2vwg_A
1f8f_A	2b5w_A
1f8f_A	2vwg_A
1f8f_A	2vwp_A
1f8f_A	3gfb_D
1f8f_A	3gfb_C
1f8f_A	4jbh_A
1f8f_A	4jbi_A
1f8f_A	4jbi_B
1f8f_A	4jbi_C
1f8f_A	5kia_A
1f8f_A	1e3j_A
1f8f_A	3qe3_A
1f8f_A	1pl8_A
1f8f_A	3m6i_A
1f8f_A	3m6i_A
1f8f_A	5vm2_A
1f8f_A	5yln_A
1f8f_A	6dkh_C
1f8f_A	4cpd_B
1f8f_A	4cpd_A
1f8f_A	4ejm_A
1f8f_A	4ejm_A
1f8f_A	4uej_A
1f8f_A	4ilk_A
1f8f_A	4oh1_A
1f8i_A	1f8i_A
1f8i_A	1f8i_B
1f8i_A	1f8i_C
1f8i_A	1f8i_D
1f8i_A	6c4a_A
1f8i_A	6vb9_A
1f8i_A	6xpp_D
1f8i_A	5e9h_A
1f8i_A	5e9g_B
1f8i_A	6g1o_A
1f8y_B	1f8y_B
1f8y_B	1f8y_A
1f8y_B	1s2d_B
1f8y_B	1s2l_C
1f8y_B	1s2d_B
1f8y_B	1s2g_B
1f8y_B	1s2i_B
1f8y_B	1s3f_A
1f99_A	1f99_A
1f99_A	1f99_C
1f99_A	1f99_E
1f99_A	1i7y_A
1f99_A	1ktp_A
1f99_A	1phn_A
1f99_A	6yyj_A
1f99_A	1b8d_A
1f99_A	1b8d_D
1f99_A	1eyx_A
1f99_A	1eyx_E
1f99_A	7ap5_MMM
1f9a_A	1f9a_A
1f9a_A	1f9a_A
1f9a_A	1m8k_A
1f9a_A	1ej2_A
1f9a_A	1ej2_A
1f9a_A	1hyb_A
1f9a_A	1hyb_A
1f9a_A	1m8f_A
1f9a_A	1m8g_A
1f9a_A	1m8j_A
1f9a_A	4yp5_B
1fa9_A	1fa9_A
1fa9_A	1nok_A
1fa9_A	1axr_A
1fa9_A	1c50_A
1fa9_A	1c8k_A
1fa9_A	1c8k_A
1fa9_A	1exv_A
1fa9_A	1exv_B
1fa9_A	1fc0_A
1fa9_A	1fc0_B
1fa9_A	1fs4_A
1fa9_A	1ftq_A
1fa9_A	1ftw_A
1fa9_A	1fty_A
1fa9_A	1fu4_A
1fa9_A	1fu7_A
1fa9_A	1fu8_A
1fa9_A	1ggn_A
1fa9_A	1gpb_A
1fa9_A	1gpy_A
1fa9_A	1hlf_A
1fa9_A	1l5q_A
1fa9_A	1l5q_B
1fa9_A	1l5r_A
1fa9_A	1l5r_B
1fa9_A	1l5r_A
1fa9_A	1l5s_A
1fa9_A	1l5s_B
1fa9_A	1l5s_A
1fa9_A	1l7x_A
1fa9_A	1l7x_B
1fa9_A	1noj_A
1fa9_A	1noj_A
1fa9_A	1nok_A
1fa9_A	2amv_A
1fa9_A	2pri_A
1fa9_A	2prj_A
1fa9_A	2ske_A
1fa9_A	3gpb_A
1fa9_A	4gpb_A
1fa9_A	5gpb_A
1fa9_A	5gpb_A
1fa9_A	8gpb_A
1fa9_A	1abb_A
1fa9_A	1bx3_A
1fa9_A	1em6_B
1fa9_A	1em6_A
1fa9_A	1gfz_A
1fa9_A	1h5u_A
1fa9_A	1xkx_A
1fa9_A	1k06_A
1fa9_A	1p29_A
1fa9_A	1p2b_A
1fa9_A	1p2d_A
1fa9_A	1p2g_A
1fa9_A	1uzu_A
1fa9_A	2g9q_A
1fa9_A	2g9v_A
1fa9_A	3ebo_A
1fa9_A	4eke_A
1fa9_A	4mra_A
1fa9_A	4yua_A
1fa9_A	4z5x_A
1fa9_A	8bzs_A
1fa9_A	1k08_A
1fa9_A	1kti_A
1fa9_A	1l5v_A
1fa9_A	1l5v_B
1fa9_A	1l5w_A
1fa9_A	1l5w_B
1fa9_A	1l6i_A
1fa9_A	1l6i_B
1fa9_A	1qm5_A
1fa9_A	1qm5_A
1fa9_A	2asv_A
1fa9_A	2av6_A
1fa9_A	2azd_A
1fa9_A	2ecp_A
1fa9_A	1lwo_A
1fa9_A	1lwn_A
1fa9_A	1z8d_A
1fa9_A	2gm9_A
1fa9_A	2gpa_A
1fa9_A	1e1y_A
1fa9_A	3amv_A
1fa9_A	1c8l_A
1fa9_A	3bcr_A
1fa9_A	7q5i_AAA
1fa9_A	1ygp_A
1fa9_A	5lrb_B
1fa9_A	5lra_A
1fap_B	1fap_B
1fap_B	1nsg_B
1fap_B	2fap_B
1fap_B	3fap_B
1fap_B	8er6_B
1fap_B	8ppz_B
1fbm_A	1fbm_A
1fbm_A	1fbm_B
1fbm_A	1fbm_C
1fbm_A	1fbm_D
1fbm_A	1fbm_E
1fbm_A	1fbm_A
1fbm_A	1mz9_A
1fbm_A	1mz9_B
1fbm_A	1mz9_C
1fbm_A	1mz9_D
1fbm_A	1mz9_E
1fbm_A	1mz9_A
1fcb_A	1fcb_A
1fcb_A	1kbi_A
1fcd_A	1fcd_A
1fcd_C	1fcd_C
1fcv_A	1fcv_A
1lbm_A	1lbm_A
1lbm_A	1lbm_A
1lbu_A	1lbu_A
1lbx_A	1lbx_A
1lbx_A	1lby_A
1lbx_A	1lby_B
1lbx_A	1lby_A
1lbx_A	1lbz_A
1lbx_A	1lbz_B
1lbx_A	1lbz_A
1lbx_A	6b5z_A
1lbx_A	6b60_A
1lbx_A	1dk4_A
1lbx_A	1g0h_A
1lbx_A	1g0h_B
1lbx_A	1g0h_A
1lbx_A	1g0i_A
1lbx_A	1g0i_B
1lbx_A	1g0i_A
1lc3_A	1lc3_A
1lc3_A	1lc3_A
1lc3_A	2h63_A
1lc3_A	2h63_D
1lc3_A	5b3v_A
1lc3_A	5b3u_B
1ld3_A	1ld3_A
1ld3_A	2q2o_A
1ld3_A	1ak1_A
1ld3_A	1c1h_A
1ld3_A	2hk6_A
1ld3_A	3m4z_A
1ld3_A	6sv3_A
1ld3_A	8omm_A
1ldj_B	1ldj_B
1lee_A	1lee_A
1lee_A	2igx_A
1lee_A	1pfz_C
1lee_A	1lf2_A
1lee_A	1m43_A
1lee_A	1xdh_A
1lee_A	2bju_A
1lee_A	7ve0_A
1lee_A	3qvi_C
1lee_A	3fns_A
1lee_A	3fnu_A
1lee_A	3fnu_A
1lee_A	3qvi_D
1lee_A	5ux4_B
1lee_A	2jxr_A
1lee_A	1dpj_A
1lee_A	1dp5_A
1lee_A	1fq5_A
1lee_A	3k1w_B
1lee_A	1hrn_A
1lee_A	1hrn_B
1lee_A	1rne_A
1lee_A	6xct_A
1lee_A	1psa_A
1lee_A	6xcy_A
1lee_A	3psg_A
1lee_A	1qrp_A
1lee_A	3pep_A
1lee_A	6xcz_A
1lee_A	6xd2_A
1lee_A	1yg9_A
1lf9_A	1lf9_A
1lgn_A	1lgn_A
1lgn_A	2w08_A
1lgn_A	4avs_A
1lgn_A	4avv_B
1lgn_A	1b09_A
1lgn_A	1b09_B
1lgn_A	1b09_C
1lgn_A	1b09_D
1lgn_A	1b09_E
1lgn_A	1b09_A
1lgn_A	3l2y_A
1lgn_A	3flt_A
1lgn_A	3flp_A
1lgn_A	4pbp_B
1lgp_A	1lgp_A
1lhc_B	1lhc_B
1lhc_B	1lhd_B
1lhc_B	1lhe_B
1lhc_B	1lhf_B
1lhc_B	1lhg_B
1li7_A	1li7_A
1li7_A	1u0b_B
1li7_A	3c8z_B
1li7_A	8hfn_A
1li7_A	3sp1_B
1lin_A	1lin_A
1lin_A	7pu9_A
1lin_A	5nin_B
1lin_A	1qiv_A
1lin_A	1qiw_A
1lin_A	1dtl_A
1lin_A	1tco_B
1lin_A	7u0t_A
1lin_A	2doq_C
1lin_A	4oci_A
1lin_A	1scm_B
1lin_A	3jtd_B
1lin_A	3akb_A
1lin_A	3i5g_C
1lml_A	1lml_A
1ln1_A	1ln1_A
1ln1_A	1ln1_A
1ln1_A	1ln3_A
1lnz_B	1lnz_B
1lnz_B	5m04_A
1lo7_A	1lo7_A
1lo7_A	1lo8_A
1lo7_A	1lo9_A
1lp1_B	1lp1_B
1lp1_B	6fgo_F
1lpb_A	1lpb_A
2amh_A	2amh_A
2anv_B	2anv_B
2anv_B	2anv_A
2aor_B	2aor_B
2aou_B	2aou_B
2aou_B	1jqd_A
2aou_B	1jqd_B
2aou_B	2aov_A
2aou_B	2aow_A
2apo_B	2apo_B
2arc_B	2arc_B
2arc_B	2aac_A
2arc_B	2arc_A
2arc_B	2arc_B
2arh_C	2arh_C
2arh_C	2arh_A
2art_A	2art_A
2art_A	2aru_A
2art_A	2aru_A
2asf_A	2asf_A
2asf_A	5jab_A
2ask_A	2ask_A
2ass_B	2ass_B
2ass_C	2ass_C
2ass_C	1dkt_A
2atz_A	2atz_A
2au3_A	2au3_A
2avu_E	2avu_E
2avx_A	2avx_A
2axt_K	2axt_K
2axt_K	4il6_k
2axt_K	6dhe_k
2axt_j	2axt_j
2axt_j	5b5e_j
2az4_B	2az4_B
2azn_A	2azn_A
2azn_A	2azn_A
2c9p_A	2c9p_A
2cak_A	2cak_A
2cak_A	1gy2_A
2cb8_A	2cb8_A
2cb8_A	2cb8_A
2cb8_A	3fp5_A
2cb8_A	3epy_B
2cb8_A	3epy_A
2cb8_A	2wh5_A
2cb8_A	1hbk_A
2cb8_A	1hbk_A
2cb8_A	7fc7_A
2cc8_A	2cc8_A
2cci_C	2cci_C
2ccm_A	2ccm_A
2ccm_A	7wbo_A
2ccy_A	2ccy_A
2cdo_A	2cdo_A
2cdq_A	2cdq_A
2cdq_A	2cdq_B
2cdq_A	2cdq_A
2cdq_A	3c1m_C
2cdq_A	2hmf_A
2cdq_A	3c1m_D
2cdq_A	3tvi_B
2ce0_A	2ce0_A
2ce0_A	2dge_A
2cfz_A	2cfz_A
2cfz_A	2yhe_A
2cgj_A	2cgj_A
2cgj_A	2cgl_A
2cgj_A	2uyt_A
2ch6_A	2ch6_A
2ch6_A	2ch6_A
2ch9_A	2ch9_A
2cha_A	2cha_A
2cha_A	2cha_D
2cha_A	6cha_A
2cha_A	6cha_D
2chh_A	2chh_A
2chh_A	1gzt_A
2chh_A	1ovp_A
2chh_A	1oxc_A
2chh_A	2bp6_A
2chh_A	2jdm_B
2chh_A	3zdv_A
2chh_A	5d2a_A
2chh_A	5nf0_C
2chh_A	2wr9_D
2chh_A	2vnv_B
2cic_A	2cic_A
2cir_A	2cir_A
2cir_A	2ciq_A
2cir_A	2cis_A
2cja_B	2cja_B
2cja_B	2cj9_B
2cja_B	2cjb_B
2cjs_C	2cjs_C
2cki_A	2cki_A
2cki_A	2j83_A
2cki_A	2j83_B
2cki_A	2j83_A
2cki_A	8cd8_A
2cn3_A	2cn3_A
2cn3_A	2ebs_B
2cn3_A	6p2n_A
2cn3_A	5fks_A
2cns_A	2cns_A
2cnw_D	2cnw_D
2cnw_D	6cy5_B
2cnw_D	6cy5_A
2cnw_D	6cy1_A
2cnw_D	5l3r_B
2cnw_D	6cvd_B
2cnw_D	6fqd_A
2cnw_D	6n5j_B
2cnw_D	6n6n_B
2cnw_D	7o9h_B
2cnw_D	1jpn_A
2cnw_D	2cnw_A
2cnw_D	1ffh_A
2cnw_D	1jpj_A
2cnw_D	1ls1_A
2cnw_D	1ng1_A
2cnw_D	4c7o_C
2cnw_D	7o9f_B
2cnw_D	5l3r_A
2cnw_D	5l3s_A
2cnw_D	5l3s_G
2cnw_D	5l3s_B
2csg_A	2csg_A
2csg_A	6akz_A
2csg_A	7twe_A
2csg_A	7twc_A
2csm_A	2csm_A
2csm_A	3csm_A
2csm_A	7rj1_A
2csm_A	4ppv_A
2cul_A	2cul_A
2cul_A	2cul_A
2cut_A	2cut_A
2cut_A	1xzc_A
2cut_A	1cuz_A
2cut_A	1oxm_A
2cut_A	1oxm_A
2cut_A	1xzc_A
2cut_A	1xzc_A
2cut_A	1xzk_A
2cut_A	1xzl_A
2cut_A	1xzl_A
2cut_A	1xzm_A
2cvj_A	2cvj_A
2cw9_A	2cw9_A
2cws_A	2cws_A
2cws_A	2zaa_A
2cww_B	2cww_B
2cww_B	2cww_A
2cww_B	4dmg_A
2cww_B	4dmg_A
2cy2_A	2cy2_A
2cy2_A	2cy2_A
2cy5_A	2cy5_A
2cye_B	2cye_B
2cye_B	2cye_A
2cye_B	2cye_C
2cye_B	2oiw_A
2cye_B	5byu_A
2cye_B	5byu_B
2cye_B	5byu_A
2cz6_B	2cz6_B
2cz6_B	2cz1_B
2cz6_B	3a8g_B
2cz6_B	4ob0_B
2czc_D	2czc_D
2czc_D	2czc_A
2czc_D	1cf2_A
2czc_D	2yyy_A
2czc_D	2yyy_B
2j0b_A	2j0b_A
2j0j_A	2j0j_A
2j17_B	2j17_B
2j1s_A	2j1s_A
2j1s_A	4gwi_A
2j3m_B	2j3m_B
2j3m_B	2j3l_B
2j3m_B	5znk_A
2j3m_B	5znj_A
2j41_B	2j41_B
2j41_B	2j41_D
2j41_B	4qrh_B
2j44_A	2j44_A
2j4x_A	2j4x_A
2j56_M	2j56_M
2j56_M	1mae_L
2j56_M	2i0s_D
2j56_M	2agw_H
2j56_M	2agx_H
2j56_M	2agz_H
2j56_M	2hj4_H
2j56_M	2hjb_H
2j56_M	2hkm_H
2j56_M	2hkr_D
2j56_M	2hkr_H
2j56_M	2hxc_D
2j56_M	2i0t_H
2j56_M	2oiz_H
2j56_M	2q7q_H
2j5s_A	2j5s_A
2j5v_A	2j5v_A
2j5v_A	2j5t_D
2j5v_A	2j5v_B
2j5w_A	2j5w_A
2j6c_A	2j6c_A
2j6u_A	2j6u_A
2j6u_A	2ibk_A
2j6u_A	4tqr_A
2j6u_A	1jx4_A
2j6u_A	1n48_A
2j6u_A	2ago_A
2j6u_A	2bqu_A
2j6u_A	2br0_A
2j6u_A	2ia6_B
2j6u_A	2imw_P
2j6u_A	2rdj_A
2j6u_A	3khh_A
2j6u_A	3m9m_B
2j6u_A	3pw2_A
2j6u_A	3pw4_A
2j6u_A	4gc6_A
2j6u_A	4gc7_A
2j6u_A	4qwb_A
2j6u_A	4tqs_B
2j6u_A	3g6x_A
2j6u_A	4nlg_A
2j6u_A	3bq1_A
2j6u_A	4ir1_A
2j6u_A	4ir9_A
2j6u_A	5c5j_A
2j6u_A	5yv0_F
2j6v_A	2j6v_A
2j6v_A	3tc3_B
2j72_B	2j72_B
2j7m_A	2j7m_A
2j7m_A	2v72_A
2j7m_A	6oe2_A
2j7m_A	3ggl_A
2j7m_A	7blg_A
2j7q_A	2j7q_A
2j9l_D	2j9l_D
2j9l_D	2j9l_C
2j9u_B	2j9u_B
2jam_B	2jam_B
6dzx_E	6dzx_E
6dzx_E	1p99_A
6dzx_E	6jf1_A
6e0a_B	6e0a_B
6e0n_A	6e0n_A
6e0n_A	6e0l_A
6e0n_A	7x4t_A
6e0n_A	7x4p_A
6e0w_A	6e0w_A
6e12_B	6e12_B
6e5f_A	6e5f_A
6e7k_A	6e7k_A
6e7k_A	2oxe_B
6e7k_A	1eth_A
6e7k_A	1hpl_A
6e7k_A	1lpb_B
6e85_A	6e85_A
6e85_A	4jqp_A
6e85_A	6xmy_A
6e85_A	1ptm_A
6e85_A	1r8k_A
6e85_A	3lxy_A
6e8i_A	6e8i_A
6e9n_A	6e9n_A
6e9n_A	7t3n_A
6eah_C	6eah_C
6eah_C	8phi_F
6ec0_B	6ec0_B
6eci_P	6eci_P
6ecx_A	6ecx_A
6ecx_A	6hp2_A
6edz_A	6edz_A
6edz_A	6edw_B
6ef6_A	6ef6_A
6efn_A	6efn_A
6efx_A	6efx_A
6eg1_C	6eg1_C
6eg7_A	6eg7_A
6eg7_A	6m9g_A
6ehf_A	6ehf_A
6ehf_A	6ehd_A
6ei1_A	6ei1_A
6ei1_A	7oje_A
6ej7_A	6ej7_A
6eji_A	6eji_A
6eji_A	6ejj_A
6eji_A	5n80_A
6ejx_A	6ejx_A
6ejx_A	1qyy_A
6ejx_A	5uf4_A
6ejx_A	5uf1_A
6ejx_A	7r86_B
6ekc_B1	6ekc_B1
6eko_A	6eko_A
6el2_A	6el2_A
6el2_A	3q0u_A
6el2_A	6r1p_A
6el2_A	5nz1_G
6el2_A	5mxk_A
6elv_A	6elv_A
6emf_B	6emf_B
6emn_A	6emn_A
6emn_A	5o2j_A
6emn_A	5o37_A
6emn_A	5lq1_A
6emn_A	5lv1_A
6emv_A	6emv_A
6emv_A	6emu_A
6en3_A	6en3_A
6eom_A	6eom_A
6eom_A	5zum_B
6eon_A	6eon_A
6eop_A	6eop_A
6eop_A	7svm_C
6ep2_K	6ep2_K
6ep2_K	2f6s_A
6ep2_K	3s6a_A
6ep2_K	3s6a_A
6ep2_K	6ep0_A
6ep2_K	6ep0_B
6eph_B	6eph_B
6eq0_A	6eq0_A
6eq0_A	6epz_C
6eq0_A	6eq1_B
6eq0_A	6eq8_A
6eq0_A	7veu_A
6eq0_A	7vev_A
6eq0_A	7vew_A
6er4_A	6er4_A
6er4_A	5fre_A
6er4_A	5fra_A
6et3_A	6et3_A
6et3_A	3h78_B
6et3_B	6et3_B
6euh_A	6euh_A
6euh_A	6eug_A
6evk_C	6evk_C
6evk_C	8bek_C
6exf_C	6exf_C
6exf_C	6euo_C
6exf_C	6eur_C
6exf_C	6f9p_A
6ey7_B	6ey7_B
6ey7_B	3n4p_B
6eza_A	6eza_A
6eza_A	4xp7_A
6f2a_C	6f2a_C
6f2a_C	6alr_A
6f2a_C	7y5f_B
6f2a_C	7y5p_B
6f2a_C	7yw9_A
6f2a_C	4m23_B
6f2a_C	4m25_A
6f2a_C	4m2f_C
6f2a_C	4ne0_A
6f2a_C	1dry_A
6f2a_C	1drt_A
6f2a_C	1ds1_A
6f2a_C	1gvg_A
6f2a_C	1gvg_A
6f2a_C	6vwr_A
6f2a_C	6daw_A
6f2p_A	6f2p_A
6f32_A	6f32_A
6f33_B	6f33_B
6f33_B	4b56_A
6f33_B	6aek_A
6f33_B	6ael_A
6f33_B	6weu_AbA
6f33_B	6wfj_AcA
6f33_B	6f2y_A
6f33_B	6f30_B
6f33_B	7cba_A
6f33_B	5s9m_A
6f33_B	3nkm_A
6f33_B	3nkn_A
6f33_B	3nko_A
6f33_B	3wav_A
6f33_B	4zga_A
6f33_B	6w35_A
6f33_B	7p4j_A
6f33_B	6c02_A
6f33_B	6c01_A
6f3h_B	6f3h_B
6f45_B	6f45_B
6f4n_B	6f4n_B
6f4n_B	7dyt_A
6f4n_B	6f4m_A
6f4n_B	4gjy_A
6f4n_B	5fbj_A
6f4n_B	6ax3_A
6f5z_B	6f5z_B
6f65_A	6f65_A
6f65_A	4hr4_A
6f65_A	7qbp_A
6f72_A	6f72_A
6f72_A	6f74_A
6f7k_B	6f7k_B
6f92_A	6f92_A
6f92_A	2ww3_D
6f92_A	2wvz_B
6f92_A	2ww0_D
6f92_A	7fe2_A
6f92_A	6dwo_A
6f92_A	4aq0_B
6f92_A	2xsg_A
6f9g_D	6f9g_D
6f9g_D	6fu4_A
6f9g_D	6d8v_A
6f9g_D	7prq_B
6f9g_D	7prr_A
6f9g_D	7prr_B
6f9k_A	6f9k_A
6f9k_A	1jhg_A
6f9k_A	3ssx_R
6f9k_A	1zt9_A
6f9k_A	6enn_B
6f9k_A	6f7f_D
6f9k_A	6st7_A
6fat_B	6fat_B
6fat_B	6fat_A
6fat_B	7k4o_A
6fat_B	6qz4_A
6fat_B	6jtt_A
6fat_B	6jtt_B
6fat_B	6qg9_A
6fat_B	6qga_D
6fbz_A	6fbz_A
6fbz_A	6fc2_C
6fbz_A	6fc1_A
6fbz_A	2idv_A
6fbz_A	3hxi_A
6fbz_A	3hxg_A
6fbz_A	4b6u_A
6fbz_A	5abx_A
6fbz_A	1ej1_B
6fbz_A	1ej1_A
6fbz_A	1ej4_A
6fbz_A	1ejh_A
6fbz_A	1l8b_A
6fbz_A	2w97_B
6fbz_A	4aza_A
6fbz_A	4aza_B
6fbz_A	2jgb_A
6fbz_A	2jgb_A
6fc3_B	6fc3_B
6fd2_A	6fd2_A
6fdm_A	6fdm_A
6fdm_A	4gyi_A
6fdm_A	4gyi_A
6fdq_B	6fdq_B
6fdq_B	6gzs_A
6fdq_B	6gzt_A
6fgc_A	6fgc_A
6fgc_A	5ert_A
6fgc_A	6gbc_A
6fgc_A	6eth_A
6fh3_A	6fh3_A
6fh3_A	6fh2_A
6fh4_C	6fh4_C
6fhg_A	6fhg_A
6fhg_A	1sk4_A
6fhg_A	2eax_C
6fhg_A	2xz4_A
6fhg_A	3qv4_C
6fhg_A	3cg9_A
6fhg_A	3ng4_C
6fhg_A	3nw3_D
6fhg_A	3o4k_A
6fhg_A	3ogx_A
6fhg_A	3ogx_C
6fhg_A	3rt4_C
6fhg_A	3t39_D
6fhg_A	3usx_B
6fhg_A	4fnn_A
6fhg_A	5e0b_C
6fhg_A	6a89_A
6fhg_A	6a89_B
6fhg_A	7dy5_C
6fhg_A	7xu8_A
6fhg_A	2cb3_C
6fhg_A	2cb3_A
6fhg_A	2cb3_B
6fhg_A	2cb3_C
6fi0_C	6fi0_C
6fi0_C	6fhq_A
6fi8_G	6fi8_G
6fi8_G	2vic_A
6fi8_G	2xqc_D
6fi8_G	2xo6_A
6fig_A	6fig_A
6fj1_A	6fj1_A
6fja_A	6fja_A
6fja_A	3ziy_A
6fja_A	5obo_A
6fl2_B	6fl2_B
6fl2_B	7o9j_B
6fl2_B	7o9l_A
6fl2_B	7odz_A
6fl2_B	8ohy_A
6fl2_B	7qze_B
6fl2_B	3qns_A
6fm3_A	6fm3_A
6fm3_A	6tnh_A
6fm3_A	6fko_A
6fm3_A	6rm2_A
6fm3_A	6tnh_B
6fm3_A	7odx_A
6fnd_A	6fnd_A
6foq_A	6foq_A
6foq_A	3w8z_A
6foq_A	5l6g_A
6foq_A	5l6f_A
6foq_A	3tsh_A
6foq_A	3d2j_A
6foq_A	3fw9_A
6foq_A	4ec3_A
6foq_A	5d79_A
6foq_A	6yji_A
6foq_A	5awv_A
6foq_A	2axr_A
6foq_A	1zr6_A
6foq_A	2y3s_B
6foq_A	2y08_B
6foq_A	3pqb_A
6fp5_B	6fp5_B
6fpy_A	6fpy_A
6fqb_E	6fqb_E
6fs8_B	6fs8_B
6fs8_B	4ln7_A
6fs8_B	4zi0_A
6fs8_B	5jht_A
6fs8_B	3hw5_A
6fs8_B	4avl_D
6fs8_B	4awh_A
6fs8_B	4e5g_A
6fs8_B	4e5h_D
6fs8_B	4e5l_C
6fs8_B	4m5r_A
6fs8_B	4m5v_A
6fs8_B	5cxr_A
6fs8_B	5fdg_A
6fs8_B	6ya5_A
6fs8_B	7kl3_A
6fs8_B	7ml8_A
6fs8_B	4awf_A
6fs8_B	4awm_A
6fs8_B	4awm_A
6fs8_B	7m0n_C
6fsi_A	6fsi_A
6fsi_A	6fsg_A
6fsi_A	1fla_A
6fsi_A	1fld_A
6fsi_A	1fln_A
6fsi_A	1fvx_A
6fsi_A	2fax_A
6fsi_A	2fdx_A
6fsi_A	2flv_A
6fsi_A	2fvx_A
6fsi_A	3nll_A
6fsi_A	4nll_A
6fsi_A	5nll_A
6fsi_A	5nul_A
6fsi_A	5ull_A
6fsi_A	6nul_A
6fsi_A	3kap_A
6fsi_A	3f6r_A
6fsi_A	1akq_A
6fsi_A	1akr_A
6fsi_A	1akt_A
6fsi_A	1aku_A
6fsi_A	1akv_A
6fsi_A	1akw_A
6fsi_A	1azl_A
6fsi_A	1bu5_A
6fsi_A	1bu5_B
6fsi_A	1bu5_A
6fsi_A	1c7e_A
6fsi_A	1c7f_A
6fsi_A	1f4p_A
6fsi_A	1fx1_A
6fsi_A	1i1o_A
6fsi_A	1j8q_A
6fsi_A	1j9e_A
6fsi_A	1j9g_A
6fsi_A	2fx2_A
6fsi_A	4fx2_A
6fsi_A	5fx2_A
6fsi_A	5wid_A
6fue_A	6fue_A
6fv4_A	6fv4_A
6fv4_A	1pok_A
6fv4_A	1onx_A
6fv4_A	5xgx_A
6fv4_A	2vhl_B
6fv4_A	7nut_A
6fv4_A	3iv8_A
6fv4_A	6jku_A
6fvj_D	6fvj_D
6fw2_A	6fw2_A
6fw8_A	6fw8_A
6fw8_A	5g3t_A
6fw8_A	5g3t_C
6fw8_A	5zbd_A
6fw8_A	6fw9_A
6fws_A	6fws_A
6fws_A	6fwr_A
6fws_A	7ml0_0
6fwv_A	6fwv_A
6fx1_I	6fx1_I
6fx1_I	6a86_A
6fx1_I	6eke_B
6fx1_I	6fx1_A
6fx1_I	6fx2_B
6fx1_I	6fx3_B
6fxq_D	6fxq_D
6fxq_D	6fxj_A
6fz6_A	6fz6_A
6fz6_A	5hr7_A
6fz6_A	3rfa_A
6fz6_A	3rfa_B
6fz6_A	5hr6_B
6fze_A	6fze_A
6fzt_A	6fzt_A
6g0c_A	6g0c_A
6g0z_A	6g0z_A
6g0z_A	6g14_B
6g0z_A	6g15_B
6g1b_J	6g1b_J
6g1b_J	6g4r_B
6g1i_A	6g1i_A
6g1i_A	6g1g_A
6g55_A	6g55_A
6g55_A	6h5k_A
6g7d_A	6g7d_A
6g7d_A	6g7d_A
6g7d_A	6g80_B
6g7o_A	6g7o_A
6g8h_BBB	6g8h_BBB
6g8h_BBB	6g8g_A
6g8h_BBB	6g8h_CCC
6g94_A	6g94_A
6g9w_B	6g9w_B
6g9w_B	6g9v_B
6g9w_B	6tn3_A
6g9w_B	1jv1_A
6g9w_B	1jv1_B
6g9w_B	1jv1_A
6g9w_B	1jv3_A
6g9w_B	1jv3_B
6g9w_B	1jv3_A
6g9w_B	1jvd_B
6g9w_B	1jvg_A
6g9w_B	1jvg_B
6g9w_B	2yqc_A
6g9w_B	2yqh_A
6g9w_B	2yqs_A
6g9w_B	4bqh_A
6gcn_B	6gcn_B
6gcn_B	3kds_A
6gcn_B	4ww0_B
6gcn_B	4ww0_C
6gcn_B	6nyy_C
6gcv_A	6gcv_A
6gf7_A	6gf7_A
6gfb_B	6gfb_B
6gfm_A	6gfm_A
6gfo_E	6gfo_E
6gg2_A	6gg2_A
6ggo_A	6ggo_A
6gh3_A	6gh3_A
6gh3_A	6gh2_A
6ghc_B	6ghc_B
6ghs_A	6ghs_A
6gie_A	6gie_A
6gjt_E	6gjt_E
6gka_A	6gka_A
6gl6_A	6gl6_A
6gnc_A	6gnc_A
6gnc_A	1fl2_A
6gnc_A	3cty_A
6gnc_A	3cty_B
6gnc_A	4jnq_A
6gnc_A	2q0k_A
6gnc_A	3r9u_A
6gnc_A	1cl0_A
6gnc_A	1tde_A
6gnc_A	1trb_A
6gnc_A	2a87_A
6gnc_A	2a87_B
6gnc_A	8ccl_A
6gnc_A	2q7v_B
6gnc_A	2q7v_A
6gnc_A	2whd_B
6gnc_A	1vdc_A
6gnc_A	3f8r_B
6gnc_A	4a5l_B
6gnc_A	3itj_A
6gnc_A	4fk1_A
6gnc_A	4fk1_B
6gnc_A	4fk1_C
6gnc_A	4gcm_A
6gnc_A	4gcm_B
6gnc_A	5j60_B
6gnc_A	5j60_A
6gnk_C	6gnk_C
6go1_A	6go1_A
6goc_A	6goc_A
6gpz_A	6gpz_A
6gqf_A	6gqf_A
6grg_2	6grg_2
6grg_2	6gos_1
6grg_D	6grg_D
6gsg_A	6gsg_A
6gsg_A	4j3r_A
6gsg_A	6z1s_A
6gsj_BA	6gsj_BA
6gsz_A	6gsz_A
6gtp_A	6gtp_A
6gud_A	6gud_A
6gwf_A	6gwf_A
6gyu_B	6gyu_B
6gza_A	6gza_A
6gzu_A	6gzu_A
6h1d_A	6h1d_A
6h1d_A	6khs_A
6h1d_A	6kmr_B
6h1d_A	8cnc_A
6h20_A	6h20_A
6h20_A	6h1u_A
6h20_A	6h2t_A
6h21_C	6h21_C
6h21_C	6h4m_H
6h21_C	6h4m_P
6h21_C	5tze_C
6h2j_B	6h2j_B
6h2j_B	4beb_A
6h2j_B	4bec_A
6h3t_B	6h3t_B
6h4l_A	6h4l_A
6h5a_B	6h5a_B
6h5e_B	6h5e_B
6h6n_A	6h6n_A
6h9h_A	6h9h_A
6ha4_A	6ha4_A
6ha4_A	6hah_A
6ha4_A	6haj_A
6hat_B	6hat_B
6hbe_C	6hbe_C
6hcz_A	6hcz_A
6hf4_A	6hf4_A
6hf4_A	3wdr_A
6hft_A	6hft_A
6hfx_A	6hfx_A
6hfx_A	6he6_A
6hgs_A	6hgs_A
6hgs_A	6hgq_A
6hgs_A	1zn9_A
6hgs_A	6hgq_B
6hgs_A	1zn9_B
6hgs_A	6fd6_A
6hgs_A	6hgp_A
6hgs_A	6hgq_A
6hgs_A	6hgr_B
6hgs_A	1l1q_A
6hgs_A	1l1q_A
6hgs_A	1l1r_A
6hgs_A	1l1r_A
6hh9_B	6hh9_B
6hhb_A	6hhb_A
6hiu_A	6hiu_A
6hiu_A	6e0y_A
6hiu_A	6e0x_B
6hiu_A	6hih_A
6hiu_A	6hih_B
6hiu_A	7zps_A
6hk5_D	6hk5_D
6hk5_D	6hk5_B
6hk9_B	6hk9_B
6hl8_B	6hl8_B
6hl8_B	1jr7_A
6hl8_B	2r6s_A
6hm3_A	6hm3_A
6hmj_A	6hmj_A
6hni_A	6hni_A
6hni_A	3lft_A
6hni_A	3lkv_A
6hos_A	6hos_A
6hpd_A	6hpd_A
6hq5_A	6hq5_A
6hq5_A	6hq7_A
6hq8_A	6hq8_A
6hsa_A	6hsa_A
6hsa_A	6hs9_A
6hsa_A	1gtz_A
6hsa_A	1gtz_B
6hsa_A	1gtz_C
6hsa_A	1gtz_D
6hsa_A	1gtz_E
6hsa_A	1gtz_F
6hsa_A	1gtz_G
6hsa_A	1gtz_H
6hsa_A	1gtz_I
6hsa_A	1gtz_J
6hsa_A	1gtz_K
6hsa_A	1gtz_L
6hsa_A	1gtz_A
6hsa_A	1gu1_A
6hsa_A	1gu1_B
6hsa_A	1gu1_C
6hsa_A	1gu1_D
6hsa_A	1gu1_E
6hsa_A	1gu1_F
6hsa_A	1gu1_G
6hsa_A	1gu1_H
6hsa_A	1gu1_I
6hsa_A	1gu1_J
6hsa_A	1gu1_K
6hsa_A	1gu1_L
6hsa_A	1gu1_A
6hsa_A	2bt4_K
6hsa_A	2bt4_L
6hsa_A	5b6p_B
6hsa_A	8idr_C
6hsa_A	1h0s_A
6hsa_A	3n76_A
6hsa_A	2xda_A
6hsa_A	1j2y_A
6hse_A	6hse_A
6hse_A	6hsd_A
6htj_A	6htj_A
6hul_A	6hul_A
6hul_A	5tci_A
6hul_A	6dwe_A
6hul_A	6u6c_A
6hul_A	6u6c_E
6hul_A	6uap_C
6hul_A	6usa_A
6hul_A	1qop_A
6hul_A	1a5a_A
6hul_A	1a5b_A
6hul_A	1a5s_A
6hul_A	1beu_A
6hul_A	1bks_A
6hul_A	1c29_A
6hul_A	1c8v_A
6hul_A	1c9d_A
6hul_A	1cw2_A
6hul_A	1cx9_A
6hul_A	1fuy_A
6hul_A	1k7e_A
6hul_A	1k7e_A
6hul_A	1k7f_A
6hul_A	1k7f_A
6hul_A	1k7x_A
6hul_A	1k8x_A
6hul_A	1k8y_A
6hul_A	1k8z_A
6hul_A	1kfb_A
6hul_A	1kfc_A
6hul_A	1kfe_A
6hul_A	1qoq_A
6hul_A	1ttp_A
6hul_A	1ttq_A
6hul_A	1ubs_A
6hul_A	2rhg_A
6hul_A	2trs_A
6hul_A	2tsy_A
6hul_A	2tys_A
6hul_A	2wsy_A
6hul_A	6xin_A
6hus_A	6hus_A
6hus_A	6hur_A
6hw2_A	6hw2_A
6hw2_B	6hw2_B
6hwl_B	6hwl_B
6hwl_B	6hwj_A
6hwl_B	4u94_A
6hwl_B	4u98_A
6hwl_B	4wzy_A
6hwl_B	4wzy_A
6hwl_B	4o7p_B
6hxi_B	6hxi_B
6hxs_A	6hxs_A
6hxs_A	4f0d_A
6hxs_A	6hxr_A
6hxs_A	6hxs_C
6hzc_A	6hzc_A
6hzc_A	1p8j_G
6hzc_A	7o1u_A
6hzc_A	8b4v_A
6hzc_A	8b4w_A
6hzc_A	1r64_A
6hzf_A	6hzf_A
6hzg_A	6hzg_A
6hzg_A	6hze_A
6hzn_A	6hzn_A
6hzz_B	6hzz_B
6hzz_B	4pxq_A
6hzz_B	6i01_B
6hzz_B	6i02_B
6i0n_A	6i0n_A
6i0n_A	6i09_A
6i1j_A	6i1j_A
6i1k_A	6i1k_A
6i24_A	6i24_A
6i24_A	3ue6_A
6i24_A	5dkk_A
6i24_A	3sw1_B
6i24_A	5djt_A
6i24_A	2v1a_A
6i24_A	4hhd_A
6i28_A	6i28_A
7aoh_B	7aoh_B
7ar9_n	7ar9_n
2fco_A	2fco_A
2fdj_A	2fdj_A
2fdj_A	3khc_A
2fdj_A	3o1s_A
2fdj_A	3t3y_A
2fdj_A	3t4h_A
2fdj_A	4jht_A
2fdj_A	4rfr_B
2fdj_A	5xeg_A
2fdj_A	5xoi_A
2fea_A	2fea_A
2fg9_A	2fg9_A
2fgh_A	2fgh_A
2fgh_A	2fgh_B
2fhj_C	2fhj_C
2fhj_C	2fhj_D
2fhj_C	2fhj_A
2fit_A	2fit_A
2fit_A	2fhi_A
2fit_A	3fit_A
2fit_A	5fit_A
2fit_A	5fit_A
2fiw_A	2fiw_A
2fiw_A	2fiw_A
2fiy_A	2fiy_A
2fk2_A	2fk2_A
2fk2_A	2fk1_A
2flc_A	2flc_A
2flc_A	2fkc_A
2fli_C	2fli_C
2fli_C	1rpx_A
2fli_C	7b1w_F
2fli_C	3ctl_A
2fli_C	3ct7_A
2fli_C	3qc3_A
2fli_C	3ovp_B
2fli_C	3ovq_A
2fli_C	3ovr_A
2fmy_A	2fmy_A
2fn0_B	2fn0_B
2fn0_B	5jy9_B
2fn0_B	6za5_B
2fn0_B	3rv6_B
2fn0_B	3st6_C
2fn0_B	2g5f_A
2fn0_B	3log_B
2fn0_B	3rv8_A
2fpb_A	2fpb_A
2fpb_A	8wkl_G
2fpb_A	2fpc_A
2fpb_A	2vaq_A
2fpb_A	3v1s_A
2fpd_C	2fpd_C
2fpu_B	2fpu_B
2fq1_A	2fq1_A
2fr0_A	2fr0_A
2fr0_A	3mje_A
2fr0_A	5xww_A
2fr0_A	4imp_B
2fr0_A	4l4x_A
2fr0_A	4l4x_A
2frh_A	2frh_A
2fsn_B	2fsn_B
2fsn_B	2fsn_A
2ft0_A	2ft0_A
2ft0_A	2ft0_B
2fty_A	2fty_A
2fty_A	2fvk_A
2fty_A	2fvm_A
2fty_A	4kir_A
2fty_A	4cns_D
2fty_A	4h00_A
2fty_A	4gz7_A
2fty_A	4lcr_A
2fty_A	4lcs_A
2fty_A	6klk_A
2fty_A	7e3u_A
2fty_A	8wq9_A
2fuq_A	2fuq_A
2fuq_A	2fuq_B
2fuq_A	2fut_B
2fuq_A	2fut_A
2fuq_A	3e7j_A
2fuq_A	3e80_A
2fv2_C	2fv2_C
2fv2_C	4crv_B
2fw5_A	2fw5_A
2fxi_A	2fxi_A
2fxi_A	1rxe_A
2fxi_A	1lju_A
2fxi_A	1jf8_A
2fxi_A	1rxe_A
2fxi_A	1jl3_A
2fxi_A	8p5n_A
2fxv_A	2fxv_A
2fxv_A	1y0b_D
2fxv_A	2fxv_B
2fyf_A	2fyf_A
2fzs_B	2fzs_B
2fzs_B	2zl4_A
2fzs_B	2zl4_B
2fzs_B	8oll_A
2g02_A	2g02_A
2g0b_A	2g0b_A
2g0b_A	2g0b_B
2g0w_B	2g0w_B
2g0y_A	2g0y_A
2g1u_A	2g1u_A
2g29_A	2g29_A
2g29_A	2i4b_A
2g2z_A	2g2z_A
2g2z_A	2g2z_A
2g2z_A	6u0j_A
2g2z_A	2c2n_A
2g2z_A	3sbm_A
2g2z_A	3tqe_A
2g2z_A	5czc_A
2g2z_A	5czd_A
2g2z_A	8h6s_A
2g2z_A	8aw0_A
2g38_B	2g38_B
2g42_B	2g42_B
2g54_A	2g54_A
2g54_A	3tuv_A
2g54_A	1q2l_A
2g5g_X	2g5g_X
2g7c_B	2g7c_B
2g7f_A	2g7f_A
2g7f_A	1ouo_A
2g7f_A	1oup_A
2ga9_D	2ga9_D
2ga9_D	3er9_B
2ga9_D	3er9_B
2gb0_B	2gb0_B
2gb0_B	1el5_A
2gb0_B	1el5_A
2gb0_B	1el7_A
2gb0_B	1el8_A
2gb0_B	1el9_A
2gb0_B	1el9_A
2gb0_B	1eli_A
2gb0_B	1eli_A
2gb0_B	1l9c_A
2gb0_B	1l9d_A
2gb0_B	1l9e_A
2gb0_B	2gf3_A
2gb0_B	3m0o_A
2gb0_B	3qse_A
2gb0_B	3qsm_A
2gb0_B	4wct_A
2gb0_B	4wct_A
2gb0_B	4xwz_A
2gb0_B	2olo_A
2gb0_B	3hzl_A
2gb0_B	3axb_A
2gb0_B	3axb_A
2gb0_B	3dme_B
2gb0_B	3dme_A
2gb0_B	4x9m_A
2gb0_B	4x9m_A
2gb0_B	4rsl_A
2gbx_D	2gbx_D
2gcg_A	2gcg_A
2gcg_A	2gcg_B
2gcg_A	2gcg_A
2gcg_A	4e5k_A
2gcg_A	4e5k_A
2gcg_A	4e5p_A
2gcg_A	6ih8_C
2gcg_A	6ih6_A
2gcu_A	2gcu_A
2gcu_A	4ysl_A
2gcu_A	4ysk_A
2gcu_A	4efz_A
3gwo_A	3gwo_A
3gy9_A	3gy9_A
3gy9_A	3gy9_A
3gyb_A	3gyb_A
3gyb_A	3tb6_A
3gyb_A	4rk0_D
3gyb_A	1rzr_A
3gyb_A	1sxg_B
3gyb_A	2jcg_A
3gyb_A	2nzu_G
3gyb_A	2nzv_G
3gyg_A	3gyg_A
3gyr_A	3gyr_A
3gyr_A	3qqx_A
3gyr_A	3nsd_A
3gyr_A	6im7_A
3gyr_A	4yvn_A
3gyr_A	2x87_A
3gyr_A	1of0_A
3gyr_A	1w6w_A
3gyr_A	1w8e_A
3gyr_A	2bhf_A
3gyr_A	4q8b_B
3gyr_A	4yvn_A
3gyr_A	6iqy_A
3gyr_A	6i3j_A
3gyr_A	6i3l_A
3gyv_A	3gyv_A
3h0l_A	3h0l_A
3h0l_A	3h0l_B
3h0l_A	3h0r_B
3h0l_A	3h0r_E
3h0l_A	3h0r_H
3h0l_A	3ip4_B
3h0n_A	3h0n_A
3h1q_B	3h1q_B
3h1q_B	3h1q_A
3h2b_B	3h2b_B
3h2s_A	3h2s_A
3h2s_A	3h2s_B
3h2y_A	3h2y_A
3h2y_A	3ec1_A
3h2y_A	3ec1_A
3h31_A	3h31_A
3h36_A	3h36_A
3h41_A	3h41_A
3h4s_E	3h4s_E
3h50_A	3h50_A
3h5a_C	3h5a_C
3h5a_C	3h9j_A
3h5a_C	3h9j_B
3h5a_C	3h9j_C
3h5a_C	6om4_A
3h5a_C	6om4_B
3h6g_B	3h6g_B
3h6g_B	3qem_A
3h6g_B	5ewj_A
3h6g_B	8g18_A
3h6g_B	5kc8_A
3h6i_A	3h6i_A
3h6i_A	3h6i_B
3h6i_A	3krd_R
3h70_A	3h70_A
3h7t_A	3h7t_A
3h7v_A	3h7v_A
3h87_A	3h87_A
3h8g_A	3h8g_A
3h8t_A	3h8t_A
3h90_A	3h90_A
3ham_A	3ham_A
3ham_A	3hav_A
3ham_A	3hav_B
3ham_A	4dca_A
3ham_A	5iqc_A
3ham_A	5iqd_B
3ham_A	5iqe_A
3ham_A	5iqe_A
3ham_A	5iqf_D
3ham_A	6cav_B
3ham_A	6cgg_B
3ham_A	3n4u_A
3ham_A	6cd7_B
3ham_A	3sg8_A
3ham_A	4dfb_B
3ham_A	4dfu_B
3ham_A	4dt8_A
3ham_A	4dt8_A
3ham_A	4dt9_B
3ham_A	4n57_B
3ham_A	5c4l_B
3ham_A	3tdw_A
3ham_A	3tdw_A
3ppm_A	3ppm_A
3ppm_A	1mt5_A
3ppm_A	3k83_B
3ppm_A	4do3_A
3ppm_A	4do3_B
3ppv_A	3ppv_A
3pro_B	3pro_B
3pro_B	3pro_D
3psq_A	3psq_A
3psq_A	1qx6_A
3psq_A	1qwz_A
3pu9_A	3pu9_A
3pvr_A	3pvr_A
3pvr_A	3pvr_A
3pvr_A	3pvt_A
3pvr_A	3pvy_A
3pvr_A	3pw8_C
3pvu_A	3pvu_A
3pvu_A	3krw_A
3pvz_A	3pvz_A
3pvz_A	3pvz_A
3pvz_A	3pvz_B
3pw3_A	3pw3_A
3pw9_A	3pw9_A
3pw9_A	3pvh_A
3pxp_A	3pxp_A
3q13_A	3q13_A
3q1x_A	3q1x_A
3tz6_A	3tz6_A
3tz6_A	3pyl_C
3tz6_A	2gz2_A
3tz6_A	2gz3_A
3tz6_A	3pwk_B
3tz6_A	3q1l_C
3tz6_A	4r41_A
3tz6_A	4r51_A
3tz6_A	1gl3_A
3tz6_A	1pqu_A
3tz6_A	1nwh_B
3tz6_A	1nx6_A
3tz6_A	1pqp_A
3tz6_A	1pqu_A
3tz6_A	1ta4_A
3tz6_A	3pzr_A
3tz6_A	1mb4_A
3tz6_A	1mb4_B
3tz6_A	1mb4_A
3tz6_A	4r5m_A
3tz6_A	5bnt_A
3tz6_A	5bnt_B
3tz6_A	7tcm_A
3tz6_A	6c85_A
3tz6_A	3hsk_A
3tz6_A	4dpk_A
3tz6_A	4dpm_A
3tz6_A	4dpm_A
3tzl_A	3tzl_A
3tzl_A	3tzl_B
3tzl_A	8i1w_B
3tzl_A	8i2a_B
3tzl_A	8i2l_B
3tzl_A	8i2m_A
3tzl_A	1m83_A
3tzl_A	1i6k_A
3tzl_A	1i6l_A
3tzl_A	1i6m_A
3tzl_A	1mau_A
3tzl_A	1mau_A
3tzl_A	2ov4_A
3tzl_A	7eer_A
3tzl_A	3fhj_F
3tzl_A	3sz3_A
3tzl_A	5v0i_B
3tzl_A	6ncr_A
3tzl_A	2g36_A
3tzl_A	1yid_B
3tzl_A	2yy5_B
3tzl_A	2yy5_B
3tzl_A	7ens_A
3tzl_A	7ev2_A
3tzl_A	7el8_A
3u0o_B	3u0o_B
3u0o_B	2yye_B
3u0o_B	2yye_A
3u0o_B	2yye_B
3u0o_B	3fd6_A
3u0o_B	3fd6_B
3u0o_B	3fd5_B
3u0o_B	3fd6_B
3u24_A	3u24_A
3u24_A	3iuk_A
3u32_L	3u32_L
3u32_L	4f4s_B
3u32_L	5bps_A
3u32_L	5bps_B
3u32_L	5bps_C
3u32_L	5bps_D
3u32_L	3zk1_A
3u3u_C	3u3u_C
3u52_D	3u52_D
3u52_F	3u52_F
3u6w_A	3u6w_A
3u6w_A	3u6w_B
3u7l_A	3u7l_A
3u7l_A	6jfg_A
3u7l_A	6jfo_A
3u7l_A	6jfs_A
3u7l_A	2okl_A
3u7l_A	1lqy_A
3u7l_A	2okl_B
3u7l_A	2os1_A
3u7l_A	1y6h_B
3u7l_A	3svj_A
3u7l_A	3sw8_A
3u7l_A	2os3_A
3u7l_A	2os3_A
3u7l_A	5jex_A
3u7l_A	3l87_A
3u7r_A	3u7r_A
3u7r_A	4hs4_A
3u7r_A	4hs4_B
3u7r_A	4hs4_C
3u7z_A	3u7z_A
3u88_C	3u88_C
3u88_C	3u88_B
3u9e_B	3u9e_B
3u9e_B	3uf6_A
3u9e_B	3uf6_B
3u9e_B	3uf6_B
3u9g_A	3u9g_A
3ub9_B	3ub9_B
3ub9_B	3ub6_A
3ub9_B	3ub8_B
3ubf_A	3ubf_A
3uce_A	3uce_A
3uce_A	3uce_B
3uce_A	6nkk_A
3ucl_A	3ucl_A
3ucl_A	3gwf_A
3ucl_A	5m0z_A
3ucl_A	4rg4_A
3ucl_A	5m10_A
3ucl_A	6gqi_A
3ucl_A	4aox_A
3ucl_A	5mq6_A
3ucl_A	6jdk_B
3ucl_A	2ylw_A
3ucl_A	3uox_A
3ucl_A	3uoz_A
3ucl_A	5j7x_A
3udg_B	3udg_B
3udg_B	3udg_C
3udg_B	1se8_A
3wwo_B	3wwo_B
3wwo_B	1yas_A
3wwo_B	2g4l_A
3wwo_B	3c6z_A
3wwo_B	3c70_A
3wwo_B	1dwo_A
3wwo_B	1e8d_A
3wwo_B	1eb9_A
3wwo_B	1eb9_A
3wwo_B	3stu_B
3wwo_B	6coe_B
3wwo_B	6coc_A
3wwq_F	3wwq_F
3wwt_B	3wwt_B
3wwx_A	3wwx_A
3wwx_A	1cef_A
3wwx_A	1ceg_A
3wwx_A	1ikg_A
3wwx_A	1iki_A
3wwx_A	1mpl_A
3wwx_A	1pw1_A
3wwx_A	1pwc_A
3wwx_A	2dns_A
3wwx_A	2efu_A
3wwx_A	2efx_A
3wxy_A	3wxy_A
3wxy_A	3wy0_B
3wxy_A	3eut_A
3wy9_B	3wy9_B
3x0e_A	3x0e_A
3x1d_A	3x1d_A
3x1d_A	3q5d_A
3x1d_A	4idn_B
3x1d_A	7ol3_B
3x1v_G	3x1v_G
3x1v_G	1hq3_A
3x1v_G	3mnn_G
3x1v_G	4j8w_G
3x1v_G	5dnm_G
3x1v_G	5xf3_G
3x1v_G	8yti_Q
3x27_D	3x27_D
3x2f_B	3x2f_B
3x2f_B	8cfm_A
3x2f_B	8cfp_A
3x2f_B	8cg2_A
3x2f_B	1ky4_B
3x2f_B	1ky4_A
3x2f_B	1li4_A
3x2f_B	3d64_B
3x2f_B	3d64_A
3x32_A	3x32_A
3x3m_A	3x3m_A
3zc0_B	3zc0_B
3zcb_A	3zcb_A
3zcb_A	4wgj_A
3zcb_A	4n67_A
3zcb_B	3zcb_B
3zcb_B	3zcb_B
3zci_A	3zci_A
3zcn_A	3zcn_A
3zcn_A	3zcn_A
3zcn_A	3zec_B
3zd9_A	3zd9_A
3zd9_A	3zda_A
3zd9_A	3zdb_A
3zd9_A	3zdc_A
3zf8_A	3zf8_A
3zg6_B	3zg6_B
3zg8_B	3zg8_B
3zg8_B	3zg9_B
3zg8_B	3zga_B
3zhu_B	3zhu_B
3zhu_B	3zhu_A
3zhu_B	6i2s_A
3zhu_B	2jgd_A
3zhu_B	6kma_A
3zhu_B	5rvw_B
3zhu_B	5rvx_A
3zhu_B	5rvy_B
4fp4_A	4fp4_A
4fpp_A	4fpp_A
4fpp_A	4qpj_B
4fpy_A	4fpy_A
4fpy_A	1sli_A
4fpy_A	2sli_A
4fpy_A	3sli_A
4fpy_A	4sli_A
4fpy_A	4yw1_A
4fpy_A	4yw5_A
4fpy_A	5f9t_A
4fqe_A	4fqe_A
4fqe_A	4pr7_A
4ft4_A	4ft4_A
4ft4_A	7ubu_A
4ft4_B	4ft4_B
4fun_A	4fun_A
4fun_A	3tiq_B
4fuv_A	4fuv_A
4fva_C	4fva_C
4fva_C	5inq_A
4fva_C	4gyz_A
4fva_C	4gyz_B
4fva_C	4gyz_B
4fva_C	5j42_B
4fvu_A	4fvu_A
4fvu_A	7v38_B
4fvu_A	4gv9_A
4fvu_A	5ls4_A
4fvu_A	7v38_B
4fvu_A	7v39_B
4fw8_B	4fw8_B
4fwh_A	4fwh_A
4fwh_A	4fwd_A
4fwh_A	4fwg_A
4fwh_A	3k1j_A
4fwh_A	3k1j_A
4fyf_A	4fyf_A
4fyf_A	4fyg_A
4fyp_A	4fyp_A
4fzb_C	4fzb_C
4fzb_C	4fzb_A
4fzb_C	4fzb_B
4fzb_C	4fzb_C
4fzm_A	4fzm_A
4fzp_A	4fzp_A
4fzv_A	4fzv_A
4g01_A	4g01_A
4g01_A	2efe_A
4g01_A	4g01_A
4g01_A	1txu_A
4g06_A	4g06_A
4g0k_A	4g0k_A
4g0k_A	5lkd_A
4g0u_B	4g0u_B
4g0u_B	4fm9_A
4g0u_B	3l4k_A
4g0u_B	4g0v_B
4g0u_B	3qx3_A
4g0u_B	5zen_A
4g0u_B	5npp_B
4g0u_B	5npk_b
4g0u_B	8c41_A
4g0u_B	8j9x_A
4g0u_B	8j9v_A
4g10_A	4g10_A
4g16_A	4g16_A
4g16_A	1csn_A
4g16_A	1csn_A
4g16_A	1eh4_A
4g16_A	2chl_A
4g16_A	2csn_A
4g16_A	2csn_A
4g16_A	2izt_A
4g16_A	2izu_A
4g16_A	1ckj_A
4g16_A	6f1w_A
4g16_A	6pxo_A
4g16_A	6f1w_B
4g16_A	6pxo_B
4g16_A	4hni_A
4g16_A	5ih4_A
4g16_A	5okt_A
4g16_A	6ru6_A
4g16_A	7p7f_A
4g16_A	7p7f_C
4g16_A	2c47_D
4g16_A	2c47_A
4g16_A	2cmw_A
4g16_A	2cmw_A
4g16_A	4kba_A
4g16_A	4xhg_A
4g16_A	4xhg_A
4g16_A	3op5_A
4g16_A	6csw_C
4g16_A	3op5_A
4g16_A	5uvf_A
4g16_A	6ac9_A
4g16_A	6ac9_D
4g16_A	6cmm_D
4g2s_B	4g2s_B
5tdr_A	5tdr_A
5ted_B	5ted_B
5tgf_D	5tgf_D
5tgz_A	5tgz_A
5tgz_A	7fee_A
5th3_A	5th3_A
5th3_A	5tgq_A
5th5_A	5th5_A
5thy_B	5thy_B
5thy_B	5mpt_A
5tip_A	5tip_A
5tj3_A	5tj3_A
5tj3_A	5xwk_A
5tk6_A	5tk6_A
5tkq_A	5tkq_A
5tkq_A	3fe5_A
5tnv_A	5tnv_A
5trd_A	5trd_A
5trq_A	5trq_A
5trq_A	5iqs_B
5trq_A	8aut_C
5tsa_A	5tsa_A
5tt6_A	5tt6_A
5tt6_A	2c5u_A
5tv7_A	5tv7_A
5tva_A	5tva_A
5tva_A	5tv8_A
5tva_A	5flg_A
5tva_A	5fll_A
5tva_A	5g1f_B
5tvf_A	5tvf_A
5tvo_A	5tvo_A
5tvo_A	5tvf_B
5tvo_A	1i7c_A
5tvo_A	1i7c_A
5tvo_A	1i7m_A
5tvo_A	1i7m_C
5tvo_A	1i7m_A
5tvo_A	3dz2_A
5tvo_A	3dz4_A
5tvo_A	3dz5_A
5tvo_A	3dz6_A
5tvo_A	3dz7_A
5tvo_A	3epa_A
5tvo_A	3h0v_A
5tvo_A	3h0v_A
5tvo_A	3h0w_A
5tvo_A	1jl0_B
5tvo_A	1i72_A
5tvo_A	1i72_A
5tvo_A	1i79_A
5tvo_A	1i79_A
5tvo_A	1i7b_A
5tvo_A	1i7b_A
5tvo_B	5tvo_B
5twk_A	5twk_A
5twk_A	5twj_A
5twk_A	4fak_A
5twk_A	4fak_A
5tx6_A	5tx6_A
5tx6_A	6omn_G
5tx6_A	6y6o_A
5tx6_A	3b4v_E
5tx6_A	6y6o_B
5tx6_A	3b4v_F
5ty0_A	5ty0_A
5tzb_C	5tzb_C
5tzb_C	3n2w_B
5tzb_C	3nfb_A
5tzb_C	3n33_A
5tzb_C	3ndv_D
5tzb_C	3ndv_A
5up8_A	5up8_A
5up8_A	3re7_A
5up8_A	3shx_A
5up8_A	4dz0_A
5up8_A	4lpj_A
5up8_A	5n26_A
5up8_A	6kh5_A
5up8_A	8b7o_AAA
5up8_A	1hrs_A
5up8_A	3o7s_A
5up8_A	8j11_X
5up8_A	1gwg_A
5up8_A	1h96_A
5up8_A	1lb3_A
5up8_A	1xz1_A
5up8_A	2zur_X
5up8_A	3af7_X
5up8_A	3f33_A
5up8_A	3noz_X
5up8_A	3o7s_A
5up8_A	3u90_A
5up8_A	3wvu_A
5up8_A	3wvw_A
5up8_A	4de6_A
5up8_A	4z3b_A
5up8_A	5lg8_A
5up8_A	6jee_A
5up8_A	6ra8_A
5up8_A	6ts1_AAA
5up8_A	7bd7_A
5up8_A	3a68_C
5up8_A	7xz4_A
5up8_A	1z6o_M
5uph_B	5uph_B
5uph_B	4q4f_A
5upm_A	5upm_A
5upm_A	6fop_A
5uqd_A	5uqd_A
5uqi_A	5uqi_A
5uqi_A	3etn_B
5uqp_B	5uqp_B
5ury_A	5ury_A
5ury_A	6c0b_B
5uui_A	5uui_A
5uvd_A	5uvd_A
5uwc_G	5uwc_G
5ux5_A	5ux5_A
5ux5_A	3haz_A
5ux5_A	4nmc_A
5uz8_A	5uz8_A
5v1m_A	5v1m_A
5v1m_A	6d31_A
5v1t_A	5v1t_A
5v1t_A	5v1q_B
5v1v_A	5v1v_A
5v2c_M	5v2c_M
5v2o_A	5v2o_A
5v2z_A	5v2z_A
5v2z_A	5vka_A
5v2z_A	6cba_A
5v2z_A	6vp5_B
5v2z_A	8uc2_A
5v35_A	5v35_A
5v35_A	5u9j_A
5v3c_A	5v3c_A
5v3c_A	7a3x_A
5v3c_A	1efz_A
5v3c_A	1enu_A
5v3c_A	1f3e_A
5v3c_A	1k4g_A
5v3c_A	1k4h_A
5v3c_A	1ozq_A
5v3c_A	1p0b_A
5v3c_A	1p0b_A
5v3c_A	1p0e_A
5v3c_A	1s39_A
5v3c_A	4h7z_A
5v3c_A	5sw3_A
5v3c_A	5uti_A
5v3c_A	5utj_A
5v3c_A	6fso_A
5v3c_A	4pun_A
5v3c_A	1pxg_A
5v3c_A	3blo_A
5v3c_A	6h42_A
5v3c_A	6h45_A
5v3c_A	6h45_B
5v3c_A	7nq4_A
5v3h_A	5v3h_A
5v3h_A	3qwv_A
5v3h_A	3s7b_A
5v3h_A	3s7d_A
5v3h_A	7qnr_A
5v3h_A	5hq8_A
5v3h_A	3qwp_A
5v3h_A	5ex0_A
5v3h_A	5hi7_A
5v3h_A	7qnu_A
5v3h_A	3n71_A
5v3h_A	3n71_A
5v3w_A	5v3w_A
5v4r_A	5v4r_A
5v4r_A	6pw3_A
5v4r_A	6pw3_C
5v4r_A	8dio_B
5v4t_A	5v4t_A
5v51_F	5v51_F
5v57_A	5v57_A
5v59_A	5v59_A
5v59_A	4xeo_A
5v59_A	5knn_A
5v59_A	3hxv_A
5v59_A	3hxw_A
5v59_A	3hxx_A
5v59_A	3hxy_A
5v59_A	1yfr_A
5v59_A	1yfs_A
5v59_A	1ygb_A
5v7j_G	5v7j_G
5v7p_A	5v7p_A
5v85_B	5v85_B
5v8c_A	5v8c_A
5v8k_A	5v8k_A
5v9x_A	5v9x_A
5van_A	5van_A
5van_A	5w21_A
5vao_D	5vao_D
5vaw_A	5vaw_A
5vcm_B	5vcm_B
5vcm_B	5vcm_A
5vcm_B	5vcs_A
7ji4_A	7ji4_A
7jj9_A	7jj9_A
7jjb_A	7jjb_A
7jjb_A	7jja_A
7jjb_A	1oee_A
7jjb_A	1oej_A
7jk1_A	7jk1_A
7jk1_A	5l2x_A
7jl5_B	7jl5_B
7jm1_C	7jm1_C
7jm1_C	7uuk_C
7jm1_C	7jm2_B
7jm1_C	7uuj_C
7jm1_C	7uul_E
7jm1_C	7uum_A
7jm1_C	7uun_A
7jmv_A	7jmv_A
7jmv_A	7jmr_A
7jnf_A	7jnf_A
7jrl_A	7jrl_A
7jty_C	7jty_C
7jty_C	5ief_A
7jty_C	7k9t_C
7jty_C	7kad_C
7jve_B	7jve_B
7jvi_A	7jvi_A
7jvs_B	7jvs_B
7jw9_A	7jw9_A
7jw9_A	5w4z_B
7jw9_A	5w4y_A
7jw9_A	1yw1_A
7jw9_A	1yw1_A
7jw9_A	3b9o_A
7jwf_A	7jwf_A
7jwf_A	7jw4_A
7jy6_A	7jy6_A
7jy6_A	1u94_A
7jy6_A	1u99_A
7jy6_A	1xms_A
7jy6_A	1xmv_A
7jy6_A	1xp8_A
7jy6_A	2zrf_A
7jy6_A	2zrm_A
7jy6_A	2zro_A
7jy6_A	5jrj_A
7k06_A	7k06_A
7k09_D	7k09_D
7k09_D	7k0a_A
7k30_A	7k30_A
7k30_A	5zb8_A
7vem_A	7vem_A
7vg5_A	7vg5_A
7vgm_A	7vgm_A
7vhc_A	7vhc_A
7vhc_A	1r4p_A
7vhc_A	2ga4_A
7vhc_A	6u3u_A
7vka_A	7vka_A
7vka_A	4b2g_A
7vka_A	4l39_B
7vka_A	4l39_A
7vka_A	6oms_B
7vka_A	5kod_A
7vka_A	5ech_A
7vka_A	4epl_A
7vka_A	5eci_A
7vka_A	5eck_A
7vka_A	5ecm_A
7vka_A	5ecp_A
7vka_A	5ecq_A
7vka_A	6e1q_A
7vl4_A	7vl4_A
7vl4_A	7vky_B
7vl4_A	7vkz_A
7vl4_A	7vl0_A
7vl4_A	7vl1_A
7vl4_A	7x87_A
7vl4_A	7x87_B
7vl4_A	5gsm_A
7vlm_A	7vlm_A
7vm0_B	7vm0_B
7vm0_B	6pnt_A
7vm0_B	8sfu_B
7vm0_B	8gkn_A
7vm0_B	8sfy_A
7vm0_B	2iya_A
7vm0_B	2iya_A
7vm0_B	4m7p_A
7vm0_B	2iyf_B
7vm0_B	2iyf_B
7vm0_B	7xx4_A
7vm0_B	3ia7_A
7vm0_B	3iaa_B
7vm0_B	3rsc_A
7vmx_A	7vmx_A
7vmx_A	4pc3_B
7vnh_B	7vnh_B
7vnx_A	7vnx_A
7vot_y	7vot_y
7vpf_A	7vpf_A
7vpf_A	3ju2_A
7vpr_C	7vpr_C
7vpx_B	7vpx_B
7vpx_C	7vpx_C
7vpx_C	7dco_u
7vpx_N	7vpx_N
7vqk_A	7vqk_A
7vqo_A	7vqo_A
7vqo_A	7ufu_A
7vs7_A	7vs7_A
7vsi_A	7vsi_A
7vtf_B	7vtf_B
7vtf_B	7vte_A
7vtf_B	7vva_A
7vtf_B	3kzh_A
7vtf_B	7c1y_A
7vtf_B	7c1z_A
7vtf_B	7c1z_B
7vud_A	7vud_A
7vud_A	2biw_A
7vud_A	2bix_A
7vud_A	5kja_A
7vud_A	6big_A
7vud_A	6ojw_A
7vud_A	5j55_A
7vud_A	5u90_C
7vud_A	5u97_C
7vud_A	6n20_D
7vud_A	5v2d_A
7vud_A	7wh0_A
7vud_A	6vcg_A
7vud_A	6vcf_B
7vud_A	7k88_B
7vud_A	4f2z_A
7vum_A	7vum_A
7vum_A	5yun_A
7vum_A	6rup_B
7vum_A	7ym1_A
7vus_B	7vus_B
7vus_B	8fny_B
7vv5_R	7vv5_R
7vvw_C	7vvw_C
7vvw_C	7vvw_A
7vvw_C	7vvv_A
7vvw_C	7vvx_B
7vws_B	7vws_B
7vxw_A	7vxw_A
7vzg_C	7vzg_C
7vzg_E	7vzg_E
7vzg_a	7vzg_a
7vzg_c	7vzg_c
7vzg_f	7vzg_f
7vzg_f	7vzg_F
7vzg_g	7vzg_g
7w06_A	7w06_A
7w06_A	7xro_B
7w12_A	7w12_A
7w18_A	7w18_A
7w1e_E	7w1e_E
7w1q_A	7w1q_A
8ic1_A	8ic1_A
8ic1_A	8hhv_A
8ic7_B	8ic7_B
8ic7_B	8ic6_B
8ic7_B	5bx3_A
8ic7_B	8r06_A
8if7_A	8if7_A
8if7_A	5d85_A
8if7_A	5d86_A
8ifb_z	8ifb_z
8ifd_2V	8ifd_2V
8ihw_A	8ihw_A
8ihw_A	2yik_A
8iib_A	8iib_A
8ijl_B	8ijl_B
8ik2_A	8ik2_A
8ikx_A	8ikx_A
8ild_A	8ild_A
8ild_A	5hrf_A
8ill_B	8ill_B
8ill_B	5o8b_A
8ill_B	6ir7_A
8ill_B	2o24_A
8ill_B	4as8_A
8ill_B	5t3i_A
8ill_B	6ir7_A
8ill_B	6sm0_A
8ill_B	7pca_A
8ill_B	8dhy_A
8im8_A	8im8_A
8imx_G	8imx_G
8imx_G	7wld_G
8imx_S	8imx_S
8imx_U	8imx_U
8ip1_B	8ip1_B
8ip1_B	8iox_A
8ip8_ja	8ip8_ja
8iq9_A	8iq9_A
8iqd_C	8iqd_C
8irk_A	8irk_A
8irm_A	8irm_A
8irm_A	8irn_A
8irm_A	8iro_A
8irm_A	8irp_A
8itg_A	8itg_A
8iuf_4D	8iuf_4D
8iuf_4F	8iuf_4F
8iuf_5B	8iuf_5B
8iuf_A6	8iuf_A6
8iuf_B9	8iuf_B9
8iuf_E7	8iuf_E7
8iuf_N4	8iuf_N4
8iuf_S6	8iuf_S6
8iug_3	8iug_3
8iug_3	8hju_3
8iug_3	8iug_R
8iug_X	8iug_X
8iw5_B	8iw5_B
8iwh_Z	8iwh_Z
8iwh_w	8iwh_w
8iyc_A	8iyc_A
8iyc_A	8iyb_A
2djh_A	2djh_A
2djh_A	2fhz_B
2djh_A	2djh_A
2dx7_A	2dx7_A
2dx7_A	1jfl_A
2dx7_A	2dx7_B
2dx7_A	1jfl_B
2dx7_A	2dx7_A
2dx7_A	3s7z_B
2dx7_A	5wxy_A
2dx7_A	5wxz_A
2dx7_A	5xnj_A
2dx7_A	3ojc_A
2dx7_A	5elm_C
2dx7_A	5ell_B
2dx7_A	5elm_B
2dx7_A	5hra_A
2dx7_A	5hrc_A
2e2o_A	2e2o_A
2e2o_A	2e2q_B
2e2o_A	2e2o_A
2e2o_A	2e2p_A
2e2o_A	2e2p_A
2e2o_A	2e2q_A
2e8z_B	2e8z_B
2e8z_B	2e8y_A
2e8z_B	2e8y_A
2e8z_B	2e8z_A
2epl_X	2epl_X
2epl_X	5ac4_A
2epl_X	2epn_A
2epl_X	2epn_A
2epl_X	5a69_A
2epl_X	5a6b_B
2epl_X	5ac5_A
2h98_B	2h98_B
2h98_B	2f7c_A
2fp1_A	2fp1_A
2fp1_A	2fp2_B
2fp1_A	2ao2_A
2fp1_A	2ao2_B
2fp1_A	2fp2_B
1gqz_A	1gqz_A
1gqz_A	2gke_A
1gqz_A	5m47_A
2gzr_A	2gzr_A
2gzr_A	2gzs_A
2gzr_A	2gzs_A
2gzr_A	6gi1_A
2gzr_A	6gi2_B
2gzr_A	6gi1_B
6du4_A	6du4_A
6du4_A	8pb5_A
6du4_A	8pb4_A
2hrl_A	2hrl_A
2hrl_A	1nko_A
2hrl_A	2df3_A
2hrl_A	2hrl_A
2hrl_A	1url_A
1q5v_B	1q5v_B
1q5v_B	3od2_A
1q5v_B	2hza_A
1q5v_B	1q5v_A
1q5v_B	2hza_B
1q5v_B	2bj9_B
1q5v_B	2wvf_B
1q5v_B	6mrj_B
2i5c_B	2i5c_B
2i5c_B	1zm0_A
2i5c_B	2i5f_A
1z90_B	1z90_B
1z90_B	2icy_A
1z90_B	2icx_B
1z90_B	2icy_A
1z90_B	3gue_A
1z90_B	4m2b_A
1z90_B	5nzm_A
1z90_B	4m28_A
1z90_B	4m2a_A
1z90_B	4m2b_A
1z90_B	5nzk_A
1z90_B	5nzl_A
2ixl_C	2ixl_C
2ixl_C	1nxm_A
2ixl_C	2ixl_D
2ixl_C	1nxm_B
2ixl_C	1nyw_B
2ixl_C	1nzc_A
2ixl_C	1nzc_B
2ixl_C	1nzc_A
2ixl_C	2ixl_A
2ixl_C	2ixl_C
2j6h_A	2j6h_A
2j6h_A	4amv_B
2j6h_A	2j6h_A
2j6h_A	3ooj_A
2j6h_A	4amv_A
2j6h_A	6r4e_A
2j6h_A	6svm_A
2j6h_A	7ndl_B
2j6h_A	6r4j_B
2j6h_A	6svm_A
2j6h_A	6svo_A
2jcr_A	2jcr_A
2jcr_A	5sc2_A
2jcr_A	5sbk_A
2jcr_A	5sbt_A
2jcr_A	5sbu_A
2jcr_A	5sc5_A
2jcr_A	5sc7_A
1jcq_B	1jcq_B
1jcq_B	1d8d_B
1jcq_B	1jcq_B
1jcq_B	1jcr_B
1jcq_B	1jcs_B
1jcq_B	1kzo_B
1jcq_B	1kzp_B
1jcq_B	1ld7_B
1jcq_B	1n95_B
1jcq_B	1n95_B
1jcq_B	1o1r_B
1jcq_B	1o1r_B
1jcq_B	1o1s_B
1jcq_B	1o1t_B
1jcq_B	1o1t_B
1jcq_B	1o5m_B
1jcq_B	1qbq_B
1jcq_B	2bed_B
1jcq_B	2h6g_B
1jcq_B	2iej_B
1jcq_B	3e33_B
1jcq_B	3e34_B
1jcq_B	3euv_B
1jcq_B	3ksl_B
1jcq_B	3ksq_B
1jcq_B	3pz4_B
1jcq_B	7rni_B
1jcq_B	4lng_B
1jcq_B	7t09_B
1jcq_B	3q73_B
1jcq_B	3q78_B
1jcq_B	3q79_B
1jcq_B	3q7a_B
1jcq_B	3sfy_B
1jcq_B	3sfy_B
1jcq_B	8t70_B
1jcr_C	1jcr_C
1jcs_C	1jcs_C
1jdl_A	1jdl_A
1jdl_A	1l9b_A
1jdl_A	1cxa_A
1jdl_A	1nmi_A
1jdl_A	1fi7_A
1jdl_A	7pr2_A
1jdn_A	1jdn_A
1jdn_A	3a3k_B
1jdn_A	1dp4_C
1jdn_A	4mqe_A
1jdn_A	4ms4_A
1jdn_A	4ms1_A
1jdn_A	4ms3_A
1je5_B	1je5_B
1jfg_A	1jfg_A
1jfg_A	1jfg_B
1jfg_A	2q9y_B
1jfz_B	1jfz_B
1jg3_B	1jg3_B
1jgi_A	1jgi_A
1jgi_A	1mw0_A
1jgi_A	1mw1_A
1jgi_A	1mw2_A
1jgi_A	1mw3_A
1jgi_A	1s46_A
1jgi_A	3uer_A
1jgt_B	1jgt_B
1jgt_B	1mc1_B
1jgt_B	1m1z_A
1jgt_B	1jgt_A
1jgt_B	1jgt_B
1jgt_B	1mb9_B
1jgt_B	1mbz_A
1jgt_B	1mbz_A
1jgt_B	1mc1_B
1jh7_A	1jh7_A
1jh7_A	1fsi_A
1jh7_A	1jh7_A
1jhn_A	1jhn_A
1jie_A	1jie_A
1jj2_2	1jj2_2
1jj2_2	6skf_Bl
1jj2_S	1jj2_S
1jju_A	1jju_A
1jju_A	1jmz_A
1jju_A	1jmx_A
1jju_B	1jju_B
1jju_B	1jmx_B
1jju_B	1jmz_B
1jju_B	1jmz_B
1jjw_A	1jjw_A
1jjw_A	4hnz_A
1jkv_A	1jkv_A
1jkv_A	1jku_A
1jl6_A	1jl6_A
1jl6_A	1hbg_A
1jlx_A	1jlx_A
1jma_A	1jma_A
1jma_A	2c36_A
1jmz_G	1jmz_G
1jmz_G	1jmz_C
1jnr_A	1jnr_A
1jnr_A	1jnr_C
1jnr_A	1jnr_A
1jnr_A	1jnz_C
1jnr_A	1jnz_A
1jnr_A	2fja_A
1jnr_A	2fjb_A
1jnr_A	8a8o_A
1jnr_B	1jnr_B
1jnr_B	1jnr_D
1jnr_B	1jnr_B
1jnr_B	1jnz_D
1joc_B	1joc_B
1joc_B	1joc_A
1jof_B	1jof_B
1jp4_A	1jp4_A
1jp4_A	1jp4_A
1jp4_A	2wef_A
1jq5_A	1jq5_A
1jq5_A	1ta9_B
1jq5_A	8gob_A
1jq5_A	5zxl_A
1jqn_A	1jqn_A
1jqn_A	1jqn_A
1jqn_A	1jqo_A
1jqn_A	6mgi_A
1jqn_A	4bxc_A
1jqn_A	3zgb_A
1js3_A	1js3_A
1js3_A	1js3_B
1js3_A	1js3_A
1js3_A	6eei_B
1js3_A	6eem_B
1js3_A	6eew_A
1js3_A	6khp_A
1js3_A	6khn_A
1js3_A	7eiy_A
1js8_A	1js8_A
1jsh_A	1jsh_A
1jsh_A	1jsi_A
1jsh_A	1jsi_A
1jsh_A	4m44_A
1jsh_A	4n5z_A
1jsh_A	1jsn_A
1jsh_A	1jso_A
1jsh_A	6cf5_A
1jsh_A	6cfg_A
1jsh_A	6vmz_C
1jsh_A	6wcr_A
1jsh_A	1rv0_L
1jsh_A	7t1v_A
1jsh_A	4n62_A
1jsh_A	5th0_E
1jsh_A	5tgu_A
1jsh_A	6tvd_A
1jsh_A	3eym_A
1jsh_A	1hge_A
1jsh_A	4unz_C
1jsh_A	5t6n_A
1jt6_A	1jt6_A
1jt6_A	1jtx_A
1jt6_A	1jty_A
1jt6_A	1jum_A
1jt6_A	1jup_A
1jt6_A	1jus_A
1jt6_A	1qvt_A
1jt6_A	1rkw_A
1jt6_A	1rkw_A
1jt6_A	2g0e_A
1jt6_A	2g0e_D
1jt6_A	2gby_A
1jt6_A	3br0_A
1jtd_B	1jtd_B
1jtg_B	1jtg_B
1jtk_B	1jtk_B
1jtk_B	1jtk_A
1jtk_B	2fr6_A
1jtk_B	1mq0_A
1jtk_B	1mq0_B
1jtk_B	2fr6_B
1jtk_B	7zob_E
1juv_A	1juv_A
1juv_A	1juv_A
1jw0_A	1jw0_A
1jw0_A	1jvz_A
1jwy_A	1jwy_A
1jwy_A	1jwy_A
1jwy_A	1jx2_A
1jx6_A	1jx6_A
1jxi_A	1jxi_A
1jxi_A	1jxi_B
1jxi_A	2i5b_A
1jxi_A	4c5l_B
1jxi_A	4c5l_C
1jxi_A	4c5m_B
1jxi_A	4c5k_D
1jxi_A	4ywr_A
1jxi_A	7l07_A
1jxm_A	1jxm_A
1jxz_B	1jxz_B
1jxz_B	1jxz_A
1jxz_B	1jxz_B
1jxz_B	1nzy_A
1jxz_B	1nzy_B
1jxz_B	1nzy_C
1jxz_B	1nzy_B
1jyl_A	1jyl_A
1jyl_A	1jyl_B
1jyl_A	1jyl_C
1jyl_A	1jyl_D
1jyl_A	1jyl_A
1jzr_C	1jzr_C
1jzr_C	1k0a_A
1jzr_C	1k0a_B
1jzr_C	1k0a_A
1jzr_C	1k0c_A
1jzr_C	1k0c_B
1jzr_C	1k0c_C
1jzr_C	1k0d_A
1jzr_C	1k0d_B
1jzr_C	4mzw_A
1jzr_C	5uun_A
1jzr_C	5o00_A
1jzr_C	4f0c_A
1jzr_C	4zbb_B
1jzr_C	7nc5_A
1jzr_C	7nc5_D
1jzr_C	7nc8_D
1k0g_A	1k0g_A
1k0g_A	5cwa_A
1k0g_A	1i7q_A
1k0g_A	1i7s_C
1k0g_A	1i7q_A
1k24_A	1k24_A
1k3a_B	1k3a_B
1k4j_A	1k4j_A
1k6d_B	1k6d_B
1k7h_A	1k7h_A
1k7h_A	1zed_A
1k7h_A	1zef_A
1k7h_A	2glq_A
1k7h_A	3mk0_A
1k7h_A	4kjg_A
1k7h_A	7yiw_A
1k7l_B	1k7l_B
1k8q_A	1k8q_A
1k9y_A	1k9y_A
1k9y_A	1k9z_A
1k9y_A	1ka1_A
1k9y_A	1ka1_A
1k9y_A	1qgx_A
1ka2_A	1ka2_A
1ka2_A	3dwc_B
1ka2_A	5wvu_A
1kap_A	1kap_A
1kap_A	1af0_A
1kap_A	1af0_A
1mt1_E	1mt1_E
1mt1_E	1mt1_A
1mt1_E	1mt1_C
1mt1_E	1n13_A
1mt1_E	1n13_C
1mt1_E	1n13_E
1mt1_E	2qqd_D
1mv9_B	1mv9_B
1mv9_B	1mvc_B
1mv9_B	1mzn_B
1mv9_B	1mzn_D
1mwq_A	1mwq_A
1mww_C	1mww_C
1mx0_C	1mx0_C
1mx0_C	1mu5_A
1mx0_C	1z59_A
1mx0_C	1z5a_A
1mx0_C	1z5b_A
1mx0_C	1z5b_B
1mx0_C	2hkj_A
1mxd_A	1mxd_A
1mxd_A	1mxd_A
1mxd_A	1mxg_A
1mxd_A	3qgv_A
1mxd_A	4uzu_A
1mxd_A	2gjp_A
1mxd_A	1e40_A
1mxd_A	1e3x_A
1mxd_A	3bcd_A
1mxd_A	3bc9_A
1mz8_B	1mz8_B
1mz8_B	1fsj_B
1mz8_B	3u43_B
1mz8_B	4qko_D
1n0q_B	1n0q_B
1n1h_A	1n1h_A
1n1h_A	1mwh_A
1n1h_A	1n35_A
1n1h_A	1n38_A
1n1h_A	7yed_R
1n1i_C	1n1i_C
1yvh_A	1yvh_A
1yvu_A	1yvu_A
1ywf_A	1ywf_A
1ywf_A	2oz5_A
1ywh_A	1ywh_A
1z0b_A	1z0b_A
1z0s_A	1z0s_A
1z0s_A	1z0u_A
1z0s_A	1z0z_A
1z3i_X	1z3i_X
1z45_A	1z45_A
1z45_A	1z45_A
1z6o_A	1z6o_A
1z72_B	1z72_B
1z7e_D	1z7e_D
1z7l_A	1z7l_A
1z7m_B	1z7m_B
1z7m_G	1z7m_G
1z7m_G	1usy_G
1z7m_G	6fca_A
1z7m_G	6fct_A
1z7m_G	6fcy_A
1z7m_G	6fd9_A
1z82_A	1z82_A
1z82_A	1z82_B
1z82_A	1txg_A
1z82_A	1n1e_B
1z82_A	1evy_A
1z82_A	1evz_A
1z82_A	1jdj_A
1z82_A	1m66_A
1z82_A	1m67_A
1z82_A	1n1e_A
1z82_A	1n1e_B
1z82_A	6pyp_B
1z82_A	1x0x_A
1z82_A	2pla_B
1z82_A	6e90_B
1z82_A	6pyp_A
1z88_D	1z88_D
1z88_D	1rmq_A
1z88_D	1rmy_A
1z88_D	1z5u_B
1z88_D	1z5u_B
1z88_D	2b82_A
1z88_D	2b82_A
1z88_D	2hf7_A
1z9h_A	1z9h_A
1z9h_A	1z9h_A
1z9h_A	2pbj_A
1z9n_A	1z9n_A
1z9n_A	2aqs_A
1za0_A	1za0_A
1za4_A	1za4_A
1zbd_B	1zbd_B
1zbi_B	1zbi_B
1zbi_B	2g8k_A
1zbi_B	3twh_A
1zbi_B	6dpb_A
1zbu_B	1zbu_B
1zd9_A	1zd9_A
1zd9_A	4ile_A
1zd9_A	4ylg_B
1zd9_A	4ylg_A
1zd9_A	1hur_A
1zd9_A	1e0s_A
1zd9_A	1hur_B
1zd9_A	1j2j_A
1zd9_A	1mr3_A
1zd9_A	1o3y_A
1zd9_A	1re0_A
1zd9_A	1rrg_A
1zd9_A	1rrg_B
1zd9_A	1s9d_A
1zd9_A	3pcr_B
1zd9_A	3vhx_A
1zd9_A	5di3_A
1zd9_A	1ksh_A
1zd9_A	1ksg_A
1zd9_A	8dzo_B
1zd9_A	1f6b_B
1zd9_A	1f6b_A
1zd9_A	2fmx_A
1zd9_A	8e0d_A
1zd9_A	1m2o_B
1zd9_A	1m2o_D
1zd9_A	2qtv_B
1ze1_A	1ze1_A
1ze1_A	2hvy_A
1zei_A	1zei_A
1zei_A	1zei_B
1zei_A	1zei_C
1zei_A	1zei_D
1zei_A	1zei_E
1zei_A	1zei_F
1zei_A	8pi5_D
1zei_A	1imx_A
1zei_A	1h02_B
1zgy_A	1zgy_A
1zgy_A	1gwx_A
1zgy_A	1gwx_B
1zgy_A	1gwx_A
1zgy_A	1i7g_A
1zgy_A	1i7i_A
1zgy_A	1k7l_A
1zgy_A	1kkq_A
1zgy_A	1knu_A
1zgy_A	1knu_B
1zgy_A	2baw_A
1zgy_A	2prg_A
1zgy_A	3dy6_A
1zgy_A	3sp6_A
1zgy_A	3v9v_A
1zgy_A	4f9m_A
1zgy_A	7a7h_A
1zgy_A	7p4e_A
1zh0_A	1zh0_A
1zh0_A	2zp1_A
1zh0_A	3qe4_A
1zh0_A	5nsf_B
1zh0_A	6wrn_A
1zh0_A	2cyc_A
1zh0_A	4q93_A
1zh0_A	1q11_A
1zh0_A	4q93_A
1zh0_A	4qbt_A
1zh0_A	2dlc_X
1zh0_A	2j5b_B
1zh0_A	3vgj_B
1zh0_A	7ror_B
1zhs_A	1zhs_A
1zj8_A	1zj8_A
1zj8_A	2gep_A
1zj8_A	1aop_A
1zj8_A	3geo_A
1zj8_A	8gep_A
1zj8_A	5h92_B
1zj8_A	3b0g_A
1zj8_A	3vkp_A
1zj8_A	3vkt_A
1zj8_A	3vly_A
1zj8_A	3vm1_A
1zm8_A	1zm8_A
1zm8_A	1g8t_A
1zme_C	1zme_C
1zno_B	1zno_B
1zot_A	1zot_A
1zot_A	1zot_A
1zot_A	2col_A
1zq1_A	1zq1_A
1zrm_A	1zrm_A
1zrm_A	3umb_A
1zrm_A	8hp7_A
1zrm_A	8wbq_B
1zrq_B	1zrq_B
1zrq_B	1b5t_A
1zrq_B	1b5t_B
1zrq_B	1b5t_C
1zrq_B	1zp4_B
1zrq_B	3fst_A
1zrq_B	3fsu_C
1zrq_B	7th4_A
1zrq_B	1v93_A
1zrq_B	3apy_A
1zru_C	1zru_C
1zsw_A	1zsw_A
1zsz_C	1zsz_C
1zsz_C	1ou9_A
1zud_3	1zud_3
1zud_3	1jwb_B
1zun_A	1zun_A
1zun_B	1zun_B
1zun_B	1jny_A
1zun_B	8g5z_EF
1zun_B	6ra9_B
1zun_B	1ije_A
1zun_B	1g7c_A
1zun_B	3p27_B
1zww_A	1zww_A
1zww_A	2d4c_A
1zx5_A	1zx5_A
1zx5_A	1qwr_A
1zzh_B	1zzh_B
1zzh_B	3hq6_A
1zzh_B	4aan_A
1zzh_B	4aal_A
1zzh_B	3hq8_A
1zzh_B	3hq9_A
1zzh_B	4aan_A
1zzh_B	6qkn_A
1zzh_B	3pxw_B
1zzh_B	4fa4_B
2a0b_A	2a0b_A
2a11_A	2a11_A
2a14_A	2a14_A
2a14_A	2an4_B
2a14_A	2g72_B
2a14_A	3hcd_B
2a14_A	3kpj_B
2a14_A	3kpu_B
2a14_A	3kpv_B
2a14_A	3kpw_B
2a14_A	3kpy_B
2a14_A	3kqm_B
2a14_A	3kqo_B
2a14_A	3kqs_B
2a14_A	3kqt_B
2a14_A	3kr0_B
2a14_A	3kr1_B
2a14_A	4dm3_B
2a14_A	7bkg_A
2a14_A	5yjf_A
2a14_A	7egu_A
2a14_A	2i62_A
2a14_A	3rod_A
2a15_A	2a15_A
2a15_A	2z77_A
2a15_A	2z77_B
2a15_A	5if6_A
2a1x_A	2a1x_A
2a1x_A	2fct_A
2a1x_A	2fcu_A
2a1x_A	5epa_A
2a2g_A	2a2g_A
2a2g_A	1gm6_A
2a2g_A	1jv4_A
2a2g_A	1i06_A
2a2g_A	1qy1_A
2a2g_A	1qy1_A
2a2g_A	1zne_A
2a2g_A	1zng_A
2a2g_A	1znh_A
2a2g_A	3kfg_A
2a2g_A	1bso_A
2a2g_A	7kp5_B
2a2g_A	6qpe_A
2a2g_A	1b0o_A
2a2g_A	1gx8_A
2a2g_A	1gx8_A
2a2g_A	1gx9_A
2a2g_A	1gx9_A
2a2g_A	1gxa_A
2a2g_A	2gj5_A
2a2g_A	3nq9_A
2a2g_A	4dq3_A
2a2g_A	4dq4_A
2a2g_A	4ib6_A
2a2g_A	4ib9_A
2a2g_A	4lzu_A
2a2g_A	4omw_C
2a2g_A	4omw_D
2a2g_A	4omx_A
2a2g_A	5lke_A
2a2g_A	5nun_A
2a2g_A	5y5c_A
2a2g_A	6ge7_A
2a2g_A	6gf9_A
2a2g_A	6gfs_A
2a2g_A	6ghh_A
2a2g_A	6nkq_B
2a2g_A	7er3_A
2a2g_A	7kp5_AA1
2a2g_A	7q19_AAA
2a2g_A	1dzm_A
2a2g_A	1dzk_A
2a2g_A	1dzm_A
2a2g_A	1dzp_A
2a2g_A	1e06_A
2a2g_A	1hqp_A
2a2g_A	1gt1_A
2a2g_A	1hn2_A
2a2g_A	2ra6_A
2a2g_A	2ra6_C
2a2g_A	4imo_A
2a2g_A	4imo_A
2a2g_A	4os8_B
2a2g_A	2ktd_A
2a2g_A	3cbc_A
2a2g_A	1x89_A
2a2g_A	6z6z_A
2a2g_A	1dfv_B
2a2g_A	1l6m_A
2a2g_A	1qqs_A
2a2g_A	3cmp_A
2a2g_A	3fw4_A
2a2g_A	3fw5_A
2a2g_A	3tf6_A
2a2g_A	3tzs_A
2a2g_A	4iax_A
2a2g_A	5nkn_A
2a2g_A	6qmu_A
2a2g_A	6z6z_A
2a41_C	2a41_C
2a5f_B	2a5f_B
2a5f_B	2a5f_B
2a5f_B	1xtc_A
2a5h_A	2a5h_A
2a5h_A	2a5h_B
2a5z_C	2a5z_C
2a8j_B	2a8j_B
2a9g_D	2a9g_D
2a9g_D	1s9r_A
2a9g_D	1lxy_A
2a9i_A	2a9i_A
2af6_G	2af6_G
2af6_G	2gq2_A
2af6_G	3gwc_A
2af6_G	3hzg_A
2af6_G	3hzg_B
2af6_G	3hzg_C
2agw_B	2agw_B
2agw_B	2agy_B
2agw_B	2agz_A
2agw_B	2hj4_B
2agw_B	2hjb_A
2agw_B	2hkr_A
2agw_B	2hkr_B
2agw_B	2oiz_A
2agw_B	2q7q_B
2ahc_A	2ahc_A
2ahc_A	1xlr_A
2ahl_A	2ahl_A
2ahl_A	1wx2_A
2ahl_A	5z0f_A
2ahl_A	4p6s_B
2ahl_A	4p6t_A
2ahl_A	5i3a_A
2ahl_A	8hpi_A
2ahw_A	2ahw_A
2ahw_A	2ahv_A
2ajh_A	2ajh_A
2ajh_A	3pz0_B
2ajh_A	5agt_A
2akc_B	2akc_B
2akc_B	2a96_B
2akc_B	1eoi_A
2akc_B	1d2t_A
2akf_B	2akf_B
2aly_A	2aly_A
2aly_A	1b7y_A
2aly_A	2aly_A
2aly_A	2amc_A
2aly_A	2rhq_A
2aly_A	2rhs_C
2aly_A	7daw_A
2aly_B	2aly_B
2aly_B	1b7y_B
2aly_B	2amc_B
2aly_B	3hfz_B
2aly_B	3teh_B
2aly_B	4tva_B
2aly_B	7ka0_E
2aly_B	7db7_B
2b0c_A	2b0c_A
2b3b_C	2b3b_C
2b3b_C	2b3b_A
2b3d_B	2b3d_B
2b3d_B	3rpe_A
2b3d_B	2b3d_A
2b3d_B	2b3d_A
2b3d_B	3rpe_B
2b3d_B	3rpe_A
2b3x_A	2b3x_A
2b3x_A	5acn_A
2b3x_A	1ami_A
2b3x_A	1ami_A
2b3x_A	1amj_A
2b3x_A	1b0j_A
2b3x_A	1b0k_A
2b3x_A	1b0k_A
2b3x_A	1b0m_A
2b3x_A	1c96_A
2b3x_A	1fgh_A
2b3x_A	1nis_A
2b3x_A	5acn_A
2b3x_A	6acn_A
2b3x_A	7acn_A
2b3x_A	8acn_A
2b4m_A	2b4m_A
2b4m_A	2b4m_A
2b51_A	2b51_A
2b51_A	2b56_A
2b51_A	2b56_A
2b51_A	5hzd_A
2b51_A	5i49_A
2b51_A	5ido_A
2b5l_D	2b5l_D
2b67_A	2b67_A
2b67_A	3qdl_B
2b67_A	3qdl_A
2b67_A	3eo8_A
2b67_A	3eo8_B
2b67_A	3eo8_A
2b67_A	6pz0_A
2b67_A	3ge6_B
2b67_A	3ge6_A
2b67_A	3gbh_B
2b67_A	2fre_B
2b67_A	2fre_A
2b67_A	3bm1_B
2b67_A	3bm1_A
2b67_A	7tmf_B
2b67_A	3gag_A
2b67_A	3gag_B
2b67_A	3gag_A
2b67_A	4qly_B
2b67_A	4qly_A
2b67_A	6czp_A
2b67_A	7uwt_B
2b67_A	6czp_B
2b67_A	7uwt_B
2b67_A	1ds7_A
2b67_A	1ds7_B
2b67_A	1icr_A
2b67_A	1icr_B
2b67_A	1icu_A
2b67_A	1icu_B
2b67_A	1icu_B
2b67_A	1icv_A
2b67_A	1icv_B
2b67_A	1idt_A
2b67_A	1idt_B
2b67_A	1idt_A
2b67_A	1kqb_A
2b67_A	1kqb_B
2b67_A	1kqc_A
2b67_A	1kqc_B
2b67_A	1kqc_A
2b67_A	1kqd_A
2b67_A	1kqd_B
2b67_A	1nec_A
2b67_A	1nec_B
2b67_A	1oo5_A
2b67_A	1oo5_B
2b67_A	1oo6_A
2b67_A	1oo6_B
2b67_A	1oon_A
2b67_A	1oon_B
2b67_A	1ooq_A
2b67_A	1ooq_B
2b67_A	1ooq_A
2b67_A	1yki_B
2b67_A	5j8d_A
2b67_A	5j8g_A
2b67_A	7x32_E
2b67_A	1v5y_A
2b67_A	1v5y_B
2b67_A	1v5y_A
2b67_A	1v5z_A
2b67_A	1vfr_A
2b67_A	1vfr_B
2b7j_A	2b7j_A
2b7j_A	2ggt_A
2b7j_A	6n5u_A
2b8w_B	2b8w_B
2b8w_B	2d4h_A
2b9d_A	2b9d_A
2b9s_A	2b9s_A
2b9w_A	2b9w_A
2b9w_A	2bac_A
2b9w_A	2bac_A
2ba1_A	2ba1_A
2bb3_A	2bb3_A
2bb3_A	2bb3_A
2bbh_A	2bbh_A
2bbh_A	2bbh_A
2bbh_A	8slb_A
2bbh_A	2hn1_A
2bbr_A	2bbr_A
2bbv_C	2bbv_C
2bco_A	2bco_A
2ber_A	2ber_A
2ber_A	1euu_A
2bex_B	2bex_B
2bf0_X	2bf0_X
2osd_A	2osd_A
2osd_A	2oso_A
2osu_A	2osu_A
2osu_A	3vp1_A
2osu_A	4o7d_A
2osu_A	4o7d_A
2ot4_A	2ot4_A
2ot4_A	2zo5_A
2ot4_A	3f29_B
2ot4_A	3mmo_A
2ot4_A	3rkh_A
2ot4_A	3sce_A
2ot4_A	3sxq_A
2ou3_A	2ou3_A
2ou5_A	2ou5_A
2ou5_A	2ou5_B
2ou5_A	2ou5_A
2ouy_A	2ouy_A
2ouy_A	2oun_A
2ouy_A	2ouq_A
2ouy_A	2ouu_A
2ouy_A	2ovv_A
2ouy_A	2wey_A
2ouy_A	4lkq_A
2ouy_A	4llk_A
2ouy_A	4llx_A
2ouy_A	4lm0_A
2ouy_A	4lm4_A
2ouy_A	4lm4_A
2ouy_A	4msa_A
2ouy_A	4msh_A
2ow6_A	2ow6_A
2ow6_A	1hww_A
2ow6_A	1hxk_A
2ow6_A	1ps3_A
2ow6_A	1tqt_A
2ow6_A	2alw_A
2ow6_A	3buq_A
2ow6_A	3bvv_A
2ow6_A	3d4y_A
2ow6_A	3d4z_A
2ow6_A	3d51_A
2owl_A	2owl_A
2ox6_A	2ox6_A
2oyk_B	2oyk_B
2oyk_B	2osx_A
2oyk_B	2osy_B
2oyk_B	2oyl_B
2oyk_B	2oym_A
2oyk_B	5j14_A
2oyn_A	2oyn_A
2oyn_A	2vbv_A
2oyn_A	2vbv_B
2oyr_A	2oyr_A
2oyy_A	2oyy_A
2oze_A	2oze_A
2ozg_A	2ozg_A
2ozg_A	2ozg_A
2ozg_A	4my0_C
2ozg_A	6vuy_A
2ozg_A	3r1k_A
2ozg_A	8f4z_A
2ozg_A	8f51_A
2ozg_A	3sxn_A
2ozg_A	3sxn_B
2ozg_A	3sxn_A
2ozg_A	6rfx_E
2ozg_A	6rft_A
2ozn_B	2ozn_B
2p06_B	2p06_B
2p0d_A	2p0d_A
2p0d_A	2p0h_A
2p0d_A	2p0f_A
2p0n_A	2p0n_A
2p0r_D	2p0r_D
2p1h_A	2p1h_A
2p1o_C	2p1o_C
2p35_B	2p35_B
2p35_B	2p35_A
2p39_A	2p39_A
2p4p_B	2p4p_B
3i5x_A	3i5x_A
3i5x_A	3i61_A
3i5x_A	3i62_A
3i5x_A	3sqx_A
3i5x_A	4tyn_A
3i5x_A	4tyy_A
3i5x_A	4tz0_A
3i6d_B	3i6d_B
3i6d_B	3i6d_A
3i6d_B	2ive_A
3i6d_B	2ive_A
3i6d_B	3lov_A
3i6d_B	3lov_A
3i6d_B	1sez_A
3i6d_B	1sez_B
3i6d_B	4ivo_A
3i6d_B	3nks_A
3i8x_A	3i8x_A
3i8x_A	3i8x_A
3i8x_A	3i8s_B
3i8x_A	3b1v_A
3i8x_A	3b1x_A
3i8x_A	3ss8_A
3i8x_A	4r98_B
3i97_A	3i97_A
3i97_A	5ijr_A
3i97_A	5jgi_B
3i97_A	6fmf_A
3i97_A	1d7p_M
3i97_A	4xzu_M
3i97_A	7s0p_M
3i99_A	3i99_A
3i99_A	1mbb_A
3i99_A	1uxy_A
3i99_A	1uxy_A
3i99_A	2mbr_A
3i99_A	4jb1_A
3i99_A	4jay_A
3i99_A	5jzx_A
3i9f_B	3i9f_B
3iab_B	3iab_B
3iar_A	3iar_A
3iar_A	1a4l_A
3iar_A	1a4m_A
3iar_A	1add_A
3iar_A	1fkw_A
3iar_A	1fkx_A
3iar_A	1krm_A
3iar_A	1ndz_A
3iar_A	1uio_A
3iar_A	1uip_A
3iar_A	2ada_A
3iar_A	2z7g_A
3iar_A	3km8_A
3iar_A	3t1g_A
3iar_A	7rtg_B
3iar_A	4gxw_A
3iar_A	6ijn_A
3iar_A	6ijp_A
3iar_A	6iv5_A
3iar_A	6j23_A
3iar_A	3ewd_A
3iar_A	3ewd_A
3iar_A	2amx_A
3iar_A	2pgf_A
3iar_A	2pgr_A
3iar_A	2qvn_A
3iar_A	6ii7_A
3iar_A	3pbm_B
3iar_A	3pan_B
3iar_A	3rys_A
3ib8_A	3ib8_A
3ib8_A	3ib7_A
3ibm_B	3ibm_B
3ibm_B	3jzv_A
3ibz_A	3ibz_A
3ic3_B	3ic3_B
3ic4_A	3ic4_A
3ic4_A	5cax_A
3icj_A	3icj_A
3icp_A	3icp_A
3icp_A	2p5y_A
3icp_A	7yst_B
3icp_A	3ehe_A
3icp_A	4lk3_C
3icp_A	4lk3_B
3icp_A	4gll_A
3icp_A	2b69_A
3icp_A	4zrn_B
3icp_A	6dnt_A
3icp_A	6wj9_B
3icp_A	6zlk_A
3icp_A	6zll_A
3icp_A	1eq2_D
3icp_A	2x6t_A
3icp_A	2x6t_G
3icp_A	2x86_B
3icp_A	3sxp_A
3icp_A	4ej0_A
3icp_A	4ej0_A
3icp_A	5u4q_A
3icp_A	1ker_B
3icp_A	1kep_A
3icp_A	1kep_B
3icp_A	1kep_A
3icp_A	1ker_A
3icp_A	1ket_A
3icp_A	1ket_B
3icp_A	1keu_A
3icp_A	1g1a_A
3icp_A	1keu_B
3icp_A	1keu_A
3icp_A	1kew_A
3icp_A	1kew_B
3icp_A	1kew_A
3icp_A	1bxk_A
3icp_A	2hun_A
3icp_A	6bi4_B
3icp_A	6bi4_C
3icp_A	1wvg_A
3icp_A	1rkx_B
3icp_A	1rkx_C
3icp_A	1wvg_B
3icp_A	2c5e_A
3icp_A	2c59_A
3icp_A	6vo6_D
3icp_A	1rpn_A
3icp_A	2z1m_A
3icp_A	1n7g_C
3icp_A	1n7g_A
3icp_A	1n7g_B
3icp_A	1n7g_D
3icp_A	1n7h_A
3icp_A	5in4_A
3icp_A	1t2a_B
3icp_A	1t2a_A
3icp_A	5in5_C
3icp_A	6gpk_A
3icp_A	7kf3_A
3icp_A	1sb8_A
3icp_A	1sb8_A
3icp_A	1sb9_A
3icp_A	3lu1_A
3icp_A	3lu1_A
3icp_A	3ruf_A
3icp_A	1orr_C
3icp_A	1orr_A
3icp_A	2q1w_A
3icp_A	2pzm_A
3icp_A	3m2p_B
3icp_A	6pmh_A
3icp_A	2q1s_A
3icp_A	2q1s_A
3icp_A	2q1u_A
3icp_A	6x3b_B
3icp_A	6x3b_A
3icp_A	8v4g_B
3icp_A	8v4h_B
3idb_B	3idb_B
3idu_A	3idu_A
3ieh_A	3ieh_A
3iel_A	3iel_A
3iel_A	8t1q_A
3iel_A	6q55_A
3ies_A	3ies_A
3ies_A	3ies_A
3ieu_A	3ieu_A
3ieu_A	3iev_A
3ieu_A	3r9x_A
3ieu_A	7c1o_A
3if2_A	3if2_A
3if2_A	3if2_B
3if2_A	3if2_A
3ifu_A	3ifu_A
3ig4_A	3ig4_A
3ig4_A	1w7v_A
3ig4_A	5wze_C
3ig4_A	5m4l_A
3ig4_A	5mc1_B
3ig4_A	6a9t_A
3ig5_A	3ig5_A
3ig5_A	3ig8_A
3ig5_A	3ig8_A
3ig5_A	3lvw_A
3igs_A	3igs_A
3ihb_A	3ihb_A
3ihk_B	3ihk_B
3ihk_B	3ihk_A
3ihk_B	3lm8_A
3ihk_B	3lm8_A
3ihk_B	3lm8_B
3ihk_B	3mel_A
3ihk_B	3mel_B
3ihk_B	3mel_C
3ihp_B	3ihp_B
3iht_A	3iht_A
3iib_A	3iib_A
3iif_A	3iif_A
3iif_A	3iid_A
3ivb_A	3ivb_A
3iwf_A	3iwf_A
3ixp_A	3ixp_A
3ixp_A	4ozt_A
3ixp_A	1pq6_B
3ixp_A	1pq6_A
3ixp_A	1pq9_A
3ixp_A	1pq9_B
3ixp_A	3ipu_A
3ixp_A	4dk8_C
3jay_A	3jay_A
3jqm_E	3jqm_E
3jqm_E	3jqj_B
3jqr_A	3jqr_A
3jqr_A	3jqp_D
3jqr_A	1qfy_A
3jqr_A	1bx0_A
3jqr_A	1bx1_A
3jqr_A	1fnb_A
3jqr_A	1fnc_A
3jqr_A	1frn_A
3jqr_A	1frq_A
3jqr_A	1gaw_A
3jqr_A	1qfz_A
3jqr_A	1qfz_A
3jqr_A	1qg0_A
3jqr_A	1qga_A
3jqr_A	1sm4_A
3jqr_A	3mhp_A
3jqr_A	3vo2_A
3jqr_A	3vo2_B
3jqr_A	3w5u_A
3jqr_A	1ewy_A
3jqr_A	1b2r_A
3jqr_A	1bjk_A
3jqr_A	1bqe_A
3jqr_A	1go2_A
3jqr_A	1gr1_A
3jqr_A	1h42_A
3jqr_A	1h85_A
3jqr_A	1ogi_A
3jqr_A	1ogj_A
3jqr_A	1qgz_A
3jqr_A	1qh0_A
3jqr_A	1que_A
3jqr_A	1que_A
3jqr_A	1quf_A
3jqr_A	2vzl_A
3jqr_A	2b5o_B
3jqr_A	2b5o_A
3jqr_A	2rc5_A
3jqr_A	2rc6_A
3jqr_A	2rc6_A
3jqr_A	5vw2_A
3jqr_A	1jb9_A
3jqr_A	5vw4_A
3jqw_C	3jqw_C
3js8_A	3js8_A
3js8_A	1i19_A
3js8_A	1i19_A
3js8_A	1i19_B
3jsz_A	3jsz_A
3jsz_A	2wzf_A
3jsz_A	3jsz_A
3juc_A	3juc_A
3jul_A	3jul_A
3jul_A	3ie7_A
3jul_A	2ajr_A
3jvv_B	3jvv_B
3jvv_B	3jvv_C
3jvv_B	2ewv_A
3jvv_B	5fl3_A
3jwg_A	3jwg_A
3jwg_A	4xcx_A
3jwg_A	4xcx_A
3jwg_A	5wy0_A
3jyg_A	3jyg_A
3jyu_B	3jyu_B
3jz0_A	3jz0_A
3jz0_A	3jyy_B
3jzj_A	3jzj_A
3jzj_A	3k02_A
3jzj_A	3k01_A
3jzj_A	7x0i_B
3jzj_A	7x0n_B
3jzj_A	7c6g_A
3jzj_A	7c67_A
3jzj_A	7c63_A
3jzj_A	7c63_A
3jzj_A	7c64_A
3jzj_A	7c66_A
3jzj_A	7c67_A
3jzj_A	7c68_A
3jzj_A	7c6i_B
3jzj_A	7c6k_A
3jzj_A	2z8f_A
3jzj_A	2z8d_A
3jzj_A	4qrz_A
3jzj_A	4qsd_A
3jzj_A	4rjz_A
3jzj_A	4qsd_A
3jzj_A	4r2f_A
3jzj_A	4c1t_A
3jzj_A	7ape_A
3k2p_A	3k2p_A
4cte_A	4cte_A
4cte_A	4crq_A
4cte_A	3azz_A
4cte_A	3azz_A
4cte_A	3b00_A
4cte_A	7kr6_AAA
4cte_A	6vho_AAA
4cte_A	6xqm_A
4cte_A	7eo3_A
4cte_A	3rq0_A
4cte_A	4pq9_A
4cte_A	4wzf_B
4cte_A	5ocr_A
4cte_A	5ocq_B
4cte_A	8ew1_B
4cte_A	8ep4_A
4cte_A	6t2q_AAA
4cub_B	4cub_B
4cub_B	4cu9_B
4cv4_A	4cv4_A
4cv7_A	4cv7_A
4cvb_A	4cvb_A
4cvb_A	4cvb_A
4cvb_A	1g72_A
4cvb_A	1g72_C
4cvb_A	4aah_A
4cvb_A	4aah_C
4cvb_A	1lrw_A
4cvb_A	1h4i_A
4cvb_A	1h4i_C
4cvb_A	1lrw_C
4cvb_A	4tqo_A
4cvb_A	7o6z_A
4cvb_A	1kv9_A
4cvb_A	1kb0_A
4cvh_A	4cvh_A
4cvl_A	4cvl_A
4cvl_A	4cvl_A
4cvl_A	4cvm_A
4cvl_A	4qdi_A
4cvl_A	4qf5_A
4cvl_A	4ziy_A
4cvo_A	4cvo_A
4cw5_B	4cw5_B
4cw5_B	4z38_B
4cw5_B	4z9r_B
4cw5_B	4z9r_B
4cw5_B	6lkc_B
4cxo_A	4cxo_A
4cxo_A	4cxp_A
4cxo_A	3w52_A
4cxo_A	4jdg_A
4cxo_A	3sng_A
4cxo_A	5fb9_A
4cxo_A	5fbb_A
4cxo_A	5fbd_A
4cxo_A	5fbf_A
4cxo_A	5fbg_B
4cxo_A	7qta_A
4cxo_A	7qtb_A
4cyj_B	4cyj_B
4cyj_B	4bwx_B
4cyj_B	4bwx_B
4cyj_B	4cyj_A
4czw_A	4czw_A
4d05_B	4d05_B
4d05_B	4d05_A
4d07_A	4d07_A
4d0l_A	4d0l_A
4d1l_F	4d1l_F
4d1y_A	4d1y_A
4d1y_A	3cne_A
4d1y_A	3cne_C
4d1y_A	4d1y_B
4d1y_A	4d1y_A
4d40_B	4d40_B
4d49_E	4d49_E
4d4o_A	4d4o_A
4d4z_B	4d4z_B
4d59_A	4d59_A
4d59_A	4ci7_A
4d5b_A	4d5b_A
4d5b_A	4v3g_A
4d62_A	4d62_A
4d7e_B	4d7e_B
4d7e_A	4d7e_A
4d7l_A	4d7l_A
4d7v_A	4d7v_A
4d7v_A	6rs6_A
4d7v_A	7exk_D
4d7v_A	7t5d_A
4d7v_A	4eir_B
4d7v_A	5acf_A
4d7v_A	5nkw_A
4d7v_A	5nln_A
4d7v_A	5nlp_A
4d81_A	4d81_A
4d81_A	6g2z_A
4d81_A	6g2w_A
4d81_A	6g2x_A
4d81_A	2qz4_A
4d81_A	1lv7_A
4d81_A	3d8b_B
4d81_A	3d8b_A
4d81_A	4l16_A
4d81_A	6p10_B
4d86_A	4d86_A
4d9m_A	4d9m_A
4d9m_A	4d9m_B
4d9m_A	4d9n_A
4d9m_A	5ygr_D
4obi_A	4obi_A
4obu_B	4obu_B
4obu_B	4obu_A
4obu_B	5o5c_B
4obu_B	6zek_C
4obu_B	2jis_B
4obu_B	2okj_B
4obu_B	3vp6_A
4obu_B	3vp6_B
4obu_B	4riz_C
4obw_A	4obw_A
4obw_A	4obw_C
4oc6_A	4oc6_A
4oc6_A	4obz_A
4oc6_A	4od9_A
4oc6_A	6qbg_A
4oc6_A	6qbh_A
4oc6_A	6qcb_A
4oc6_B	4oc6_B
4oc6_B	4obz_B
4oc6_B	4od9_D
4oc6_B	6qbg_B
4oc6_B	6qbh_B
4oc6_B	6qcb_B
4odo_A	4odo_A
4odo_A	3luo_A
4odo_A	4odo_B
4odo_A	4odo_B
4oe4_B	4oe4_B
4oe4_B	2bhp_A
4oe4_B	2ehu_A
4oe4_B	2eii_A
4oe4_B	2eit_A
4oe4_B	2j5n_A
4oe4_B	3v9j_B
4oe4_B	3v9k_B
4oe4_B	3v9l_B
4oe4_B	4lh0_B
4oe4_B	4lh3_B
4oe4_B	4ihi_A
4oe4_B	4lem_C
4oei_A	4oei_A
4oei_A	3s18_A
4of3_A	4of3_A
4ofa_A	4ofa_A
4ofl_A	4ofl_A
4ofl_A	4ofo_A
4ogq_E	4ogq_E
4ogq_F	4ogq_F
4ohf_A	4ohf_A
4ohf_A	4ohf_B
4ohf_A	6fxh_A
4ohf_A	2xjb_A
4ohf_A	6ddl_B
4ohf_A	2jc9_A
4ohf_A	2xjb_A
4ohf_A	2xjc_A
4ohf_A	2xjd_A
4ohf_A	2xje_A
4ohf_A	2xje_A
4ohf_A	2xjf_A
4ohf_A	4h4b_A
4ohf_A	5opk_A
4ohf_A	6ddb_A
4ohf_A	6ddh_A
4ohf_A	6ddz_A
4ohw_A	4ohw_A
4ohw_A	4ohw_A
4ohw_A	4ohx_A
4ohw_A	4ohy_A
4ohw_A	4oi0_A
4ohw_A	4c0b_B
4ohw_A	4c0b_A
4oi6_B	4oi6_B
4ojo_A	4ojo_A
4ojo_A	4ojl_C
4ojx_A	4ojx_A
4ojx_A	4ojv_A
4ojz_A	4ojz_A
4ojz_A	4ojz_B
4ojz_A	4ok2_B
4ojz_A	7bm6_A
4ojz_A	7bjt_A
4oko_A	4oko_A
4okr_B	4okr_B
4okr_B	4hqo_A
4okr_B	4hql_A
4okr_B	4hqn_B
4oll_A	4oll_A
4oll_A	4ava_A
4oll_A	4ava_A
4oll_A	4avc_A
4ols_D	4ols_D
4ols_D	4ols_A
4omf_B	4omf_B
4omf_B	6qgr_B
4omf_G	4omf_G
4omf_G	6qgr_G
4omk_A	4omk_A
4omk_A	3w67_B
4omk_A	1oiz_A
4omk_A	1r5l_A
4omk_A	3w68_B
4omk_A	3w68_B
4omk_A	7y11_A
4omk_A	7zgc_A
4omk_A	3b7n_A
4omr_A	4omr_A
4omr_A	4jvt_A
4omr_A	4omr_A
4on1_A	4on1_A
4on1_A	3p24_B
4on1_A	3p24_A
4on1_A	7pou_B
4on1_A	7poq_A
4on1_A	7pnd_A
4on1_A	7pou_A
4onj_B	4onj_B
4onj_B	4onj_B
7bgy_A	7bgy_A
7bgy_B	7bgy_B
7bi7_A	7bi7_A
7bip_B	7bip_B
7bip_B	4uwm_A
7bip_B	4uwm_B
7bip_B	5aec_A
7biz_A	7biz_A
7bkc_c	7bkc_c
7bkc_e	7bkc_e
7bkc_h	7bkc_h
7bkc_j	7bkc_j
7bmf_A	7bmf_A
7bmf_A	5x4j_A
7bmf_A	5x4k_A
7bmf_A	5x4h_A
7bmf_A	5x4i_A
7bmu_A	7bmu_A
7bng_A	7bng_A
7bps_A	7bps_A
7bsv_A	7bsv_A
7bu0_A	7bu0_A
7bu1_B	7bu1_B
7bu1_B	7btz_A
7bu5_A	7bu5_A
7bv5_A	7bv5_A
7bv5_D	7bv5_D
7bvc_A	7bvc_A
7bvc_A	7bvc_B
7bvc_A	7bve_A
7bvc_A	7bvf_B
7bvj_A	7bvj_A
7bvs_A	7bvs_A
7bvs_A	7exz_A
7bvs_A	7dnn_A
7bwl_A	7bwl_A
7bwl_A	1y0g_A
7bwl_A	5w3c_A
7bwl_A	5w2r_A
7bwl_A	1wub_A
7bxo_H	7bxo_H
7bxo_H	7aer_B
7by1_A	7by1_A
7byw_A	7byw_A
7bz0_A	7bz0_A
7bz0_A	5z9t_A
7bzc_A	7bzc_A
7bzc_A	5ilk_A
7bzc_A	5ikh_A
7bzc_A	1hxa_A
7bzc_A	1hxc_A
7bzc_A	3m01_A
7bzc_A	3m02_A
7bzc_A	4rnq_A
7bzc_A	5dhk_A
7bzc_A	5ik0_A
7bzc_A	5ik9_A
7bzc_A	5il8_A
7bzc_A	5ilh_A
7bzc_A	1n1z_A
7bzc_A	1n1z_B
7bzc_A	1n1z_A
7bzc_A	1n20_A
7bzc_A	1n20_B
7bzc_A	1n22_A
7bzc_A	1n22_B
7bzc_A	1n23_A
7bzc_A	1n24_A
7bzc_A	1n24_B
7bzc_A	2ong_A
7bzc_A	5uv1_A
7bzc_A	5uv2_A
7bzc_A	3n0g_B
7bzc_A	6a1i_A
7bzc_A	6a3x_A
7bzc_A	6o9p_A
7c24_A	7c24_A
7c24_A	5z3f_A
7c28_A	7c28_A
7c28_A	5mg9_A
7c39_A	7c39_A
7c39_A	7c38_A
7c39_A	7c3c_A
7c39_A	7c3c_B
7c39_A	7c3d_A
7c43_A	7c43_A
7c43_A	7c4c_A
7c43_A	7c45_A
7c43_A	7c47_A
7c43_A	7c4b_A
7piz_C	7piz_C
7piz_C	7pjc_A
7piz_C	7pjc_B
7piz_C	6sno_A
7piz_C	1c47_A
7piz_C	5vin_A
7piz_C	6snp_A
7piz_C	6snq_A
7piz_C	6y8y_A
7piz_C	1kfi_A
7piz_C	2fuv_A
7q92_D	7q92_D
7q92_D	7q92_C
7q92_D	7q91_A
7q92_D	7q92_C
7q92_D	7q91_B
7q92_D	7q93_D
7yye_B	7yye_B
7yye_B	7qkn_A
7yye_B	7yye_A
7yye_B	7qkn_B
7qxt_A	7qxt_A
7qxt_A	7r00_A
7qxt_A	7ppx_AAA
7qxt_A	7qyk_AAA
7qxt_A	7qyl_AAA
7qxt_A	7r00_AAA
7qxt_A	7z9i_AAA
7sku_A	7sku_A
7sku_A	7skt_B
7sku_A	7sku_A
8aqi_B	8aqi_B
8aqi_B	7snw_B
8aqi_B	8aq6_A
8aqi_B	8aqi_B
7txa_1	7txa_1
7txa_1	7js3_D
7txa_1	7txa_1
7txa_1	7txg_B
7txa_1	3d1r_A
7txa_1	3rpl_B
7txa_1	6ayu_A
7u4o_A	7u4o_A
7u4o_A	7y4c_B
7u4o_A	7u4o_F
7u4o_A	7y4c_C
7u4o_A	2hcm_A
7u4o_A	4woh_A
7u4o_A	5gtj_B
7vfl_C	7vfl_C
7vfl_C	7ec1_B
7vfl_C	7ec3_A
7vfl_C	4pqg_A
7vu0_B	7vu0_B
7vu0_B	7vtz_A
7vu0_B	7vu0_A
7vu0_B	7vu2_A
7wcf_A	7wcf_A
7wcf_A	8ezs_B
7wcf_A	7wcf_A
7wyo_B	7wyo_B
7wyo_B	7wyl_A
7wyo_B	7qub_AAA
7wyo_B	7l8h_B
7wyo_B	7gok_A
7wyo_B	7gos_B
7wyo_B	2zu3_A
7wyo_B	7gny_B
7wyo_B	7go0_B
7wyo_B	7goa_B
7wyo_B	7goi_A
7wyo_B	7gom_B
7wyo_B	7gop_B
7wyo_B	7got_B
7wyo_B	7gp0_A
7wyo_B	7gp1_B
7wyo_B	7gp2_A
7wyo_B	7gp5_B
7wyo_B	7gpq_A
7wyo_B	7gpv_B
7wyo_B	7gpy_A
7wyo_B	7gq0_B
7wyo_B	7gq2_A
7wyo_B	7gq4_A
7wyo_B	7gq5_A
7wyo_B	7gqf_A
7wyo_B	7gqg_B
7wyo_B	7gqh_A
7wyo_B	7gqi_A
7wyo_B	7wyl_A
7x0e_A	7x0e_A
7x0e_A	7x0f_C
7x0e_A	7x0f_A
1in0_B	1in0_B
1io0_A	1io0_A
1iq8_A	1iq8_A
1iq8_A	1it7_A
1iq8_A	1it7_A
1iq8_A	1it8_A
1iq8_A	1it8_B
1iq8_A	1it8_A
1ir3_B	1ir3_B
1irx_B	1irx_B
1is2_A	1is2_A
1is2_A	1is2_B
1is2_A	2ddh_A
1is2_A	5k3j_A
1is2_A	1w07_A
1is2_A	5ys9_A
1isu_A	1isu_A
1isy_A	1isy_A
1isy_A	1isz_A
1isy_A	1it0_A
1isy_A	1it0_B
1isy_A	1v6u_A
1isy_A	1v6v_A
1isy_A	2d20_A
1isy_A	2d23_A
1it2_A	1it2_A
1it2_A	2lhb_A
1it2_A	1f5p_A
1itw_A	1itw_A
1itw_A	5kvu_A
1itw_A	5z16_B
1itw_A	6g3u_A
1iuq_A	1iuq_A
1iv2_A	1iv2_A
1iv2_A	1iv2_B
1iv2_A	1iv4_A
1iv2_A	1iv4_B
1iv2_A	1iv4_C
1iv2_A	1t0a_A
1iv2_A	1jn1_A
1iv2_A	3fpi_A
1iv2_A	2uzh_C
1iv2_A	2uzh_A
1iv2_A	2uzh_B
1iv2_A	2uzh_C
1iv2_A	5b8f_C
1iv2_A	3p10_A
1iv2_A	3f0f_B
1iv2_A	1gx1_A
1iv2_A	1gx1_B
1iv2_A	1gx1_C
1iv2_A	1h48_B
1iv2_A	1h48_C
1iv2_A	1u40_A
1iv2_A	2gzl_A
1iv2_A	3ern_A
1iv2_A	3esj_A
1iv2_A	3f0g_A
1iv2_A	3ghz_A
1iv2_A	3ike_A
1iv2_A	3p10_A
1iv2_A	3qhd_A
1iv2_A	3t80_A
1iv2_A	6mwf_A
1iv2_A	6mwi_B
1iv2_A	6mwj_A
1iv2_A	6nmo_C
1iv2_A	3f0g_B
1iv2_A	3iew_B
1iv2_A	3iew_A
1iv2_A	3iew_C
1iv2_A	3t80_C
1iv2_A	4c8g_B
1iv2_A	4c8g_C
1t0b_G	1t0b_G
1t0f_A	1t0f_A
1t0i_A	1t0i_A
1t0i_A	1t0i_B
1t0i_A	1t0i_A
1t0o_A	1t0o_A
1t0o_A	1szn_A
1t0o_A	3lrm_A
1t0o_A	3lrl_A
1t0o_A	6ibk_B
1t0o_A	3gxt_B
1t0o_A	3s5y_A
1t0o_A	3s5y_B
1t0o_A	4do4_B
1t0o_A	4do5_B
1t0o_A	4do6_B
1t0o_A	4nzf_D
1t13_A	1t13_A
1t13_A	1t13_C
1t13_A	1t13_D
1t13_A	2obx_H
1t13_A	2obx_I
1t16_A	1t16_A
1t16_A	3pgu_A
1t16_A	3pgs_B
1t16_A	3pgs_A
1t16_A	3dwo_X
1t47_B	1t47_B
1t47_B	1sqi_B
1t47_B	1tfz_A
1t47_B	7x8i_A
1t47_B	3zgj_B
1t47_B	7x7l_C
1t4w_A	1t4w_A
1t57_A	1t57_A
1t57_A	1t57_C
1t57_A	1vp8_A
1t5e_C	1t5e_C
1t5k_A	1t5k_A
1t5k_A	1bxa_A
1t5k_A	1id2_A
1t5k_A	5u7n_B
1t5k_A	2cua_B
1t61_C	1t61_C
1t6b_Y	1t6b_Y
1t6x_B	1t6x_B
1t6x_B	1s4m_A
1t6x_B	1t6y_B
1t6x_B	1t6y_B
1t6x_B	1t6z_B
1t7p_A	1t7p_A
1t7p_A	1t8e_A
1t7p_A	1tkd_A
1t7p_A	1zyq_A
1t84_A	1t84_A
1t8s_B	1t8s_B
1t8s_B	1t8y_A
1t8u_B	1t8u_B
1t8u_B	6xkg_A
1t8u_B	1t8t_A
1t8u_B	1t8u_A
1t8u_B	6xkg_B
1t8u_B	6xl8_A
1t8u_B	1nst_A
1taf_B	1taf_B
1taq_A	1taq_A
1taq_A	6vde_A
1tbz_C	1tbz_C
1tbz_C	1a5g_C
1tbz_C	1ai8_C
1tbz_C	1aix_C
1tbz_C	1awf_C
1tbz_C	1eb1_D
1tbz_C	1h8i_C
1tbz_C	1k21_C
1tbz_C	1qur_C
1tbz_C	1a46_C
1tbz_C	1a4w_C
1tbz_C	1fpc_C
1tbz_C	1aht_C
1tbz_C	1d3d_A
1tbz_C	1d3p_A
1tbz_C	1d4p_A
1tbz_C	1gj4_C
1tbz_C	1bcu_C
1tbz_C	1lhc_C
1tbz_C	1lhd_C
1tbz_C	1lhe_C
1tbz_C	1lhf_C
1tbz_C	1lhg_C
1tbz_C	1qbv_C
1tbz_C	1tom_C
1tbz_C	1g30_A
1tbz_C	1g32_A
1tbz_C	1ktt_A
1tbz_C	1h8d_C
1tbz_C	1uvt_B
2p66_A	2p66_A
2p66_A	4rq2_A
2p66_A	6dic_A
2p66_A	3ogu_A
2p66_A	1huo_A
2p66_A	1huz_A
2p66_A	3mby_A
2p66_A	3rh4_A
2p66_A	4o5e_A
2p66_A	4pha_A
2p66_A	5tbb_A
2p66_A	5ugo_A
2p66_A	5v1p_A
2p66_A	5wny_A
2p66_A	6bel_A
2p66_A	6crh_A
2p66_A	6cub_A
2p66_A	6uok_F
2p66_A	6uol_A
2p66_A	7icr_A
2p66_A	7k96_A
2p66_A	7s9j_A
2p66_A	8ica_A
2p66_A	8icn_A
2p66_A	8ico_A
2p66_A	8ics_A
2p66_A	8icu_A
2p66_A	9ica_A
2p66_A	9ich_A
2p66_A	9icn_A
2p66_A	7m0d_B
2p66_A	3mdc_A
2p66_A	4k4g_M
2p66_A	4k4h_I
2p66_A	4k4i_A
2p66_A	4xus_A
2p66_A	6ipj_A
2p66_A	5twr_A
2p66_A	5zlc_A
2p66_A	6aec_A
2p66_A	6aeh_A
2p66_A	6ak5_A
2p66_A	6ak6_A
2p66_A	6ipd_A
2p66_A	6iph_A
2p66_A	6ipk_A
2p66_A	6p1n_A
2p66_A	6p1p_A
2p66_A	6p1r_A
2p66_A	6p1w_A
2p66_A	6vf1_A
2p66_A	6vf5_A
2p66_A	6vf8_A
2p66_A	7co8_A
2p66_A	4i27_A
2p66_A	1kej_A
2p66_A	4i2b_A
2p66_A	4i2c_A
2p66_A	4i2f_A
2p66_A	4i2g_A
2p66_A	4i2i_A
2p66_A	4i2j_A
2p66_A	4qzb_A
2p66_A	5d46_A
2p66_A	6go5_A
2p6y_A	2p6y_A
2p6y_A	2h6l_A
2p6y_A	2hx0_A
2p72_B	2p72_B
2p72_B	2p73_A
2p97_A	2p97_A
2p9x_C	2p9x_C
2pa3_A	2pa3_A
2pa3_A	1yba_A
2pa7_B	2pa7_B
2pa7_B	2pa7_A
2pa7_B	4o9g_A
2pa7_B	4zu7_D
2pa7_B	4zu4_C
2pa7_B	4zu4_A
2pa7_B	4zu4_B
2pa8_D	2pa8_D
2pa8_D	8him_C
2pag_A	2pag_A
2par_B	2par_B
2par_B	2par_A
2par_B	2pau_B
2par_B	3mzo_B
2pbz_B	2pbz_B
2pbz_B	2pbz_A
2pbz_B	2r86_A
2pbz_B	2r86_A
2pbz_B	2r7k_A
2pbz_B	2r7l_A
2pbz_B	2r7m_A
2pbz_B	2r7n_A
2pbz_B	2r7n_A
2pc6_A	2pc6_A
2peb_A	2peb_A
2pfr_A	2pfr_A
2ph5_A	2ph5_A
2ph5_A	4plp_A
2ph5_A	4xr4_A
2ph5_A	4xrg_A
2ph5_A	4tvb_A
2ph5_A	4tvb_B
2ph5_A	4xqc_B
2ph5_A	4xqc_A
2ph5_A	4xqg_B
2phn_B	2phn_B
2phn_B	7uld_A
2phn_B	7ulf_A
2phn_B	8g8p_AAA
2pia_A	2pia_A
2pij_A	2pij_A
2pjp_A	2pjp_A
2pke_A	2pke_A
2uvp_C	2uvp_C
2uxc_J	2uxc_J
2uxc_K	2uxc_K
2uxu_B	2uxu_B
2uxu_B	3p9t_A
2uxu_B	3p9t_A
2uxu_B	3qbm_A
2uyq_A	2uyq_A
2uyq_A	2uyq_A
2v0k_A	2v0k_A
2v0k_A	2v0j_A
2v0k_A	2v0l_A
2v0k_A	2w0w_A
2v0k_A	1hm9_A
2v0k_A	1g97_A
2v0k_A	1g97_A
2v0k_A	1hm9_A
2v0k_A	7kr9_A
2v0k_A	2oi7_B
2v0k_A	1hv9_A
2v0k_A	3d8v_A
2v0k_A	3st8_A
2v0k_A	4g3q_A
2v0k_A	4g3s_A
2v0k_A	4k6r_A
2v0k_A	4k6r_A
2v0k_A	6ge9_A
2v0n_A	2v0n_A
2v2q_A	2v2q_A
2v2q_A	2v2q_B
2v2q_A	2v34_B
2v2q_A	2v8p_A
2v2q_A	2vf3_B
2v2q_A	1oj4_A
2v2q_A	1oj4_B
2v2q_A	2ww4_A
2v2q_A	2ww4_B
2v2q_A	4dxl_A
2v2q_A	3pye_A
2v2q_A	3pyf_A
2v2q_A	3pyg_A
2v2q_A	4dxl_A
2v3a_A	2v3a_A
2v3a_A	2v3a_A
2v43_B	2v43_B
2v43_B	2v42_A
2v43_B	3m4w_A
2v43_B	6jau_A
2v4j_B	2v4j_B
2v4j_B	2xsj_B
2v57_B	2v57_B
2v57_B	2v57_A
2v57_B	2wgb_A
2v57_B	2v57_A
2v57_B	2v57_C
2v5e_A	2v5e_A
2v82_A	2v82_A
2v86_A	2v86_A
2v8e_A	2v8e_A
2v8e_A	2uwn_A
2v8l_A	2v8l_A
2v8t_A	2v8t_A
2v8t_A	2v8u_A
2v8t_A	6kk8_B
2v9k_A	2v9k_A
2v9m_A	2v9m_A
2v9m_A	1gt7_A
2v9m_A	1ojr_A
2v9p_A	2v9p_A
2vac_A	2vac_A
2vbm_A	2vbm_A
2vbm_A	2vbe_A
2vca_A	2vca_A
2vca_A	2vc9_A
2vca_A	2vcb_A
2vca_A	4a4a_A
2vca_A	7mfk_A
2vdj_A	2vdj_A
2vdy_A	2vdy_A
2vdy_A	2v95_A
2vdy_A	5hgc_A
2vdy_A	5hgc_A
2vdy_A	1hp7_A
2vdy_A	1iz2_A
2vdy_A	6i4v_A
2vdy_A	7api_A
2vdy_A	1jmj_A
2vdy_A	1ova_A
2vdy_A	3evj_I
2vdy_A	3evj_A
2vdy_A	1lk6_I
2vdy_A	1e03_L
2vdy_A	3evj_L
2vdy_A	3r4l_A
2vdy_A	3ut3_B
2vdy_A	3cvm_B
2vdy_A	1a7c_A
2vdy_A	1dvm_A
2vdy_A	3q03_B
2vdy_A	3ut3_A
2vdy_A	4ic0_A
2vdy_A	4x30_A
2vdy_A	2xn3_A
2vdy_A	2xn5_A
2vdy_A	2xn7_A
2vdy_A	4x30_A
2vdy_A	4yia_A
2vdy_A	6hgk_A
2vdy_A	6ftp_A
2vdy_A	6hgd_A
2vdy_A	5om2_A
2vdy_A	5om7_A
2vdy_A	6hgi_A
2vdy_A	6hgl_A
2vdy_A	7b2t_A
2vdy_A	5nct_A
2vdy_A	5ncw_A
2vdy_A	7rbw_A
2vec_A	2vec_A
2ved_B	2ved_B
2veo_B	2veo_B
2vfl_A	2vfl_A
2vfl_A	2vfk_A
2vfl_A	5jj2_A
2vgr_C	2vgr_C
2vh3_B	2vh3_B
2vhf_A	2vhf_A
2vi0_A	2vi0_A
2vi0_A	2cip_A
2vi0_A	2cit_A
2vi0_A	2v3g_A
2vjj_A	2vjj_A
2vjj_A	4xla_A
2vkr_A	2vkr_A
2vkr_A	1xer_A
2vma_A	2vma_A
2vmd_A	2vmd_A
2vmd_A	2vmc_A
2vmd_A	2wn2_A
2vmg_A	2vmg_A
2vmy_B	2vmy_B
2vmy_B	1kkj_A
2vmy_B	2vmy_A
2vmy_B	1dfo_B
2vmy_B	1dfo_A
2vmy_B	8gks_A
2vmy_B	8fjt_A
2vmy_B	8fju_B
2vmy_B	8gkt_A
2vmy_B	4bhd_B
2vmy_B	4wxf_B
2vmy_B	4wxf_A
2vn2_A	2vn2_A
2vn7_A	2vn7_A
2vn7_A	2vn4_A
3mdo_A	3mdo_A
3mf2_A	3mf2_A
3mf2_A	3mey_A
3mf2_A	3pzc_B
3mf2_A	3pzc_A
3mf2_A	3pzc_B
3mf2_A	4h2s_B
3mf2_A	4h2t_B
3mf2_A	4h2u_A
3mf2_A	4h2u_B
3mf2_A	4h2w_A
3mf2_A	4h2w_A
3mga_B	3mga_B
3mgd_A	3mgd_A
3mgd_A	3mgd_B
3mgp_D	3mgp_D
3mgp_D	1tzy_B
3mgp_D	3mnn_H
3mgp_D	4j8u_H
3mgp_D	4j8w_D
3mgp_D	4j8x_H
3mgp_D	5dnm_H
3mgp_D	5e5a_D
3mgp_D	5gt0_D
3mgp_D	5xf3_H
3mgp_D	6l9z_N
3mgu_A	3mgu_A
3mgu_A	3kt4_A
3mgu_A	3kt7_A
3mgu_A	4nhk_A
3mgu_A	4nhk_A
3mgu_A	4nhl_A
3mgu_A	4nhm_A
3mgu_A	4nhy_A
3mgu_A	4nhx_A
3mgu_A	4nhy_A
3mgv_B	3mgv_B
3mgv_B	1q3v_A
3mh5_B	3mh5_B
3mh7_A	3mh7_A
3mhh_C	3mhh_C
3mhh_E	3mhh_E
3mhs_A	3mhs_A
3mhx_B	3mhx_B
3mi9_C	3mi9_C
3mio_B	3mio_B
3mio_B	4p6p_B
3mio_B	4p6d_B
3mio_B	4p8e_B
3mio_B	7uf1_A
3mio_B	7uf2_A
3mio_B	1g58_A
3mio_B	1k4l_A
3mio_B	1k4i_A
3mio_B	1pvy_A
3mio_B	1pvw_A
3mj9_A	3mj9_A
3mjh_B	3mjh_B
3mkh_A	3mkh_A
3mkh_A	3mkh_B
3mkh_A	3mkh_D
3mkh_A	3d9d_A
3mkh_A	2c12_B
3mkh_A	3d9d_C
3mkh_A	3d9d_D
3mkh_A	3fcj_D
3mkz_A	3mkz_A
3ml1_B	3ml1_B
3mle_B	3mle_B
3mle_B	3mle_A
3mle_B	3mle_B
3mle_B	3qxc_A
3mle_B	3qxj_A
3mle_B	3qxs_A
3mle_B	3qxx_A
3mli_D	3mli_D
3mlp_A	3mlp_A
3mm2_A	3mm2_A
3mm2_A	3vxi_A
3mm2_A	3vxj_A
3mm2_A	3vxj_A
3mm2_A	4uzi_A
3mm2_A	4uzi_A
3mm2_A	5ag0_A
3mm2_A	5ag1_A
3mm2_A	7anv_A
3mm2_A	8re2_A
3mm2_A	4g2c_B
3mm6_A	3mm6_A
3mm6_A	3mm8_A
3mm6_A	3mm9_A
3mm6_A	3mma_A
3mm6_A	2v4j_A
3mmp_G	3mmp_G
3mn8_B	3mn8_B
3mn8_B	1uwy_A
3mnn_F	3mnn_F
3mnn_F	4j8u_F
3mnn_F	4j8w_F
4nfu_A	4nfu_A
4nfu_A	7xey_A
4nfu_A	7xjp_A
4nfu_A	7xjp_B
4ngg_A	4ngg_A
4nh0_A	4nh0_A
4nh0_A	4nh0_A
4nh9_A	4nh9_A
4nh9_A	1ysz_A
4nh9_A	5f3k_B
4nh9_A	5f5r_A
4nh9_A	1osf_A
4nh9_A	1am1_A
4nh9_A	1amw_A
4nh9_A	1bgq_A
4nh9_A	1byq_A
4nh9_A	1uym_A
4nh9_A	1yet_A
4nh9_A	2brc_A
4nh9_A	2vcj_A
4nh9_A	2xcm_A
4nh9_A	3o6o_A
4nh9_A	3opd_A
4nh9_A	3opd_B
4nh9_A	4gqt_B
4nh9_A	7s98_A
4nh9_A	3peh_A
4nh9_A	3q5k_A
4nh9_A	4xdm_A
4nh9_A	2ior_A
4nh9_A	3ied_A
4nhb_B	4nhb_B
4nhe_B	4nhe_B
4nj4_A	4nj4_A
4nj4_A	7wkv_A
4njh_A	4njh_A
4njh_A	4njg_A
4njh_A	6nhl_A
4njh_A	6nhl_B
4njq_B	4njq_B
4njq_B	3wt4_A
4njq_B	4dyo_A
4njq_B	3vat_A
4njq_B	5jh9_B
4njq_B	2glf_A
4nk1_B	4nk1_B
4nk1_B	4nk2_A
4nkb_A	4nkb_A
4nl4_H	4nl4_H
4nl4_H	4nl4_A
4nl4_H	6dgd_A
4nmy_A	4nmy_A
4nmy_A	4h6d_B
4nn2_A	4nn2_A
4nnc_A	4nnc_A
4nnc_A	4nnb_A
4nni_A	4nni_A
4npb_A	4npb_A
4npb_A	4i5q_A
4npk_A	4npk_A
4nqy_A	4nqy_A
4nqy_A	4kp1_A
4nti_A	4nti_A
4nti_A	4nt2_A
4nti_A	4nto_B
4ntm_B	4ntm_B
4ntm_B	2oba_B
4ntm_B	3qna_A
4ntm_B	4ntm_A
4ntm_B	4ntm_D
4ntm_B	4ntm_B
4ntm_B	1b66_A
4ntm_B	2g64_A
4ntm_B	2dtt_B
4nub_A	4nub_A
4nub_A	4lit_A
4nub_A	4csw_B
4nub_A	4csw_A
4nun_A	4nun_A
4nun_A	4nui_A
4nv5_B	4nv5_B
4nv7_A	4nv7_A
4nv7_A	2vfc_A
4nv7_A	1w6f_A
4nv7_A	3ltw_A
4nv7_A	4c5p_A
4onx_E	4onx_E
4ooz_A	4ooz_A
4op0_A	4op0_A
4op0_A	3rux_A
4oqp_A	4oqp_A
4or9_A	4or9_A
4or9_A	1tco_A
4or9_A	6tz6_A
4otp_A	4otp_A
4oua_B	4oua_B
4ovy_A	4ovy_A
4owk_E	4owk_E
4owk_E	4owl_D
4oxd_B	4oxd_B
4oxd_B	4oxd_A
4oxd_B	4oak_A
4oy7_G	4oy7_G
4oy7_G	4oy7_A
4oy7_G	4oy6_A
4oy7_G	6rw7_A
4oz1_A	4oz1_A
4oz6_A	4oz6_A
4ozv_A	4ozv_A
4p02_A	4p02_A
4p02_A	5eiy_A
4p02_A	5ejz_A
4p07_A	4p07_A
4p07_A	3ets_B
4p07_A	3ett_A
4p07_A	4p05_A
4p0a_A	4p0a_A
4p0d_A	4p0d_A
4p0g_A	4p0g_A
4p0g_A	4owd_A
4p0g_A	4oxv_A
4p0g_A	4oyv_A
4p0g_A	4oz9_A
4p0g_A	4p0g_A
4p0p_A	4p0p_A
4p2l_B	4p2l_B
4p2l_B	3t58_A
4p2l_B	3t58_B
4p42_A	4p42_A
4p4o_A	4p4o_A
4p5f_B	4p5f_B
4p5f_B	4p5f_A
4p5f_B	4p5f_A
4p5w_A	4p5w_A
4p5w_A	6agi_B
5bn4_B	5bn4_B
5bn4_B	3dsr_A
5bn4_B	3dsr_A
5bn4_B	3dsr_B
5bn4_B	3tgw_B
5bn4_B	5ze9_F
5bn4_B	7vaw_E
5bn4_B	7van_E
5bn4_B	7vax_F
5bn4_B	1mab_B
5bn4_B	2jiz_B
5bn4_B	3zia_B
5bn4_B	4asu_B
5bn4_B	8f2k_E
5bn4_B	2r9v_A
5bn4_B	2jiz_A
5bn4_B	3zia_A
5bn4_B	4asu_A
5bn4_B	8f2k_B
5boa_B	5boa_B
5bp5_A	5bp5_A
5bp5_A	4lo1_A
5bp5_A	3ah1_B
5bp7_A	5bp7_A
5bp7_A	5epe_A
5bp7_A	5bp7_A
5bp9_A	5bp9_A
5bp9_A	5bp9_A
5bpj_A	5bpj_A
5bpj_A	4mn0_A
5bpj_A	1el4_A
5bpj_A	1ej3_A
5bpj_A	1el4_A
5bpj_A	1jf0_A
5bpj_A	1jf2_A
5bpj_A	1uhj_A
5bpj_A	4n1g_A
5bpj_A	4nqg_A
5bq5_B	5bq5_B
5bqc_A	5bqc_A
5bqt_D	5bqt_D
5br1_A	5br1_A
5br1_A	4y9t_A
5btd_D	5btd_D
5btx_A	5btx_A
5bu2_D	5bu2_D
5bu2_D	5bu2_B
5bvr_A	5bvr_A
5bvr_A	2wa5_A
5bvr_A	5nl7_A
5bvr_A	4q57_B
5bxa_A	5bxa_A
5bxp_A	5bxp_A
5bxp_A	4jaw_A
5bxp_A	5bxr_B
5bxp_A	5bxs_A
5bxy_B	5bxy_B
5bxy_B	5bxy_A
5bxy_B	5fa8_A
5bxy_B	5fa8_A
5bxy_B	5fad_A
5c03_A	5c03_A
5c03_A	7ax4_A
5c03_A	5i4n_A
5c03_A	5ut1_A
5c03_A	5ut2_A
5c03_A	5ut4_A
5c03_A	5ut5_A
5c03_A	5wij_A
5c03_A	5wik_B
5c03_A	5wil_A
5c03_A	5wim_A
5c03_A	5win_A
5c03_A	6brw_A
5c03_A	6bss_A
5c03_A	8bak_A
5c03_A	4feq_A
5c03_A	3fzo_A
5c03_A	3fzt_A
5c03_A	3et7_A
5c03_A	4hzr_A
5c03_A	5zxb_A
5c03_A	4ewh_A
5c03_A	5tc0_B
5c03_A	7aw1_A
5c03_A	1mp8_A
5c03_A	7pi4_DDD
5c03_A	3bbt_A
5c03_A	3dtc_A
5c03_A	4uya_A
5c03_A	3pxk_A
5c03_A	7bcm_A
5c03_A	5bvw_A
5c03_A	8dso_B
5c03_A	4y95_A
5c03_A	4ot5_A
5c03_A	3p08_B
5c03_A	3ocs_A
5c03_A	8jf3_A
5c03_A	2dq7_A
5c03_A	4agw_A
5c03_A	4f1t_A
5c03_A	4i94_A
5c0p_A	5c0p_A
5c0p_A	1uv4_A
5c0p_A	3d5z_A
5c0p_A	6a8i_A
5c0p_A	3kst_A
5c12_A	5c12_A
5c12_A	5c2d_A
5c12_A	5c2f_A
5c16_A	5c16_A
5c16_A	1zsq_A
5c17_A	5c17_A
5c17_A	5c0u_A
5c17_A	3f0p_A
5dmh_A	5dmh_A
5dmh_A	5dmh_A
5dmm_A	5dmm_A
5dmm_A	1lt8_B
5dmm_A	1lt8_A
5dmm_A	1umy_D
5dmm_A	4m3p_B
5dnk_A	5dnk_A
5dnk_A	5dpd_A
5dob_A	5dob_A
5dok_A	5dok_A
5dor_B	5dor_B
5dor_B	1aih_C
5dou_A	5dou_A
5dou_A	5dou_D
5dou_A	6w2j_A
5dqq_A	5dqq_A
5dqr_A	5dqr_A
5dqr_A	5dqr_C
5dqz_B	5dqz_B
5dtw_A	5dtw_A
5dtw_A	3t3w_F
5dtw_A	1sg4_B
5dtw_A	1sg4_C
5dtw_A	1sg4_B
5dtw_A	1xx4_A
5dtw_A	4i42_I
5dtw_A	2uzf_A
5dtw_A	2uzf_B
5dtw_A	3t88_C
5dtw_A	3t88_D
5dtw_A	3t88_A
5dtw_A	4elw_A
5dtw_A	4elx_B
5dtw_A	4i52_A
5dtw_A	4qii_A
5dtw_A	3t8a_B
5dtw_A	1q51_A
5dtw_A	1q51_B
5dtw_A	1rjn_B
5dtw_A	4qii_B
5dtw_A	1ef9_A
5dtw_A	6n92_F
5dtw_A	6n95_D
5dtw_A	1ef9_A
5dtw_A	6n92_A
5dtw_A	6n93_A
5dtw_A	6n94_A
5dtw_A	6n95_A
5dtw_A	6n96_A
5dtw_A	3q0g_C
5dtw_A	3q0g_A
5dtw_A	3q0g_F
5dtw_A	2hw5_C
5dtw_A	1ey3_A
5dtw_A	1ey3_B
5dtw_A	1ey3_C
5dtw_A	1ey3_D
5dtw_A	1ey3_E
5dtw_A	1ey3_F
5dtw_A	1mj3_A
5dtw_A	2dub_B
5dtw_A	2dub_C
5dtw_A	2dub_D
5dtw_A	7bor_A
5dtw_A	3rrv_B
5duj_A	5duj_A
5duj_A	4qr7_A
5duj_A	5dzp_B
5duj_A	4qr7_A
5duj_A	5dvp_A
5duj_A	6rrm_A
5duj_A	7f71_A
5dv4_A	5dv4_A
5dv4_A	3ngn_A
5dv4_A	3ngo_A
5dv4_A	3ngq_A
5dv4_A	5dv2_A
5dv4_A	5dv2_A
5dv4_A	6rvz_A
5dw0_B	5dw0_B
5dw0_B	6xin_B
5dw0_B	1a5a_B
5dw0_B	1a5b_B
5dw0_B	1a5s_B
5dw0_B	1beu_B
5dw0_B	1bks_B
5dw0_B	1c29_B
5dw0_B	1c8v_B
5dw0_B	1c9d_B
5dw0_B	1cw2_B
5dw0_B	1cx9_B
5dw0_B	1fuy_B
5dw0_B	1k7e_B
5dw0_B	1k7f_B
5dw0_B	1k7x_B
5dw0_B	1k8x_B
5dw0_B	1k8y_B
5dw0_B	1k8z_B
5dw0_B	1kfb_B
5dw0_B	1kfc_B
5dw0_B	1kfe_B
5dw0_B	1qop_B
5dw0_B	1qoq_B
5dw0_B	1ttp_B
5dw0_B	1ttq_B
5dw0_B	1ubs_B
5dw0_B	2rhg_B
5dw0_B	2trs_B
5dw0_B	2tsy_B
5dw0_B	2tys_B
5dw0_B	2wsy_B
5dw0_B	6hul_B
5dw0_B	4qys_B
5dw0_B	4qys_A
5dw0_B	4qys_B
5dxi_A	5dxi_A
5dxi_A	5dx9_A
5dy1_A	5dy1_A
5dzg_B	5dzg_B
5dzg_B	5dzf_A
5dzt_A	5dzt_A
5dzy_D	5dzy_D
5e0o_A	5e0o_A
5e0o_A	4ofz_A
5e0y_A	5e0y_A
5e12_A	5e12_A
5e1q_B	5e1q_B
5e1q_B	2zq0_B
5e1q_B	2d73_A
5e1q_B	2jke_A
5e1q_B	2jkp_A
5e1q_B	3wfa_A
5e1q_B	5hq4_A
5e1q_B	5xfm_A
5e1z_B	5e1z_B
5e25_A	5e25_A
5e25_A	7p3t_B
5e25_A	1a0g_B
5e25_A	1a0g_A
5e25_A	1a0g_B
5e25_A	1daa_A
5e25_A	1daa_B
5e25_A	1g2w_A
5e25_A	1g2w_B
5e25_A	2daa_A
5e25_A	2daa_B
5e25_A	2daa_A
5e25_A	2dab_A
5e25_A	2dab_B
5e25_A	2dab_B
5e25_A	3daa_A
5e25_A	3lqs_A
5e25_A	4daa_A
5e25_A	4daa_B
5e25_A	1i1l_A
5e25_A	1a3g_A
5e25_A	1a3g_B
5e25_A	1a3g_C
5e25_A	1i1k_A
5e25_A	1i1k_B
5e25_A	1i1k_C
5e25_A	1i1l_B
5e25_A	1i1l_C
5e25_A	1i1m_A
5e25_A	1i1m_B
5e25_A	1i1m_C
5e25_A	1i1m_A
5e25_A	1iyd_A
5e25_A	1iyd_B
5e25_A	1iyd_C
5e25_A	1iyd_A
5e25_A	1iye_A
5e25_A	1iye_B
5e25_A	1iye_C
5e25_A	1iye_A
5e25_A	2ej2_B
5e25_A	2ej2_C
5e25_A	2ej2_F
5e25_A	2ej3_B
5e25_A	6thq_B
5e25_A	4whx_A
5e25_A	7dbe_B
5e25_A	3wwi_A
5e25_A	4cmf_A
5e25_A	4chi_A
5e25_A	4cmf_A
5e25_A	4uug_A
5e25_A	4uug_B
5e25_A	4ce5_A
5e25_A	4ce5_B
5e25_A	6xu3_B
5e25_A	6xu3_C
5e25_A	8ivp_B
5e25_A	8onn_E
5e25_A	8aie_A
5e25_A	1i2k_A
5e25_A	1et0_A
5e25_A	1i2l_A
5e25_A	1i2l_A
5e25_A	6q8e_A
5e25_A	7nea_A
5e25_A	8rai_A
5e25_A	8pny_A
5e37_A	5e37_A
5e4b_A	5e4b_A
5e4b_A	5e4m_A
5e4r_A	5e4r_A
5e4r_A	3ulk_A
5e4r_A	3ulk_A
5e4x_A	5e4x_A
5e6f_A	5e6f_A
5e6m_A	5e6m_A
5e6m_A	2zt5_A
5e6m_A	2zt7_A
5e6m_A	2zt7_A
5e6m_A	4qei_A
5e72_A	5e72_A
5e72_A	5e72_A
5e72_A	6zxv_A
5e72_A	3tlj_A
5e72_A	3tlj_A
5e72_A	3tm4_A
5e72_A	3tm5_A
5e76_A	5e76_A
5e76_A	3jys_A
5e76_A	3ck7_A
5e76_A	3ck7_B
5e76_A	3ck9_B
5e7g_A	5e7g_A
6koz_A	6koz_A
6koz_A	6a8z_A
6koz_A	6koy_A
6koz_A	6kp0_B
6koz_A	6kp1_A
6kpm_A	6kpm_A
6kq1_A	6kq1_A
6kq1_A	351c_A
6kq1_A	4xxl_A
6kq1_A	5aur_A
6kqs_A	6kqs_A
6kr6_A	6kr6_A
6kr6_A	5guh_A
6kr6_A	4olb_A
6kr6_A	4w5r_A
6kr6_A	8d6j_A
6ks1_A	6ks1_A
6ks1_A	6ks0_A
6ksa_B	6ksa_B
6ksa_B	6ksb_B
6ksa_B	6lpy_A
6ksa_B	6lq0_A
6ksa_B	6lq1_A
6ksa_B	6lq6_B
6ksa_B	6lq7_B
6ksa_B	6lq8_B
6ksm_A	6ksm_A
6ksm_A	6ksi_A
6ksm_A	2w22_A
6ksm_A	4x6u_A
6ksm_A	5ah1_A
6ksy_B	6ksy_B
6ktv_A	6ktv_A
6ktv_A	6ku1_A
6ktv_A	6ku2_E
6ktv_A	6kvw_A
6kwa_A	6kwa_A
6kwa_A	6kun_A
6kwa_A	7e38_A
6kxl_A	6kxl_A
6kxl_A	6kst_B
6kxl_A	2a3c_A
6kxl_A	3chf_B
6kxl_A	2a3a_A
6kxl_A	2a3b_A
6kxl_A	2a3b_A
6kxl_A	3ch9_A
6kxl_A	6epb_A
6kxl_A	3co4_A
6kxl_A	5z4w_A
6kxl_A	2olh_A
6kxl_A	4mav_A
6kxl_A	5z05_A
6kxl_A	5z3s_A
6kxl_A	8r42_B
6kxl_A	1jne_A
6kxl_A	2ybt_A
6kxl_A	1e9l_A
6kxl_A	3fy1_A
6kxl_A	3rme_A
6kxl_A	8fr9_B
6kxl_A	8frb_D
6kxl_A	3wqv_A
6kxl_A	6jjr_A
6kxl_A	6ze8_F
6kxl_A	4wjx_A
6kxl_A	6jk6_A
6kxu_C	6kxu_C
6kxu_C	6kxk_D
6ky9_B	6ky9_B
6ky9_B	6lj3_A
6kz8_A	6kz8_A
6l2d_A	6l2d_A
6l2d_A	1vj2_A
6l2d_A	5wse_B
6l2m_A	6l2m_A
6l3n_B	6l3n_B
6l3n_B	7vrs_A
6l3u_A	6l3u_A
6l3u_A	6l3t_A
6l3u_A	7xqb_A
6l4n_A	6l4n_A
6l7v_A	6l7v_A
6l7v_A	6l7w_A
6l7v_A	6l7y_A
6l7v_A	6l7x_A
6l85_B	6l85_B
6l8a_E	6l8a_E
6l8a_E	6l8a_F
6l8k_A	6l8k_A
6l8k_A	4fh5_A
6l8k_A	4ud4_B
6l8k_A	4fh5_A
6l8k_A	4fhv_A
6l8k_A	4fhw_A
6l8k_A	4fhx_A
6l8k_A	4fhy_A
6l8k_A	5w0n_A
6l8k_A	5jnb_B
6l8k_A	6i0s_A
6l8k_A	5z4m_A
6l8k_A	6ywn_A
6lcd_A	6lcd_A
6lce_A	6lce_A
6lck_A	6lck_A
6lcq_A	6lcq_A
6lds_A	6lds_A
6leo_A	6leo_A
6lf2_B	6lf2_B
6lfr_A	6lfr_A
6lhr_C	6lhr_C
6lhr_C	1iyz_A
6lhr_C	1iyz_A
6lhr_C	1yb5_B
6lhr_C	1yb5_A
6lhr_C	5k1s_A
6lhr_C	2j8z_A
6lhr_C	2wek_A
6lhr_C	2x7h_A
6lhr_C	7zej_A
6lhr_C	5a4d_A
6lhr_C	6sch_C
6lhr_C	1bxz_B
6lhr_C	1kev_D
6lhr_C	1kev_A
6lhr_C	1ykf_A
6lhr_C	1ykf_B
6lhr_C	1ykf_C
6lhr_C	1ykf_D
6lhr_C	2nvb_C
6lhr_C	2nvb_D
6lhr_C	7f3p_C
6lhr_C	7xy9_A
6lhr_C	1y9a_A
6ljc_C	6ljc_C
6ljl_A	6ljl_A
6ljl_A	6lja_A
6lkj_A	6lkj_A
6lkj_A	6lkg_A
6ll7_A	6ll7_A
6ll7_A	2iw4_B
6ll7_A	2haw_B
6ll7_A	2enx_A
6ll7_A	1k20_A
6ll7_A	1wpp_A
6lmt_A	6lmt_A
6lmt_A	6uiw_A
6lnd_K	6lnd_K
6lnh_C	6lnh_C
6loo_A	6loo_A
6lpf_B	6lpf_B
6lpf_B	1ffy_A
6lpf_B	8wo3_A
6lpf_B	8wnj_A
6lpf_B	3zgz_A
6lpf_B	4aq7_A
6lpf_B	4ari_A
6lpf_B	4cqn_A
6lpf_B	5omw_A
6lpf_B	1gax_A
6lpf_B	1obh_A
6lpf_B	2bte_A
6lpf_B	1h3n_A
6lpf_B	1obc_A
6lpf_B	2v0c_A
6lpf_B	5ah5_A
6lpf_B	7d5c_A
6lpf_B	7nu9_A
6lpf_B	7nu2_A
6lpf_B	8c8u_A
6lpr_B	6lpr_B
6lqk_A	6lqk_A
6lrb_E	6lrb_E
6lrg_B	6lrg_B
6lrg_B	6lrg_A
6lrg_B	6lrh_A
6lsv_A	6lsv_A
6lsv_A	1gp4_A
6lsv_A	1gp6_A
6lsv_A	1gp5_A
6lsv_A	1gp5_A
6lsv_A	1gp6_A
6lsv_A	2brt_A
6lsv_A	5gja_A
6lsv_A	5gj9_A
6lsv_A	5tcv_A
6lsv_A	5o9w_A
6lsv_A	6ku3_B
6lsv_A	8cvg_A
6lsv_A	8cvc_A
6lth_L	6lth_L
6ltr_A	6ltr_A
6ltv_A	6ltv_A
6ltv_A	6vd1_A
6ltv_A	6vcy_A
6ltv_A	6vd0_A
6ltv_A	6vd1_B
6ltv_A	8jzg_B
6ltv_A	8jzi_A
6ltv_A	8jzg_C
6ltv_A	8jzi_D
6ltv_A	8jzg_B
6ltv_A	3s82_B
6ltv_A	5t8s_A
6ltv_A	6rka_A
6ltv_A	7loz_B
6ltv_A	1mxa_A
6ltv_A	1mxb_A
6ltv_A	1p7l_A
6ltv_A	1rg9_C
6ltv_A	1rg9_D
6ltv_A	7ll3_A
6ltv_A	7r3b_A
6ltv_A	7rwh_A
6ltv_A	4ktt_A
6ltv_A	4ktt_B
6ltv_A	5a1g_A
6ltv_A	6wkb_A
6ltv_A	7rxv_A
6ltv_A	7rxw_A
6lu3_A	6lu3_A
6lu3_A	6lu4_A
6lum_D	6lum_D
6lum_E	6lum_E
6lvb_A	6lvb_A
6lwu_A	6lwu_A
6lxs_A	6lxs_A
6lxs_A	6leb_A
6lzj_A	6lzj_A
6m0a_B	6m0a_B
6m0w_A	6m0w_A
6m17_B	6m17_B
6m2g_B	6m2g_B
6m32_E	6m32_E
6m34_A	6m34_A
6m34_A	6m31_A
6m35_A	6m35_A
6m48_A	6m48_A
6m5a_A	6m5a_A
6m5y_A	6m5y_A
6m5y_A	3wv6_A
6m5y_A	3vkm_A
6m5y_A	4han_A
6m5y_A	5glt_A
6m5y_A	5glu_B
6m5y_A	5glz_A
6m5y_A	2wt1_A
6m5y_A	2wsv_A
6m5y_A	2wt0_A
6m63_A	6m63_A
6m6r_A	6m6r_A
6m77_A	6m77_A
6m77_A	7f7q_A
6m77_A	7f7r_A
6m9m_A	6m9m_A
6m9s_C	6m9s_C
6m9s_C	6vzy_A
6max_A	6max_A
6max_A	1a6f_A
6max_A	4jg4_A
6mcj_A	6mcj_A
6mcp_C	6mcp_C
6md3_C	6md3_C
6mdw_A	6mdw_A
6mev_A	6mev_A
6mf4_A	6mf4_A
6mfd_A	6mfd_A
6mfd_A	2ref_A
6mfs_A	6mfs_A
6mfw_A	6mfw_A
6mfw_A	6mfx_A
6mj7_A	6mj7_A
6mlt_A	6mlt_A
6mm1_D	6mm1_D
6mni_A	6mni_A
6mp4_E	6mp4_E
6mp4_E	1lfo_A
6mp4_E	1lfo_A
6mp4_E	3stk_A
6mp4_E	5xna_A
6mp4_E	5xn9_A
6mp4_E	5z4g_A
6mps_A	6mps_A
6mr1_A	6mr1_A
6mro_A	6mro_A
6ms4_B	6ms4_B
6msb_c	6msb_c
6mt7_A	6mt7_A
6mtw_A	6mtw_A
6mtw_A	4x97_A
6mv1_A	6mv1_A
6mv1_A	6mv2_A
6mvt_A	6mvt_A
6mvt_A	6mvs_A
6mw7_C	6mw7_C
6mxv_B	6mxv_B
8b0p_A	8b0p_A
8b0p_A	8rqr_A
8b0v_A	8b0v_A
2rau_A	2rau_A
2rc3_A	2rc3_A
2rc3_A	2rc3_B
2rc3_A	2rc3_C
2rc3_A	4fry_B
2rc3_A	4fry_A
2rc3_A	4fry_B
2rc3_A	3fhm_A
2rc3_A	5g5x_A
2rch_A	2rch_A
2rch_A	3dsk_A
2rch_A	3dan_A
2rde_B	2rde_B
2rde_B	3kyg_A
2rds_A	2rds_A
2rds_A	2rdn_A
2re1_A	2re1_A
2re1_A	2dtj_A
2re1_A	3ab4_D
2re1_A	2dtj_B
2rfm_B	2rfm_B
2rgj_A	2rgj_A
2rgj_A	3c96_A
2rgj_A	3rp6_A
2rgj_A	3rp7_A
2rgj_A	3rp8_A
2rgj_A	4bjz_A
2rgj_A	4bk1_A
2rgj_A	4bk2_A
2rgj_A	5hym_A
2rgj_A	8gsm_G
2rgj_A	4h2q_A
2rgj_A	3all_B
2rgj_A	3alm_A
2rgj_A	5eow_A
2rgj_A	8uiq_A
2rgj_A	5tue_A
2rgj_A	5tuf_B
2rgj_A	5tui_B
2rgj_A	6ain_B
2rgj_A	6nes_A
2rgj_A	6pvg_A
2rgj_A	6pvi_A
2rgj_A	6pvf_A
2rgj_A	6pvg_A
2rgj_A	1d7l_A
2rgj_A	1bf3_A
2rgj_A	1bgn_A
2rgj_A	1bkw_A
2rgj_A	1cc4_A
2rgj_A	1cc6_A
2rgj_A	1cj3_A
2rgj_A	1cj4_A
2rgj_A	1dob_A
2rgj_A	1doc_A
2rgj_A	1dod_A
2rgj_A	1doe_A
2rgj_A	1ius_A
2rgj_A	1ius_A
2rgj_A	1iut_A
2rgj_A	1iuu_A
2rgj_A	1iuv_A
2rgj_A	1iuw_A
2rgj_A	1iux_A
2rgj_A	1k0j_A
2rgj_A	1k0j_A
2rgj_A	1k0l_A
2rgj_A	1k0l_A
2rgj_A	1pbb_A
2rgj_A	1pbc_A
2rgj_A	1pbe_A
2rgj_A	1pdh_A
2rgj_A	1pdh_A
2rgj_A	1phh_A
2rgj_A	1pxa_A
2rgj_A	1pxb_A
2rgj_A	1pxc_A
2rgj_A	1ykj_B
2rgj_A	2phh_A
2rgj_A	6dll_B
2rgj_A	2vou_A
2rgj_A	2vou_A
2rgj_A	4j2w_A
2rgj_A	5y77_A
2rgj_A	6fp0_A
2rgj_A	5y66_A
2rgj_A	6fox_A
2rgj_A	7epw_A
2rgj_A	4a99_A
2rgj_A	2xdo_A
2rgj_A	4a99_C
2rgj_A	2xdo_C
2rgj_A	4a6n_A
2rgj_A	6fho_A
2rgj_A	2x3n_A
2rgj_A	6sw2_A
2rgj_A	4hb9_A
2rgj_A	4hb9_A
2rhp_A	2rhp_A
2ri1_A	2ri1_A
2ri1_A	2bkv_B
2rif_A	2rif_A
2rin_A	2rin_A
2rin_A	2reg_A
2riq_A	2riq_A
2rir_E	2rir_E
2rjb_A	2rjb_A
2rjb_A	6w1h_A
2rji_A	2rji_A
2rjq_A	2rjq_A
2rjq_A	2jih_A
2rjq_A	2jih_B
2rjq_A	2rjp_A
2rk2_A	2rk2_A
2rk2_A	2p4t_A
2rkn_A	2rkn_A
3lze_A	3lze_A
3lze_A	1y13_A
3lzk_C	3lzk_C
3lzz_A	3lzz_A
3lzz_A	3lzz_A
3lzz_A	1xe8_A
3m0f_A	3m0f_A
3m0f_A	3tou_A
3m0f_A	1f2e_A
3m0f_A	1f2e_B
3m0f_A	2dsa_A
3m0f_A	2dsa_B
3m0f_A	2dsa_A
3m0f_A	6m1t_A
3m0f_A	1a0f_A
3m0f_A	1a0f_B
3m0f_A	1a0f_A
3m0f_A	4id0_B
3m0f_A	4iji_A
3m0f_A	4iji_B
3m0f_A	4jed_A
3m0v_C	3m0v_C
3m0v_C	3itv_C
3m0v_C	3ity_C
3m0v_C	3itv_D
3m0v_C	3ity_D
3m0v_C	2i56_A
3m0v_C	2i56_C
3m0v_C	3itl_C
3m0v_C	3ito_C
3m0v_C	3iud_C
3m0v_C	3iuh_C
3m0v_C	3m0m_C
3m0v_C	3m0x_C
3m0v_C	4gji_B
3m0v_C	4gji_C
3m0v_C	4gjj_B
3m1c_A	3m1c_A
3m1m_A	3m1m_A
3m2t_B	3m2t_B
3m2t_B	3m2t_A
3m30_B	3m30_B
3m30_B	3m30_A
3m30_B	7b1s_D
3m30_C	3m30_C
3m30_C	7b1s_B
3m30_D	3m30_D
3m30_D	7b1s_C
3m4g_F	3m4g_F
3m4g_F	3qui_A
3m4g_F	3qui_D
3m4g_F	3qui_E
3m4g_F	4j5y_F
3m4g_F	4j6w_A
3m4g_F	4j6w_F
3m4g_F	4j6x_E
3m4g_F	4mml_A
3m4g_F	4pno_A
3m4r_A	3m4r_A
3m4w_E	3m4w_E
3m50_P	3m50_P
3m50_P	3m50_B
3m52_A	3m52_A
3m52_A	5n1z_A
3m52_A	3lbz_A
3m52_A	6tbt_B
3m52_A	3lbz_A
3m52_A	4cp3_A
3m52_A	4cp3_B
3m52_A	4cp3_A
3m52_A	5x4o_A
3m52_A	7x4x_A
3m6v_A	3m6v_A
3m6v_A	3m6w_A
3m6z_A	3m6z_A
3m7k_A	3m7k_A
3m7k_A	3ldy_A
3m7o_A	3m7o_A
3m7o_A	3b2d_C
3m7o_A	3m7o_B
3m7o_A	3m7o_C
3m7o_A	3m7o_A
3m7o_A	3rg1_H
3m7o_A	3mu3_A
3m9g_A	3m9g_A
3man_A	3man_A
3man_A	2man_A
3man_A	4y7e_A
3man_A	4fk9_A
3mao_A	3mao_A
3mbj_A	3mbj_A
3mbj_A	3mbh_A
3mbj_A	2ddo_A
3mbj_A	2ddo_A
3mbj_A	5zw9_A
3mbj_A	5zwa_B
3mbj_A	5zwb_A
3mbj_A	3ibq_A
3mbj_A	3hyo_A
3mbj_A	3ibq_A
3mcn_B	3mcn_B
3mcn_B	3mco_A
3mcr_A	3mcr_A
3ss7_X	3ss7_X
3ss7_X	3r0x_A
3sso_B	3sso_B
3sso_B	3ssm_A
3sso_B	3ssm_D
3sso_B	3ssn_D
3st7_A	3st7_A
3stj_A	3stj_A
3stj_A	3gcn_A
3stj_A	6ew9_A
3suc_A	3suc_A
3sv6_A	3sv6_A
3sv6_A	2oc8_A
3sv6_A	3lon_A
3sv6_A	3su1_A
3sv6_A	3sug_A
3sv6_A	7mmg_A
3swc_B	3swc_B
3swf_B	3swf_B
3swn_A	3swn_A
3swr_A	3swr_A
3swr_A	6x9j_A
3swr_A	7sfg_A
3swr_A	4wxx_A
3swr_A	4wxx_B
3swr_A	7sfg_A
3swr_A	4da4_A
3sxk_A	3sxk_A
3sy8_B	3sy8_B
3sz0_A	3sz0_A
3sz0_A	3syi_A
3sz0_A	3t2z_A
3sz0_A	3hyv_A
3sz0_A	3hyw_A
3sz0_A	3hyx_A
3sz4_A	3sz4_A
3szt_A	3szt_A
3szt_A	6cc0_A
3szt_A	4y17_A
3szt_A	4y15_C
3szt_A	4y17_C
3szt_A	6v7w_E
3szy_A	3szy_A
3szy_A	3szz_A
3szy_A	3t01_A
3szy_A	3t01_A
3szy_A	3t02_A
3t1o_A	3t1o_A
3t1o_A	3t12_A
3t1o_A	3t1q_A
3t1o_A	3t1t_A
3t1o_A	3t1t_B
3t1o_A	6h17_A
3t1o_A	5ymx_A
3t1r_C	3t1r_C
3t3f_A	3t3f_A
3t3f_A	3t3f_A
3t3f_A	6q4u_A
3t3f_A	4dqq_D
3t3f_A	8scs_A
3t3f_A	6ur2_A
3t3f_A	1lv5_A
3t3f_A	1njy_A
3t3f_A	1ua0_A
3t3f_A	1xc9_A
3t3f_A	2hhw_A
3t3f_A	2xy5_A
3t3f_A	3ez5_A
3t3f_A	3px6_D
3t3f_A	4dsj_A
3t3f_A	4dsj_A
3t3f_A	4ez6_A
3t3f_A	4f2r_D
3t3f_A	6dsu_A
3t3f_A	6ueu_A
3t3f_A	6us5_A
3t3f_A	1qsl_A
3t3f_A	8efk_A
3t3f_A	8ef9_A
3t3f_A	7zx0_CCC
3t3f_A	7zus_CCC
3t41_A	3t41_A
3t44_A	3t44_A
3t44_A	3t40_A
3t44_A	3t55_A
3t44_A	3t78_A
3t44_A	1jcm_A
3t4k_A	3t4k_A
3t4k_A	3t4j_A
3t4k_A	3t4l_A
3t4k_A	3t4q_A
3t4k_A	3t4s_A
3ue1_A	3ue1_A
3ue1_A	3udi_B
3ue1_A	3udx_A
3ue1_A	3ue0_A
3uel_A	3uel_A
3uel_A	3uel_A
3uel_A	4b1h_A
3uel_A	4b1j_A
3uel_A	4n9z_A
3uel_A	4na4_A
3uel_A	4na4_B
3uel_A	6hh6_A
3ues_B	3ues_B
3ues_B	3ues_A
3ues_B	3mo4_A
3ues_B	3mo4_A
3ues_B	3uet_A
3ues_B	4oue_A
3ues_B	6tr4_A
3uf5_B	3uf5_B
3ufx_A	3ufx_A
3ufx_A	2fp4_B
3ufx_A	5cae_B
3ufx_A	5cae_B
3ufx_A	7msr_B
3ufx_A	1jkj_B
3ufx_A	1scu_B
3ufx_A	1scu_D
3ufx_A	2nua_B
3ufx_A	2nua_C
3ufx_A	2scu_B
3ufx_A	5tdm_A
3ufx_A	5tde_A
3ufx_A	5tdf_A
3ufx_A	6hxq_B
3uib_A	3uib_A
3uib_A	3mtl_A
3uib_A	7aqb_B
3uib_A	6ylc_D
3uib_A	1v0p_A
3uib_A	2pmi_A
3uib_A	4krc_A
3uib_A	3mia_A
3uib_A	3tn8_A
3uib_A	4ogr_A
3uib_A	4aua_A
3uib_A	2euf_B
3uib_A	8bu1_B
3uib_A	3nie_B
3uib_A	3nie_A
3uib_A	4agu_A
3uib_A	3zdu_A
3uib_A	4au8_A
3uib_A	4f7n_A
3uib_A	6yg4_A
3uib_A	6yg6_A
3uib_A	6yg2_A
3uib_A	6qfl_A
3uib_A	6yg3_A
3uib_A	4ic7_A
3uib_A	1bl6_A
3uib_A	1bmk_A
3uib_A	1cm8_A
3uib_A	1kv1_A
3uib_A	1kv1_A
3uib_A	1kv2_A
3uib_A	1m7q_A
3uib_A	1ouk_A
3uib_A	1ouy_A
3uib_A	1ove_A
3uib_A	1oz1_A
3uib_A	3fmn_A
3uib_A	4loo_A
3uib_A	7bdo_A
3uib_A	2ewa_A
3uib_A	3gc9_A
3uib_A	3oht_B
3uib_A	3oht_A
3uib_A	1jnk_A
3uib_A	1pmv_A
3uib_A	2waj_A
3uib_A	2b9f_A
3uib_A	8h6p_A
3uib_A	6q4d_A
3uib_A	1b38_A
3uib_A	1b39_A
3uib_A	1ckp_A
3uib_A	1e1v_A
3uib_A	1e1x_A
3uib_A	1e9h_A
3uib_A	1fin_A
3uib_A	1fq1_B
3uib_A	1fvt_A
3uib_A	1gii_A
3uib_A	1gz8_A
3uib_A	1h01_A
3uib_A	1h07_A
3uib_A	1h08_A
3uib_A	1h1p_A
3uib_A	1h1p_A
3uib_A	1h1q_A
3uib_A	1h1r_A
3uib_A	1h1s_A
3uib_A	1h1s_A
3uib_A	1hck_A
3uib_A	1jsv_A
3uib_A	1jsv_A
3uib_A	1ke6_A
3uib_A	1ke8_A
3uib_A	1oir_A
3uib_A	1oit_A
3uib_A	1p5e_A
3uib_A	1pkd_A
3uib_A	1qmz_A
3uib_A	1qmz_C
3uib_A	4bcn_A
3uib_A	4ii5_A
3uib_A	7uxk_A
3uib_A	8vq3_A
3uib_A	8vq4_A
3uib_A	1h0v_A
3uib_A	1di8_A
3uib_A	1dm2_A
3uib_A	1gij_A
3uib_A	1h00_A
3uib_A	1h0w_A
3uib_A	1ke7_A
3uib_A	1ke9_A
3uib_A	1oiq_A
3uib_A	1p2a_A
3uib_A	1v1k_A
3uib_A	2vag_A
3uib_A	3niz_A
3uib_A	8p04_A
3uib_A	2xrw_A
3uib_A	3eb0_A
3uib_A	6kyq_A
3uib_A	5jzj_A
3uib_A	7f3g_A
3uib_A	4eym_A
3uib_A	4g1w_A
3uib_A	3npc_A
3uib_A	3v3v_A
3uib_A	4o2z_A
3uib_A	4qny_A
3uib_A	4ux9_A
3uib_A	5awm_A
3uib_A	5ax3_A
3uib_A	2y9q_A
3uib_A	1pme_A
3uib_A	2zoq_A
3uib_A	3erk_A
3uib_A	3erk_A
3uib_A	4erk_A
3uib_A	4fv1_A
3uib_A	4h3q_A
3uib_A	4s34_A
3ujz_A	3ujz_A
3uk8_A	3uk8_A
3uk8_A	3boh_A
3uk8_A	7bez_A
3ukg_A	3ukg_A
3ule_B	3ule_B
3ule_B	2p9i_B
3ulq_A	3ulq_A
3ulq_A	4i9e_A
3un6_A	3un6_A
3ung_C	3ung_C
3ung_C	3ung_A
3ung_C	3w2w_A
3ung_C	3w2v_A
3ung_C	3w2w_A
3unv_A	3unv_A
3unv_A	3kdz_A
3unv_A	2o7d_A
3unv_A	5ltm_A
3up3_A	3up3_A
3up3_A	3gyu_A
3upr_C	3upr_C
3upy_A	3upy_A
3upy_A	3upl_A
3upy_A	3upy_B
3upy_A	3upy_A
3urg_A	3urg_A
3urz_B	3urz_B
3us9_A	3us9_A
5eqn_A	5eqn_A
5eqn_A	7n7v_A
5eqv_A	5eqv_A
5eqv_A	3jyf_A
5ere_A	5ere_A
5es7_A	5es7_A
5ewk_A	5ewk_A
5ewk_A	5zj5_A
5ewk_A	5zj4_D
5ewk_A	5ewk_A
5ewk_A	5tlb_A
5ewk_A	5zj5_A
5ewu_A	5ewu_A
5ewx_B	5ewx_B
5ex0_B	5ex0_B
5ex2_B	5ex2_B
5ex2_B	5ex2_A
5ey0_B	5ey0_B
5ey0_B	5loe_A
5ez1_B	5ez1_B
5ez7_A	5ez7_A
5ez7_A	5ez7_A
5ezm_A	5ezm_A
5ezm_A	5ezm_A
5ezu_A	5ezu_A
5f0a_A	5f0a_A
5f0p_B	5f0p_B
5f2k_A	5f2k_A
5f2k_A	5f2k_A
5f2k_A	5f2o_A
5f2t_A	5f2t_A
5f2t_A	5oce_A
5f2v_T	5f2v_T
5f2v_T	6ewz_B
5f2v_T	6ewz_A
5f3o_B	5f3o_B
5f47_B	5f47_B
5f47_B	5f48_B
5f47_B	5f46_A
5f47_B	5f47_A
5f47_B	5f48_B
5f47_B	5f49_B
5f47_B	5u08_A
5f59_A	5f59_A
5f59_A	4z4p_A
5f59_A	5f6l_A
5f59_A	2w5y_A
5f5w_A	5f5w_A
5f5w_A	3rgl_A
5f5w_A	3ufg_A
5f5w_A	3ufg_B
5f5w_A	7eiv_B
5f5w_A	7yse_B
5u1e_A	5u1e_A
5u1e_A	5u0t_A
5u1e_A	5u18_A
5u1e_A	5u1i_A
5u35_A	5u35_A
5u4s_B	5u4s_B
5u55_A	5u55_A
5u55_A	5u57_A
5u56_B	5u56_B
5u56_B	6weg_A
5u5n_A	5u5n_A
5u77_A	5u77_A
5u77_A	1fgy_A
5u77_A	1fhw_A
5u77_A	1fhx_A
5u77_A	1u29_A
5u7f_A	5u7f_A
5u7f_A	2o1c_A
5u7f_A	5u7e_A
5u84_B	5u84_B
5u84_B	5u81_A
5u8o_B	5u8o_B
5u93_B	5u93_B
5u9c_A	5u9c_A
5u9c_A	1kc1_A
5u9c_A	1kc3_A
5u9c_A	1n2s_A
5u9c_A	1n2s_A
5u9c_A	8ctr_A
5u9c_A	2ggs_A
5u9c_A	2ggs_A
5u9c_A	2ydx_A
5u9c_A	2ydx_A
5u9c_A	2ydx_E
5u9n_A	5u9n_A
5uas_A	5uas_A
5uas_A	5uam_A
5uba_A	5uba_A
5ubb_A	5ubb_A
5ubb_A	1xtp_A
5ubb_A	7d8f_A
5ubg_A	5ubg_A
5uc6_A	5uc6_A
5uc9_B	5uc9_B
5uc9_B	2q32_B
5uc9_B	1we1_A
5uc9_B	1iw1_A
5uc9_B	1wzg_A
5uc9_B	4gph_C
5uc9_B	1ni6_C
5uc9_B	3hok_B
5uc9_B	1s8c_C
5uc9_B	1ivj_A
5uc9_B	1j2c_A
5uc9_B	1j2c_A
5uc9_B	2e7e_A
5uc9_B	4g7l_A
5uc9_B	4g7p_A
5uc9_B	1wox_A
5uc9_B	1wow_A
5ucp_B	5ucp_B
5ucp_B	3n9s_A
5ucp_B	1rv8_B
5ucp_B	2isv_B
5ucp_B	3gb6_A
5ucp_B	3gay_A
5ucq_B	5ucq_B
5ucq_B	3q46_A
5ucq_B	1wcf_A
5ucq_B	1i6t_A
5ucq_B	1jfd_A
5ucq_B	2au6_A
5ucq_B	3ej0_A
5ucq_B	3ej0_A
5ud5_A	5ud5_A
5udz_A	5udz_A
5ufm_A	5ufm_A
5ug1_A	5ug1_A
5ugw_A	5ugw_A
5uhs_A	5uhs_A
5uk5_A	5uk5_A
5ukh_A	5ukh_A
5uki_A	5uki_A
5uki_A	4peg_C
5uki_A	5k77_B
5uki_A	5k78_B
5ul4_A	5ul4_A
5um2_A	5um2_A
5un7_A	5un7_A
6c36_A	6c36_A
6c37_A	6c37_A
6c37_A	6c32_A
6c40_B	6c40_B
6c40_B	1dck_B
6c40_B	3hzh_A
6c40_B	1srr_C
6c40_B	3cg4_A
6c40_B	1xhf_B
6c40_B	1jlk_A
6c40_B	1nxt_A
6c40_B	1nxp_A
6c40_B	6br7_B
6c40_B	3m6m_D
6c4m_C	6c4m_C
6c4m_C	6h3f_A
6c4m_C	6c4t_A
6c4m_C	6c4t_A
6c4m_C	6h3d_A
6c4m_C	6h3f_A
6c4v_A	6c4v_A
6c6g_A	6c6g_A
6c6g_A	2f2a_A
6c6g_A	2dqn_A
6c6g_A	3a2q_A
6c6g_A	5h6s_C
6c6g_A	1ocm_A
6c6g_A	1ocm_B
6c6g_A	1ocm_A
6c6g_A	4gys_B
6c6g_A	1m21_A
6c6g_A	4yji_A
6c6g_A	3a1i_A
6c6k_B	6c6k_B
6c6q_F	6c6q_F
6c6q_F	6c74_A
6c6q_F	6e48_F
6c6r_A	6c6r_A
6c72_A	6c72_A
6c75_B	6c75_B
6c75_B	6c75_A
6c75_B	6scg_A
6c75_B	3ox4_A
6c75_B	7qni_A
6c75_B	7r3d_A
6c75_B	1rrm_A
6c75_B	1rrm_A
6c75_B	7qlg_AAA
6c75_B	3zdr_A
6c75_B	1oj7_B
6c75_B	1oj7_A
6c75_B	1vlj_B
6c75_B	7w9z_A
6c75_B	8i29_A
6c75_B	7fjg_A
6c75_B	3hl0_B
6c75_B	3hl0_A
6c75_B	3hl0_B
6c75_B	3jzd_A
6c75_B	3jzd_A
6c75_B	5yvr_A
6c75_B	5yvm_A
6c90_A	6c90_A
6c9w_A	6c9w_A
6c9w_A	6vbg_B
6cam_A	6cam_A
6cam_A	5uqz_A
6cam_A	6e36_A
6cam_A	3ipk_A
6cam_A	3iox_A
6cay_A	6cay_A
6cay_A	6bym_A
6cay_A	5yqp_A
6cay_A	6bym_A
6cbs_A	6cbs_A
6cdb_A	6cdb_A
6cdb_A	1r23_A
6cgk_A	6cgk_A
6cgk_A	6aok_A
6cib_B	6cib_B
6cib_B	6ci7_A
6cib_B	6peu_B
6cj0_A	6cj0_A
6cj0_A	6d3w_A
6cj6_D	6cj6_D
6ck1_A	6ck1_A
6cko_B	6cko_B
6cko_C	6cko_C
6cl6_A	6cl6_A
6cl6_A	6cl5_A
6cnp_A	6cnp_A
6co9_A	6co9_A
6coj_B	6coj_B
6cpd_B	6cpd_B
6mlo_E	6mlo_E
6mlo_E	6mkx_A
6mlo_E	1hsl_A
6mlo_E	5owf_A
6mlo_E	2y7i_A
6mlo_E	4ohn_A
6mlo_E	5org_A
6mlo_E	8hqr_A
6mlo_E	3i6v_A
6mlo_E	2q2a_A
6mlo_E	3vve_A
6mlo_E	3vvd_A
6mlo_E	5kkw_A
6mlo_E	6det_A
6tyo_B	6tyo_B
6tyo_B	6p4q_A
6tyo_B	6p4m_A
6tyo_B	6tyn_A
6tyo_B	3dwp_C
6tyo_B	5whu_H
6tyo_B	5whv_F
6tyo_B	7ee4_A
6pjw_L	6pjw_L
6pjw_L	6pk5_A
6pjw_L	3h86_A
6pjw_L	6hf7_A
6pjw_L	1nks_F
6pjw_L	6ln3_A
6pjw_L	7owl_E
6pjw_L	7owe_A
6pjw_L	7owj_F
5k3a_A	5k3a_A
5k3a_A	6qkw_B
6rt2_A	6rt2_A
6rt2_A	6rt2_D
6rt2_A	5l8a_A
5aon_B	5aon_B
5aon_B	5aon_A
6rxd_A	6rxd_A
6rxd_A	6rxe_B
6rxd_A	6rxd_A
6rxd_A	6rxe_B
6rxd_A	6rxg_A
6s6j_B	6s6j_B
6s6j_B	3l15_A
6s6j_B	5dq8_A
6s6j_B	5dq8_B
6sc5_A	6sc5_A
6sc5_A	6sc6_A
4ljp_A	4ljp_A
6esn_A	6esn_A
6esn_A	6t4g_A
6esn_A	3b0w_B
6esn_A	3kyt_A
6esn_A	3kyt_A
6esn_A	3l0j_A
6esn_A	3l0l_B
6esn_A	4nie_A
6esn_A	4ypq_A
6esn_A	5ejv_A
6esn_A	5g44_A
6esn_A	6bn6_A
6esn_A	6t4t_A
6esn_A	1k4w_A
6esn_A	1n4h_A
6esn_A	1n4h_A
6esn_A	1nq7_A
6esn_A	1n83_A
6esn_A	1n83_A
6esn_A	1s0x_A
6esn_A	1s0x_A
6esn_A	1xdk_B
6esn_A	1dkf_B
6esn_A	1exa_A
6esn_A	1exa_A
6esn_A	1exx_A
6esn_A	1fcx_A
6esn_A	1fcy_A
6esn_A	1fcz_A
6esn_A	1fd0_A
6esn_A	1xdk_B
6esn_A	2lbd_A
6esn_A	3lbd_A
4l7k_C	4l7k_C
4l7k_C	6uae_A
4l7k_C	1ogz_A
4l7k_C	1ohs_A
4l7k_C	1qjg_A
4l7k_C	1qjg_B
4l7k_C	3nbr_A
4l7k_C	6uae_C
4l7k_C	3t8n_F
4l7k_C	1cqs_A
4l7k_C	1cqs_B
4l7k_C	1e3r_A
4l7k_C	1e3r_B
4l7k_C	1e3r_A
4l7k_C	1e3v_A
4l7k_C	1e3v_B
4l7k_C	1gs3_A
4l7k_C	1ogx_A
4l7k_C	1ogx_B
4l7k_C	2inx_A
4l7k_C	3vgn_B
4l7k_C	4cdl_A
4l7k_C	6c17_A
4l7k_C	6ucy_B
4l7k_C	7rxf_A
4l7k_C	7ry4_B
1aer_B	1aer_B
1aer_B	1zm4_B
1aer_B	1dma_A
1aer_B	2zit_A
1aer_B	6edg_A
1aer_B	3ki6_A
1af2_A	1af2_A
1af2_A	1aln_A
1af2_A	1ctu_A
1af2_A	4eg2_A
1af7_A	1af7_A
1af7_A	1af7_A
1af7_A	1bc5_A
1afq_A	1afq_A
1afq_A	1gg6_A
1afq_A	1ggd_A
1afq_A	1gmh_A
1afq_A	2vgc_A
1afq_A	3vgc_A
1afq_A	4gch_A
1afq_A	4vgc_A
1afq_A	6gch_A
1afq_A	7gch_A
1afq_B	1afq_B
1afq_B	1gg6_B
1afq_B	1ggd_B
1afq_B	1gmc_A
1afq_B	1gmh_B
1afq_B	2cha_B
1afq_B	2cha_E
1afq_B	2vgc_B
1afq_B	3vgc_B
1afq_B	4gch_B
1afq_B	4vgc_B
1afq_B	6cha_B
1afq_B	6cha_E
1afq_B	6gch_B
1afq_B	7gch_B
1afq_B	1bhx_B
1ah5_A	1ah5_A
1ah5_A	1gtk_A
1ah5_A	1pda_A
1ah5_A	1ypn_A
1ah5_A	2ypn_A
1ah5_A	5h6o_A
1ah5_A	3eq1_A
1ah5_A	3eq1_A
1ai9_A	1ai9_A
1ai9_A	1ai9_B
1ai9_A	1ia3_A
1ai9_A	1ia4_A
1ai9_A	1m78_A
1ai9_A	1m79_A
1ai9_A	1m7a_A
1ai9_A	4h97_A
1ai9_A	3qlx_A
1ai9_A	8crh_B
1ai9_A	7zzx_B
1ai9_A	1cd2_A
1ai9_A	1daj_A
1ai9_A	1dyr_A
1ai9_A	1klk_A
1ai9_A	1ly3_A
1ai9_A	1ly4_A
1ai9_A	1vj3_A
1ai9_A	2cd2_A
1ai9_A	3cd2_A
1ai9_A	4cd2_A
1ai9_A	3qfx_A
1ajk_A	1ajk_A
1ajk_A	1zm1_A
1fdj_A	1fdj_A
1fdj_A	1fdj_B
1fdj_A	1zaj_A
1fdj_A	5tlh_C
1fdj_A	6ald_A
1fdj_A	6ald_B
1fdj_A	6ald_C
1fdj_A	6ald_D
1fdj_A	5tkl_A
1fdj_A	2pc4_D
1fdj_A	6rng_B
1fdj_A	2qdh_A
1fdj_A	2qdg_A
1fdr_A	1fdr_A
1fdr_A	2xnj_A
1fdr_A	3fpk_A
1fdr_A	2vnj_A
1fdr_A	2vni_A
1fdr_A	1a8p_A
1fdr_A	4fk8_A
1fdr_A	4f7d_B
1fdr_A	2qdx_A
1fdr_A	4b4d_A
1fdr_A	4fk8_A
1fdr_A	5thx_A
1fdr_A	5ufa_A
1fdr_A	5tr9_A
1fe8_A	1fe8_A
1fee_A	1fee_A
1fee_A	3iwx_A
1fee_A	4ydx_A
1fee_A	5t7l_A
1fee_A	7zc3_A
1fee_A	5vde_B
1fee_A	3k7r_J
1ffq_A	1ffq_A
1ffq_A	1ffq_A
1ffq_A	2wk2_A
1ffq_A	5gqb_A
1ffq_A	6jmn_A
1ffq_A	3arq_A
1ffq_A	3arp_A
1ffq_A	3aru_A
1ffq_A	3arv_A
1ffq_A	3arw_A
1ffq_A	3arw_A
1fgg_B	1fgg_B
1fgg_B	1fgg_A
1fgg_B	1fgg_A
1fgg_B	1kws_A
1fgg_B	1kws_A
1fgs_A	1fgs_A
1fgs_A	1fgs_A
1fgs_A	1jbw_A
1fgs_A	2gcb_A
1fgs_A	1jbv_A
1fgs_A	1jbw_A
1fgs_A	3pyz_A
1fgs_A	3pyz_A
1fgs_A	3qcz_A
1fgs_A	3qcz_A
1fgs_A	1w78_A
1fgs_A	2vos_A
1fgs_A	2vor_A
1fgs_A	2vos_A
1fhv_A	1fhv_A
1fhv_A	1fhv_A
1fhv_A	1r6w_A
1fhv_A	1r6w_A
1fi2_A	1fi2_A
1fio_A	1fio_A
1fiq_B	1fiq_B
1fiw_B	1fiw_B
1fjg_L	1fjg_L
1fjg_N	1fjg_N
1fjm_B	1fjm_B
1lyx_A	1lyx_A
1lyx_A	1m7p_A
1lyx_A	1m7p_B
1lyx_A	1m7p_A
1lyx_A	1o5x_A
1lyx_A	1wob_A
1lyx_A	1nf0_A
1lyx_A	1nf0_B
1lyx_A	3ypi_A
1lyx_A	3ypi_B
1lyx_A	2btm_B
1lyx_A	2btm_A
1lyx_A	3uwv_A
1lyx_A	3uwu_A
1lyx_A	3uww_A
1lyx_A	3uwz_B
1lyx_A	2y6z_A
1lyx_A	1iig_B
1lyx_A	1kv5_A
1lyx_A	1kv5_B
1lyx_A	1trd_A
1lyx_A	1tti_A
1lyx_A	1ttj_A
1lyx_A	2wsr_A
1lyx_A	2x1t_B
1lyx_A	4pc8_A
1lyx_A	4tim_A
1lyx_A	4tim_B
1lyx_A	6tim_A
1lyx_A	6tim_B
1lyx_A	1amk_A
1lyx_A	1ci1_B
1lyx_A	1if2_A
1lyx_A	1n55_A
1lyx_A	1qds_A
1lyx_A	2y61_A
1lyx_A	1tpb_A
1lyx_A	1tpb_B
1lyx_A	1tpc_A
1lyx_A	1tpc_B
1lyx_A	1tpu_A
1lyx_A	1tpu_B
1lyx_A	1tpv_A
1lyx_A	1tpv_B
1lyx_A	1tpw_A
1lyx_A	1tpw_B
1lyx_A	4owg_A
1lyx_A	5zfx_B
1lyx_A	3tao_A
1lyx_A	4bi7_A
1lyx_A	3pf3_A
1lyx_A	4mva_A
1m0d_A	1m0d_A
1m1j_B	1m1j_B
1m1o_A	1m1o_A
1m1o_A	1dlv_A
1m1o_A	1dlv_B
1m1o_A	1dlv_C
1m1o_A	1dlv_D
1m1o_A	1dm3_A
1m1o_A	1dm3_B
1m1o_A	1dm3_C
1m1o_A	1dm3_D
1m1o_A	1m1o_B
1m1o_A	1m1o_C
1m1o_A	1m1o_D
1m1o_A	1m3z_A
1m1o_A	1m3z_B
1m1o_A	1m3z_C
1m1o_A	1m3z_D
1m1o_A	1qfl_A
1m1o_A	1qfl_B
1m1o_A	1qfl_C
1m1o_A	1qfl_D
1m1o_A	4o9c_A
1m1o_A	4o9c_B
1m1o_A	4o9c_C
1m1o_A	2ibw_B
1m1o_A	2ibw_A
1m1o_A	2ibw_C
1m1o_A	1wl4_A
1m1o_A	4c2j_A
1m1o_A	4c2j_B
1m1o_A	4ubt_A
1m1o_A	8oqo_C
1m1o_A	8oqs_C
1m1o_A	8oqp_C
1m1o_A	8pf8_D
1m1o_A	5bz4_A
1m1o_A	5bz4_B
1m27_A	1m27_A
1m27_B	1m27_B
1m33_A	1m33_A
1m43_B	1m43_B
1m43_B	1ize_B
1m4d_A	1m4d_A
1m4d_A	1m4d_B
1m4d_A	1m4d_A
1m4d_A	1m4g_A
1m4d_A	1m4i_A
1m4d_A	1m4i_B
1m4d_A	1m4i_A
1m4d_A	7cs1_A
1m4d_A	7csi_A
1m4d_A	7crm_C
1m4d_A	7cs0_A
1m4d_A	7csi_A
1m4d_A	7csj_A
1m4d_A	5us1_C
1m5o_F	1m5o_F
1m5o_F	3cun_B
1m5o_F	4pr6_A
1nft_A	1nft_A
1nft_A	4n6p_A
1nft_A	2e0s_A
1nft_A	4oqo_B
1nfv_D	1nfv_D
1nfv_D	1nf6_F
1ng0_C	1ng0_C
1ng9_A	1ng9_A
1ng9_A	1e3m_A
1ng9_A	1w7a_A
1ng9_A	1fw6_B
1ng9_A	2o8d_B
1ng9_A	5yk4_A
1ngk_B	1ngk_B
1ngk_B	2bkm_A
1ngk_B	5v3u_A
1nhc_E	1nhc_E
1nhc_E	1nhc_A
1nhc_E	1czf_B
1nhc_E	1kcc_A
1nhc_E	1kcc_A
1nhc_E	1kcd_A
1nhg_A	1nhg_A
1nhg_A	1nhg_B
1nhg_A	1nhw_A
1nhg_A	1nhw_B
1nhg_A	1nnu_A
1nhg_A	1nnu_B
1nhg_C	1nhg_C
1nhg_C	1nhg_D
1nhg_C	1nhw_C
1nhg_C	1nhw_D
1nhg_C	1nnu_C
1nhg_C	1nnu_D
1nhg_C	2foi_C
1nhg_C	2nq8_C
1nhk_R	1nhk_R
1nhk_R	1nhk_A
1nhk_R	1nlk_A
1nhk_R	1nlk_B
1nhk_R	1wkl_B
1nhk_R	1wkl_A
1nhk_R	1wkl_B
1nhk_R	4hr2_A
1nhk_R	1s59_A
1nhk_R	1s59_C
1nhk_R	5bxi_B
1nhk_R	8oov_B
1nhk_R	3ngu_B
1nhk_R	5caa_A
1nhk_R	1b4s_A
1nhk_R	1b4s_B
1nhk_R	1b4s_C
1nhk_R	1b99_C
1nhk_R	1be4_A
1nhk_R	1be4_A
1nhk_R	1bhn_A
1nhk_R	1bhn_B
1nhk_R	1bhn_C
1nhk_R	1bhn_D
1nhk_R	1bhn_E
1nhk_R	1bhn_F
1nhk_R	1bhn_A
1nhk_R	1bux_A
1nhk_R	1f3f_A
1nhk_R	1kdn_A
1nhk_R	1kdn_B
1nhk_R	1kdn_C
1nhk_R	1kdn_A
1nhk_R	1lwx_A
1nhk_R	1lwx_B
1nhk_R	1lwx_C
1nhk_R	1mn7_A
1nhk_R	1mn7_B
1nhk_R	1mn9_A
1nhk_R	1ndc_A
1nhk_R	1ndp_A
1nhk_R	1ndp_B
1nhk_R	1nue_A
1nhk_R	1nue_B
1nhk_R	1nue_C
1nhk_R	1nue_D
1nhk_R	1nue_E
1nhk_R	1nue_F
1nhk_R	1ucn_A
1nhk_R	1ucn_B
1nhk_R	1ucn_C
1nhk_R	1zs6_A
1nhk_R	2bef_A
1nhk_R	2bef_B
1nhk_R	2bef_C
1nhk_R	2bef_A
1nhk_R	2hvd_A
1nhk_R	2hvd_C
1nhk_R	3bbb_B
1nhk_R	3bbb_C
1nhk_R	3fkb_D
1nhk_R	3ngt_A
1nhk_R	3ngu_B
1nhk_R	4fkx_A
1nhk_R	4fkx_C
1nhk_R	4uof_A
1nhk_R	4uof_C
1nhk_R	4uof_A
1nhk_R	4uog_A
1nhk_R	7zl8_E
1nhk_R	7ztk_B
1nhk_R	2az1_A
1nhk_R	2az3_A
1nhk_R	2az3_B
1nhk_R	2az3_C
1nhk_R	6xpw_C
1nhk_R	5u2i_B
1nhk_R	6xpt_B
1nhk_R	6xpu_A
1nhk_R	6xpv_A
1nhk_R	6xpw_B
1nhk_R	3fbe_B
1nhk_R	3fc9_A
1nhk_R	3q86_A
1nhk_R	3q8u_C
1nhk_R	2dya_B
1nhk_R	2dxd_A
1nhk_R	2dxe_A
1nhk_R	2dxe_A
1nhk_R	2dxf_A
1nhk_R	4dz6_B
1nhk_R	4dz6_A
1nj5_A	1nj5_A
1nj5_A	1h4q_A
1nj5_A	7v8k_B
1nj5_A	7f9r_A
1nj5_A	4k88_A
1nj5_A	7y28_A
1nj5_A	4k86_A
1nj5_A	4olf_A
1nj5_A	7v9d_A
1njf_A	1njf_A
1njr_A	1njr_A
1njr_A	1txz_A
1njr_A	1txz_A
1njr_A	1ty8_A
1nrj_A	1nrj_A
1nrj_B	1nrj_B
1nrj_B	2fh5_B
1nrj_B	5ck5_A
1nrl_B	1nrl_B
1nsa_A	1nsa_A
1nsa_A	1pca_A
1nsa_A	1jqg_A
1nsf_A	1nsf_A
1nsf_A	1d2n_A
1nsf_A	1d2n_A
1nsf_A	1nsf_A
1nt1_B	1nt1_B
1nub_A	1nub_A
1nui_A	1nui_A
1nvb_B	1nvb_B
1nvb_B	1nr5_A
1nvb_B	1nvb_A
1nvb_B	1nvf_A
1nvb_B	1sg6_A
1nvs_B	1nvs_B
1nvs_B	1nvr_B
1nx8_C	1nx8_C
1nx8_C	1nx8_B
1nx8_C	1nx4_B
1nx8_C	4oj8_B
1nxj_A	1nxj_A
1nxj_A	1nxj_A
1nzi_B	1nzi_B
1o0s_B	1o0s_B
1o0s_B	1llq_A
1o0s_B	1llq_B
1o0s_B	1gq2_A
1o0s_B	7xdf_A
1o0s_B	1qr6_B
1o2d_A	1o2d_A
1o2d_A	1vhd_A
1o4t_A	1o4t_A
1o51_A	1o51_A
1o51_A	1o51_A
1o51_A	2dcl_A
1o68_B	1o68_B
1o68_B	1o68_D
1o68_B	1m3u_A
1o6l_B	1o6l_B
1o6l_B	1o6k_B
1o6t_A	1o6t_A
1o6z_A	1o6z_A
1o6z_A	1o6z_B
1o6z_A	1o6z_C
1o6z_A	1o6z_D
1o6z_A	2x0r_B
1o6z_A	1a5z_A
1o6z_A	2xxj_D
1o6z_A	2v6m_D
1o6z_A	3vph_A
1o6z_A	3vph_B
1o6z_A	3zzn_D
1o6z_A	2x0i_A
1o6z_A	1ez4_D
1o6z_A	2ldb_D
1o6z_A	3d4p_A
1o6z_A	3h3j_A
1o6z_A	3pqf_C
1o6z_A	3wsw_D
1o6z_A	4m49_C
1o6z_A	3h3f_A
1o6z_A	4aj4_B
1o6z_A	7m2n_B
1o6z_A	9ldb_A
1o6z_A	9ldb_B
1o6z_A	9ldt_A
1o6z_A	9ldt_B
1o6z_A	1hyg_A
1o6z_A	1hye_A
1o6z_A	1hyg_A
1o6z_A	1lth_A
1o6z_A	1lld_B
1o6z_A	4wlo_A
1o6z_A	2dfd_A
1o6z_A	4wlu_A
1o6z_A	4wlu_C
1o6z_A	1gv0_A
1o6z_A	1guy_B
1o6z_A	1guy_A
1o6z_A	1ur5_A
1o6z_A	4ros_A
1o6z_A	2hjr_A
1o6z_A	3gvi_C
1o6z_A	4nd4_A
1o6z_A	5zi2_A
1o6z_A	5zi2_B
1o6z_A	5zi4_A
1o6z_A	6ct6_B
1o6z_A	1ib6_A
1o6z_A	2pwz_G
1o6z_A	1emd_A
1o6z_A	1ib6_A
1o6z_A	1ib6_B
1o6z_A	1ie3_A
1o6z_A	1ie3_B
1o6z_A	1ie3_C
1o6z_A	5kka_B
1o6z_A	2aa3_C
1o6z_A	5hto_E
1o6z_A	1cet_A
1o6z_A	1ldg_A
1o6z_A	1oc4_A
1o6z_A	1oc4_B
1o6z_A	1u5a_A
1o6z_A	2aa3_B
1o6z_A	2aa3_C
1o6z_A	6txr_A
1o6z_A	6txr_D
1o6z_A	1sow_B
1o6z_A	1pzh_A
1o75_A	1o75_A
1o75_A	1o75_B
1o7a_A	1o7a_A
1o7a_A	1now_A
1o7a_A	1now_A
1o7a_A	3lmy_B
1o7a_A	5oar_D
1o7g_B	1o7g_B
1o7g_B	1o7n_B
1o7g_B	1o7p_B
1o7k_A	1o7k_A
1o7l_D	1o7l_D
1o7l_D	1o7l_B
1o88_A	1o88_A
1o8b_A	1o8b_A
1o8c_A	1o8c_A
1o8c_A	1o8c_A
1o8c_A	3nx4_A
1o8c_A	3nx4_B
1o8c_A	5gxe_A
1o8c_A	1y9e_A
1o9u_B	1o9u_B
1o9v_A	1o9v_A
1o9v_A	1o9v_A
1o9v_A	1zpl_A
1o9v_A	3f64_A
1o9v_A	4k0o_A
1o9v_A	1oio_A
1o9v_A	3ffo_A
1oaf_A	1oaf_A
1oaf_A	1v0h_X
1oaf_A	2wd4_A
1oaf_A	4ged_A
1oaf_A	3riw_B
1oaf_A	7oqr_B
1oaf_A	6h08_B
1oaf_A	1ac4_A
1oaf_A	1ac8_A
1oaf_A	1aed_A
1oaf_A	1aee_A
1oaf_A	1aef_A
1oaf_A	1aeg_A
1oaf_A	1aeg_A
1oaf_A	1aeh_A
1oaf_A	1aej_A
1oaf_A	1aej_A
1oaf_A	1aek_A
1oaf_A	1aek_A
1oaf_A	1aem_A
1oaf_A	1aen_A
1oaf_A	1aeo_A
1oaf_A	1aeo_A
1oaf_A	1aeq_A
1oaf_A	1aet_A
1oaf_A	1aeu_A
1oaf_A	1cci_A
1oaf_A	1cmp_A
1oaf_A	1dj5_A
1oaf_A	1ds4_A
1oaf_A	1dse_A
1oaf_A	1ebe_A
1oaf_A	1krj_A
1oaf_A	1kxm_A
1oaf_A	1ml2_A
1oaf_A	1ryc_A
1oaf_A	1s6v_A
1oaf_A	1sdq_A
1oaf_A	1u74_C
1oaf_A	1z53_A
1oaf_A	2anz_A
1oaf_A	2as1_A
1oaf_A	2as2_A
1oaf_A	2as4_A
1oaf_A	2eun_A
1oaf_A	2eus_A
1oaf_A	2eut_A
1oaf_A	2rbx_X
1oaf_A	2rbz_X
1oaf_A	2v2e_A
1oaf_A	2x08_A
1oaf_A	4a6z_A
1oaf_A	4a71_A
1oaf_A	4jpt_A
1oaf_A	4jqj_A
1oaf_A	4jqm_A
1oaf_A	4jqn_A
1oaf_A	4nvk_A
1oaf_A	4xva_A
1oaf_A	5cid_A
1oaf_A	5cie_A
1oaf_A	5u5u_A
1oaf_A	5u5v_A
1oaf_A	6h08_A
1oaf_A	3rrw_A
1obc_B	1obc_B
1ocu_A	1ocu_A
1ocy_A	1ocy_A
1odh_A	1odh_A
1of3_A	1of3_A
1of3_A	1oh4_A
1of3_A	1of3_B
1of3_A	1oh4_A
1ofc_X	1ofc_X
1ofd_A	1ofd_A
1ofd_A	1lm1_A
1ofd_A	1ofe_A
1ofu_C	1ofu_C
1ofu_C	1ofu_D
1ogd_A	1ogd_A
1ogd_A	1ogd_B
1ogd_A	1ogd_C
1ogd_A	1ogd_D
1ogd_A	1ogd_E
1ogd_A	1ogd_A
1ogd_A	1oge_A
1ogd_A	1oge_B
1ogd_A	1oge_C
1ogd_A	1oge_D
1ogd_A	1oge_E
1ogd_A	1oge_A
1ogd_A	4a34_I
1ogd_A	2wcu_A
1ogo_X	1ogo_X
1ohd_A	1ohd_A
1ohd_A	6g84_B
1ohf_C	1ohf_C
1oi0_A	1oi0_A
1oi0_A	1oi0_A
1oke_A	1oke_A
1oke_A	1oke_B
1oke_A	1oke_A
1oke_A	7a3n_A
1oke_A	5lcv_B
1okg_A	1okg_A
1olm_A	1olm_A
1olm_A	4tlg_A
1olp_A	1olp_A
1olp_A	1ca1_A
1olt_A	1olt_A
1olt_A	1olt_A
1on6_B	1on6_B
1on6_B	1omz_A
1on6_B	1omx_A
1on6_B	1omz_A
1on6_B	1omz_B
1on6_B	1omz_B
1on6_B	1on6_A
1on6_B	1on6_B
1oq4_A	1oq4_A
1oq4_A	1oq9_A
1oq4_A	1oqb_A
1oq4_A	2j2f_A
1oqj_A	1oqj_A
1oqn_A	1oqn_A
1oqn_A	1nu2_A
1oqn_A	6ovf_B
1oqn_B	1oqn_B
1or4_A	1or4_A
1ov8_A	1ov8_A
1ovv_A	1ovv_A
1ovv_A	1jm0_A
1ovw_A	1ovw_A
1ovw_A	4ovw_A
1ovw_A	2xsp_A
1ovw_A	1cel_A
1ovw_A	1dy4_A
1ovw_A	1dy4_A
1ovw_A	4c4d_A
1ovw_A	4d5i_A
1ovw_A	4d5o_A
1ovw_A	4d5v_A
1ovw_A	4uwt_A
1ovw_A	4v0z_A
1ovw_A	5o59_A
1ovw_A	1h46_A
1ovw_A	1h46_X
1ovw_A	1z3w_A
1ovw_A	1z3w_A
1ovw_A	4v1z_A
1ovw_A	4v20_A
1ovw_A	4zzu_A
1ovw_A	5w11_B
1ovw_A	6yoz_AAA
1ox6_A	1ox6_A
1ox6_A	1jvn_A
1ox6_A	1ox4_A
1ox6_A	1ox4_B
1ox6_A	1ox5_A
1ox6_A	1ox5_A
1oxu_A	1oxu_A
1oxu_A	1oxv_A
1oxu_A	1oxv_A
1oxu_A	4ki0_B
1oxu_A	4ki0_A
1oxu_A	2d62_A
1p03_B	1p03_B
1p05_B	1p05_B
1p06_B	1p06_B
1p0z_A	1p0z_A
1p10_B	1p10_B
1p12_B	1p12_B
1p16_B	1p16_B
1p28_A	1p28_A
1p28_A	1ow4_A
1p3v_A	1p3v_A
1p3v_A	1j77_A
1p3w_B	1p3w_B
1p3w_B	1p3w_A
1p3w_B	1eg5_A
1p3w_B	1eg5_B
1p3w_B	4eb7_B
1p3w_B	4eb7_A
1p3w_B	7xeq_A
1p3w_B	7xes_A
1p3w_B	3vax_B
1p3w_B	3vax_A
1p3w_B	7xen_A
1p3w_B	7xek_A
1p3w_B	1jf9_A
1p3w_B	1kmj_A
1p3w_B	1kmk_A
1p3w_B	1n31_A
1p3w_B	1elq_A
1p3w_B	1elq_B
1p3w_B	1elu_A
1p3w_B	1n2t_A
1p42_A	1p42_A
1p42_A	1yhc_A
1p42_A	2go3_A
1p42_A	2ier_A
1p42_A	5dro_A
1p42_A	3nzk_A
1p42_A	4mqy_A
1p42_A	4fw3_A
1p42_A	3p3e_A
1p42_A	5vwm_A
1p42_A	6mo5_A
1p42_A	7cia_A
1p4a_A	1p4a_A
1p4a_A	1p4a_A
1p4a_A	7rmw_A
1p4t_A	1p4t_A
1p5j_A	1p5j_A
1p5j_A	7nbc_A
1p5j_A	6zsp_A
1p5j_A	6zsp_B
1p5j_A	7nbc_C
1p5j_A	7nbc_CCC
1p5j_A	7nbh_AAA
1p5j_A	5cvc_A
1p5j_A	6cgq_B
1p5j_A	3aey_A
1p5j_A	3aex_A
1p6o_B	1p6o_B
1p6o_B	1p6o_A
1p6o_B	1p6o_B
1p6o_B	1uaq_A
1p6o_B	1uaq_B
1p6o_B	1uaq_A
1p6o_B	8i3o_C
1p8k_Z	1p8k_Z
1p8k_Z	3uvf_A
1p91_A	1p91_A
1p91_A	1p91_A
1p9b_A	1p9b_A
1p9b_A	1cg0_A
1p9b_A	1cg0_A
1p9b_A	1cg1_A
1p9b_A	1cg3_A
1p9b_A	1cg4_A
1p9b_A	1ch8_A
1p9b_A	1hon_A
1p9b_A	1hon_B
1p9b_A	1hon_A
1p9b_A	1hoo_A
1p9b_A	1hoo_B
1p9b_A	1hoo_A
1p9b_A	1hop_A
1p9b_A	1hop_B
1p9b_A	1ksz_A
1p9b_A	1nht_A
1p9b_A	1qf4_A
1p9b_A	1qf5_A
1p9b_A	1dj3_B
1p9b_A	1dj2_B
1p9b_A	1dj3_A
1p9b_A	1lny_B
1p9b_A	1iwe_A
1p9b_A	1lny_A
1p9b_A	1lon_A
1p9b_A	1loo_A
1p9b_A	1mez_A
1p9b_A	1mez_A
1p9b_A	1mf0_A
1p9b_A	1mf0_A
1p9w_A	1p9w_A
1p9w_A	4pht_B
1p9w_A	5oiu_C
1p9w_A	5it5_A
1p9w_A	5oiu_E
1p9w_A	8dze_A
1pb0_A	1pb0_A
1peo_A	1peo_A
1peo_A	1peo_A
1peo_A	6cgn_A
1peo_A	6mve_A
1pex_A	1pex_A
1pg6_A	1pg6_A
1pgu_B	1pgu_B
1pgu_B	5tha_A
1pgu_B	5h1m_A
1pgu_B	5h3t_C
1pgu_B	5tef_A
1pii_A	1pii_A
1pii_A	7etx_A
1pii_A	7ety_B
1pii_A	7etx_A
1pii_A	7ety_A
1pip_B	1pip_B
1piv_A	1piv_A
1pj6_A	1pj6_A
1pj6_A	1pj7_A
1pj6_A	3gsi_A
1pj6_A	3gsi_A
1pj6_A	4paa_A
1pj6_A	4pab_B
1pmh_X	1pmh_X
1pmh_X	1pmj_X
1pmi_A	1pmi_A
1pn4_A	1pn4_A
1pnf_A	1pnf_A
1poc_A	1poc_A
1poh_A	1poh_A
1pp9_A	1pp9_A
1pp9_A	8bep_B
1pp9_A	1pp9_O
1pp9_A	3hdi_A
1pp9_A	7v4y_A
1pp9_F	1pp9_F
1pp9_G	1pp9_G
1ppg_B	1ppg_B
1ppj_A	1ppj_A
1ppj_A	3l71_A
1ppj_A	2yiu_A
1ppj_A	2qjp_A
1ppj_A	3cxh_A
1ppj_A	3cx5_B
1ppj_A	8bel_M
1ppj_A	8smr_D
1ppp_A	1ppp_A
1ppp_A	1pip_A
1ppp_A	1meg_A
1ppp_A	6ay2_B
1ppp_A	3cbj_A
1ppp_A	1gmy_A
1ppp_A	1qdq_A
1ppp_A	1the_A
1ppp_A	1the_A
1ppp_A	1fh0_A
1ppp_A	6pxf_A
1ppp_A	1vsn_A
1ppp_A	3k24_A
1ppp_A	7w34_A
1ppp_A	8gx2_A
1ppp_A	8uac_A
1ppp_A	1ms6_A
1ppp_A	3iej_A
1ppp_A	1u9q_A
1ppp_A	1ewm_A
1ppp_A	1ewo_A
1ppp_A	1f2a_A
1ppp_A	1f2b_A
1ppp_A	1me3_A
1ppp_A	1me4_A
1ppp_A	7juj_A
1ppp_A	2bdz_B
1ppp_A	2bdz_A
1ppp_A	3s3r_A
1ppp_A	3s3r_B
1ppp_A	8cc2_AAA
1ppp_A	3ch3_X
1ppp_A	2wbf_X
1ppp_A	6x42_X
1ppr_A	1ppr_A
1ppr_A	1ppr_B
1ppr_A	1ppr_C
1ppr_A	1ppr_M
1ppr_A	2c9e_A
1ppr_A	2c9e_A
1ps9_A	1ps9_A
1ps9_A	1ps9_A
1pu8_A	1pu8_A
1pu9_A	1pu9_A
1pu9_A	1pu9_A
1pu9_A	1qsn_A
1pu9_A	1qsr_A
1pu9_A	5h86_A
1pu9_A	1cm0_A
1pu9_A	1z4r_A
1pu9_A	1z4r_A
1pu9_A	5h84_A
1pu9_A	5trl_A
1pu9_A	8h6c_F
1pu9_B	1pu9_B
1pvc_A	1pvc_A
1pvm_B	1pvm_B
1pvm_B	2qh1_B
1pvo_A	1pvo_A
1pvo_A	8q3n_A
1pvo_A	5jji_C
1pvo_A	8q3o_A
1pvo_A	8q3o_E
1pvs_A	1pvs_A
1pvs_A	1pvs_A
1pw6_B	1pw6_B
1pw6_B	1m48_B
1pw6_B	7m2g_A
1pw6_B	1m48_A
1pw6_B	1m4a_A
1pw6_B	1nbp_A
1pw6_B	1pw6_A
1pw6_B	1py2_B
1pw6_B	7raa_B
1pwp_B	1pwp_B
1pwp_B	1pwu_A
1pzw_A	1pzw_A
1q05_B	1q05_B
1q05_B	2zhg_A
1q05_B	4ua1_B
1q05_B	5gpe_D
1q05_B	6jgx_A
1q05_B	6jni_A
1q08_A	1q08_A
1q0g_A	1q0g_A
1q0g_A	1q0k_A
1q0g_A	1q0k_I
1q0z_A	1q0z_A
1q16_A	1q16_A
1q16_A	1r27_A
1q16_A	1siw_A
1q16_A	3egw_A
1q16_B	1q16_B
1q19_A	1q19_A
1q33_A	1q33_A
1q33_A	1qvj_A
1q33_A	1qvj_A
1q39_A	1q39_A
1q39_A	1q3b_A
1q39_A	4cis_A
1q39_A	6rok_A
1q39_A	1r2y_A
1q3i_A	1q3i_A
1q3i_A	1mo8_A
1q3q_A	1q3q_A
1q3q_A	1q2v_A
1q3q_A	3ruq_A
1q3q_A	6ks6_A
1q3q_A	6ks6_G
1q3q_A	6ks6_d
1q3q_A	1kp8_A
1q3q_A	1kp8_A
1q3q_A	1pcq_A
1q3q_A	1pf9_A
1q3q_A	4ki8_A
1q3q_A	4v4o_a
1q3q_A	4v4o_F
1q3q_A	8g7l_A
1q3q_A	8wuw_H
1q3q_A	6ks6_z
1q3q_A	8sgc_Q
1q3q_A	8sg8_Q
1q3q_A	6ks6_Q
1q4s_A	1q4s_A
1q4s_A	1q4s_B
1q4s_A	1q4s_A
1q4s_A	1q4t_A
1q4s_A	1q4u_A
1q4s_A	3r35_A
1q4s_A	3r35_B
1q6y_A	1q6y_A
1q6y_A	1q7e_A
1q6y_A	1pt7_A
1q6y_A	1pt5_A
1q6y_A	1pt5_B
1q6y_A	1pt8_A
1q6y_A	1pt8_B
1q6y_A	1pt8_A
1q6y_A	1q7e_A
1q6y_A	1p5r_A
1q6y_A	1p5r_B
1q6y_A	1p5r_A
1q6y_A	1t3z_A
1q6y_A	1t4c_A
1q6y_A	2vjk_A
1q6y_A	2vjm_A
1q6y_A	2vjm_B
1q6y_A	2vjo_A
1q6y_A	3ubm_B
1q6y_A	3ubm_A
1q6y_A	1xvt_A
1q6y_A	1xvt_A
1q6y_A	2yim_A
1q6y_A	2gd2_A
1q6y_A	2gd6_A
1q6y_A	2yim_B
1q6y_A	8apq_A
1q7l_A	1q7l_A
1q8h_A	1q8h_A
1qa7_D	1qa7_D
1qa7_D	1qa7_C
1qa7_D	1hav_A
1qa7_D	1qa7_A
1qa7_D	2a4o_A
1qb7_A	1qb7_A
1qb7_A	1qb8_A
1qb7_A	1qb8_A
1qb7_A	5vn4_A
1qbq_C	1qbq_C
1qd1_A	1qd1_A
1qd1_A	1qd1_B
1qd6_A	1qd6_A
1qd6_C	1qd6_C
1qd6_C	1fw2_A
1qd6_C	1qd6_B
1qf6_A	1qf6_A
1qf6_A	1nyr_A
1qf9_A	1qf9_A
1qf9_A	1qf9_A
1qf9_A	1uke_A
1qf9_A	2ukd_A
1qf9_A	3ukd_A
1qf9_A	4ukd_A
1qf9_A	4ukd_A
1qf9_A	5ukd_A
1qf9_A	5ukd_A
1qf9_A	1uky_A
1qf9_A	1uky_A
1qf9_A	1ukz_A
1qf9_A	2c9y_A
1qf9_A	1dvr_A
1qf9_A	1aky_A
1qf9_A	1aky_A
1qf9_A	1dvr_B
1qf9_A	1dvr_A
1qf9_A	2aky_A
1qf9_A	3aky_A
1qf9_A	1ank_A
1qf9_A	1ank_A
1qf9_A	1e4v_A
1qf9_A	1e4y_A
1qf9_A	4x8o_A
1qf9_A	2bbw_A
1qf9_A	2bbw_A
1qf9_A	3tlx_A
1qf9_A	3tlx_A
1qf9_A	3tlx_B
1qf9_A	4jlp_A
1qf9_A	3sr0_A
1qf9_A	4w5j_A
1qf9_A	4mkh_A
1qf9_A	1s3g_A
1qf9_A	1zin_A
1qf9_A	1zio_A
1qf9_A	1zip_A
1qf9_A	2eu8_B
1qf9_A	3dl0_A
1qf9_A	4qbh_A
1qf9_A	6zjd_A
1qf9_A	2ak3_A
1qf9_A	6zjb_D
1qf9_A	3l0p_A
1qf9_A	3l0s_A
1qf9_A	3tlx_D
1qft_A	1qft_A
1qft_A	1qft_A
1qft_A	1qfv_A
1qgj_A	1qgj_A
1qgj_A	1gx2_A
1qgj_A	1gw2_A
1qgj_A	1gw2_A
1qgj_A	1gx2_A
1qgj_A	1h55_A
1qgj_A	1h57_A
1qgj_A	1w4y_A
1qgj_A	2atj_A
1qgj_A	3atj_A
1qgj_A	3atj_B
1qgj_A	4atj_A
1qgj_A	6atj_A
1qgj_A	7atj_A
1qgj_A	4cuo_A
1qgj_A	5aog_A
1qgj_A	1bgp_A
1qh3_A	1qh3_A
1qh3_A	1qh5_A
1qh3_A	1qh5_B
1qh3_A	1qh5_A
1qh3_A	2p18_A
1qha_A	1qha_A
1qha_A	1cza_N
1qha_A	1hkb_A
1qha_A	1hkc_A
1qha_A	1qha_B
1qha_A	1qha_A
1qha_A	4foe_A
1qha_A	4foi_A
1qha_A	4fpa_A
1qha_A	4fpb_A
1qha_A	1bg3_A
1qhg_A	1qhg_A
1qhg_A	2is6_A
1qhg_A	4c2u_A
1qhg_A	4c2u_A
1qhg_A	4c30_I
1qhh_A	1qhh_A
1qhh_B	1qhh_B
1qhh_C	1qhh_C
1qhh_D	1qhh_D
1qhn_A	1qhn_A
1qhn_A	1qhs_A
1qhn_A	1qhx_A
1qhn_A	1qhx_A
1qhn_A	1qhy_A
1qho_A	1qho_A
1qho_A	1qho_A
1qho_A	1qhp_A
1qho_A	3cgt_A
1qho_A	8cgt_A
1qho_A	9cgt_A
1qho_A	1cdg_A
1qho_A	1cxl_A
1qho_A	1ded_A
1qho_A	1dtu_A
1qho_A	1i75_A
1qho_A	1i75_A
1qho_A	1kck_A
1qho_A	1ukq_A
1qho_A	1uks_A
1qho_A	2cxg_A
1qho_A	4jcl_A
1qjs_A	1qjs_A
1qju_D	1qju_D
1qju_D	1aym_D
1qk4_C	1qk4_C
1qk4_C	1fsg_A
1qk4_C	1dbr_A
1qk4_C	1fsg_B
1qk4_C	1fsg_A
1qk4_C	1qk3_A
1qk4_C	1qk3_B
1qk4_C	1qk3_B
1qk4_C	1qk4_A
1qk4_C	1qk4_B
1qk4_C	1qk4_D
1qk4_C	1qk4_A
1qk4_C	1qk5_A
1qk4_C	1qk5_B
1qk4_C	1qk5_B
1qk4_C	1bzy_A
1qk4_C	4rac_A
1qk4_C	1z7g_D
1qk4_C	1bzy_B
1qk4_C	1bzy_C
1qk4_C	1bzy_D
1qk4_C	1bzy_A
1qk4_C	1hmp_A
1qk4_C	2jbh_B
1qk4_C	4ijq_C
1qk4_C	4kn6_A
1qk4_C	4ran_C
1qk4_C	1hmp_B
1qk4_C	3ggj_B
1qk4_C	6bo7_A
1qk4_C	3ozf_B
1qk4_C	1cjb_A
1qk4_C	1cjb_B
1qk4_C	1cjb_C
1qmz_F	1qmz_F
1qmz_F	1qmz_E
1qnr_A	1qnr_A
1qnr_A	1qnq_A
1qnr_A	3pzo_A
1qnr_A	3pzi_A
1qo8_A	1qo8_A
1qo8_A	1d4c_A
1qo8_A	1d4d_A
1qo8_A	1e39_A
1qo8_A	1jrx_A
1qo8_A	1jrx_A
1qo8_A	1jry_A
1qo8_A	1jrz_A
1qo8_A	1kss_A
1qo8_A	1kss_A
1qo8_A	1ksu_A
1qo8_A	1lj1_A
1qo8_A	1m64_A
1qo8_A	1p2h_A
1qo8_A	1qjd_A
1qo8_A	1y0p_A
1qp8_A	1qp8_A
1qp8_A	1qp8_A
1qp9_A	1qp9_A
1qpg_A	1qpg_A
1qpg_A	1qpg_A
1qpg_A	16pk_A
1qpg_A	13pk_A
1qpg_A	1kf0_A
1qpg_A	1kf0_A
1qpg_A	1php_A
1qpg_A	1vpe_A
1qpg_A	1vpe_A
1qpg_A	2paa_A
1qpg_A	1zmr_A
1qpg_A	4fey_A
1qpg_A	4ng4_A
1qpg_A	5m1r_A
1qpg_A	3zoz_A
1qpg_A	2xe6_A
1qpg_A	1ltk_C
1qpg_A	1vjc_A
1qpg_A	2wzb_A
1qpg_A	2wzd_A
1qpg_A	2xe7_A
1qpg_A	2y3i_A
1qpg_A	3c3b_A
1qpg_A	3c3c_A
1qpg_A	4axx_A
2io9_B	2io9_B
2io9_B	2io7_A
2io9_B	2io8_A
2io9_B	2io8_A
2io9_B	2ioa_A
2io9_B	3o98_A
2iqq_A	2iqq_A
2isj_A	2isj_A
2isj_A	2isk_A
2isj_A	2isl_A
2isj_A	2isl_B
2isj_A	2isl_E
2iub_F	2iub_F
2iun_B	2iun_B
2iun_B	6itx_D
2iut_A	2iut_A
2iut_A	2iut_B
2iut_A	2iut_A
2iut_A	2iuu_A
2iv3_C	2iv3_C
2ivf_C	2ivf_C
2ivn_A	2ivn_A
2ivn_A	2ivn_A
2ivn_A	2ivo_A
2ivn_A	2ivp_A
2ivn_A	6nbj_B
2ivn_A	6nbj_A
2ivn_A	6s84_D
2ivn_A	4ydu_B
2ivn_A	3zeu_B
2ivn_A	4wq4_A
2ivz_A	2ivz_A
2iwh_B	2iwh_B
2iwh_B	2iw3_B
2iwv_A	2iwv_A
2iwv_A	2iww_A
2iwv_A	2wvp_A
2ixa_A	2ixa_A
2ixa_A	6t2b_B
2ixc_A	2ixc_A
2ixc_A	4hn1_C
2ixc_A	4hn1_A
2ixc_A	4hn1_B
2ixc_A	4hn1_C
2ixc_A	7pwh_AAA
2ixc_A	1oi6_A
2ixc_A	2ixk_B
2ixc_A	2ixk_A
2ixc_A	3ryk_A
2ixc_A	3ryk_B
2ixc_A	3ryk_A
2ixc_A	6c46_A
2ixc_A	7pvi_AAA
2ixc_A	5buv_A
2ixc_A	7anj_A
2ixc_A	8dcl_A
2ixv_A	2ixv_A
2ixv_A	2ixu_A
2ixv_A	2j8f_A
2ixv_A	2j8g_A
2iye_A	2iye_A
2iye_A	2yj4_B
2iye_A	2yj4_A
2iye_A	2yj6_A
2iye_A	3a1c_B
2iyg_B	2iyg_B
4gjw_B	4gjw_B
4gk9_A	4gk9_A
4glx_A	4glx_A
4glx_A	2owo_A
4glx_A	5tt5_A
4gmg_A	4gmg_A
4gmg_A	4gmg_A
4gmg_A	4gmg_B
4gnr_A	4gnr_A
4gnr_A	1pea_A
4gnr_A	1qo0_B
4gnr_A	7s6e_B
4gnr_A	1z17_A
4gnr_A	1usi_A
4gnr_A	3ip5_A
4gnr_A	3ip6_A
4gnr_A	3ip7_A
4gnr_A	3ip9_A
4gnr_A	3ipc_A
4gnr_A	3td9_A
4gnr_A	4nqr_A
4gnr_A	4nv3_A
4gnr_A	4oat_A
4gnr_A	4obb_A
4gnr_A	4og2_A
4gnr_A	4otz_A
4gnr_A	4qym_A
4gnr_A	4rdc_A
4gnr_A	4rv5_A
4gnr_A	4q6b_A
4gnr_A	4mlc_A
4gnr_A	4q6w_A
4gnx_C	4gnx_C
4gom_E	4gom_E
4gom_E	4gol_E
4gom_E	4rtk_A
4gom_E	4rtl_A
4gom_E	4rtn_A
4gom_E	2dpm_A
4gom_E	2dpm_A
4gom_E	1yf3_A
4gom_E	1q0s_A
4gom_E	1yf3_A
4gos_A	4gos_A
4gp6_A	4gp6_A
4gp6_A	4gp6_A
4gp6_A	4gp7_A
4gp6_A	4jst_A
4gp6_A	4jsy_A
4gp6_A	4jt2_A
4gp6_A	4jt4_A
4gp6_A	4mde_A
4gpu_A	4gpu_A
4gqy_A	4gqy_A
4gsl_A	4gsl_A
4gt8_A	4gt8_A
4gt8_A	4gt8_A
4gtt_A	4gtt_A
4gtt_A	3pz2_A
4gtt_A	3pz3_A
4gua_A	4gua_A
4guk_A	4guk_A
4guk_A	1g8i_A
4guk_A	4by5_B
4guk_A	5aan_A
4guk_A	1v1f_A
4guk_A	5ypx_A
4guk_A	5x9a_B
4gx0_B	4gx0_B
4gx0_B	4gvl_A
4gx0_B	4gx1_B
4gx7_A	4gx7_A
4gx7_A	5v6f_A
4gyf_A	4gyf_A
4gyf_A	4gc3_A
4gyf_A	2yz5_B
4gyf_A	2yxo_B
5d2e_A	5d2e_A
5d2e_A	5d2e_A
5d2h_A	5d2h_A
5d2h_A	5d2i_A
5d2h_A	5d2j_A
5d2h_A	5d2k_A
5d2h_A	2eb5_B
5d2h_A	2eb6_A
5d3f_B	5d3f_B
5d3k_A	5d3k_A
5d3k_A	2h7y_A
5d4o_A	5d4o_A
5d4o_A	5ds7_A
5d4o_A	5d4o_B
5d4o_A	5ds7_C
5d4o_A	5d4o_C
5d5v_D	5d5v_D
5d7z_A	5d7z_A
5d7z_A	6bnn_A
5d88_A	5d88_A
5d9i_B	5d9i_B
5d9w_A	5d9w_A
5d9w_A	5d9v_A
5d9w_A	5elg_A
5d9w_A	2per_A
5d9w_A	1k0n_A
5d9w_A	7fbq_A
5d9w_A	1k0n_A
5d9w_A	6gic_B
5d9w_A	6gib_B
5d9z_A	5d9z_A
5d9z_A	1msa_A
5d9z_A	1msa_B
5d9z_A	1msa_C
5d9z_A	1msa_D
5d9z_A	3a0d_A
5d9z_A	5t20_B
5d9z_A	5d5g_B
5da5_A	5da5_A
5da5_A	5da5_a
5da5_A	5l8f_B
5dep_A	5dep_A
5dep_A	6ueg_D
5dep_A	5dem_A
5dep_A	6ueg_E
5dep_A	5dem_C
5dep_A	5dep_B
5dep_A	6uee_A
5dep_A	2jf3_A
5dep_A	6p9q_A
5deq_B	5deq_B
5dgk_A	5dgk_A
5dgr_A	5dgr_A
5dhh_A	5dhh_A
5dhh_A	8k2w_R
5dhh_A	5c1m_A
5dhh_A	7f6h_A
5dhh_A	8g05_R
5dhh_A	8gur_R
5dhh_A	7um6_A
5dhh_A	2y04_A
5dhh_A	2y04_B
5dhh_A	7dw9_R
5dhh_A	8jt6_R
5dhh_A	7e2x_R
5dhh_A	7eo2_A
5dhh_A	7vkt_A
5dhh_A	8id9_R
5dhh_A	8x5y_B
5dhh_B	5dhh_B
5di3_B	5di3_B
5dii_C	5dii_C
5dis_C	5dis_C
5dj4_A	5dj4_A
5djj_A	5djj_A
5djj_A	5djg_A
5djj_A	5djh_A
5djj_A	5djk_A
5dka_B	5dka_B
5dl8_B	5dl8_B
5dl8_B	5dl8_A
5e8g_A	5e8g_A
5e8j_B	5e8j_B
5e9o_B	5e9o_B
5e9o_B	5lu3_A
5ean_A	5ean_A
5ec0_A	5ec0_A
5ed8_A	5ed8_A
5edf_A	5edf_A
5edl_A	5edl_A
5efv_B	5efv_B
5eik_A	5eik_A
5ein_B	5ein_B
5ein_B	2i3a_D
5ein_B	7nnr_B
5ein_B	2i3g_A
5ein_B	7nnr_A
5eiy_B	5eiy_B
5ej0_A	5ej0_A
5ejd_D	5ejd_D
5ejd_D	5egf_B
5ejd_G	5ejd_G
5ejl_A	5ejl_A
5ejq_A	5ejq_A
5ek8_A	5ek8_A
5eku_B	5eku_B
5eku_B	4m37_A
5eku_B	5eku_B
5elk_A	5elk_A
5eo2_C	5eo2_C
5eoy_A	5eoy_A
5eoy_A	5eou_B
5eoy_A	5eoy_A
5epv_B	5epv_B
5epv_B	5epv_A
5epv_A	5epv_A
5eq3_A	5eq3_A
5s5a_E	5s5a_E
5sa5_B	5sa5_B
5sa5_B	5sae_A
5sa5_B	5saf_A
5sl2_D	5sl2_D
5sl2_D	5sl4_D
5sl2_D	5sl7_D
5sl2_D	5sli_D
5sl2_D	5sm2_D
5sl2_D	5sm7_D
5sl2_D	5smc_D
5sl2_D	5sme_D
5svb_C	5svb_C
5svk_A	5svk_A
5svk_A	5f1c_C
5svk_A	5f1c_B
5svk_A	5wzy_A
5svk_A	4dw1_A
5swb_A	5swb_A
5swb_A	5mlt_A
5swc_A	5swc_A
5swc_A	2a5v_A
5swc_A	3e3i_D
5swc_A	3mf3_B
5swc_A	5cxk_A
5swc_A	2w3n_A
5swc_A	3eyx_A
5swc_A	3ucj_A
5swc_A	3uck_A
5swc_A	3ucm_B
5swc_A	3ucn_A
5swc_A	6d2o_A
5swc_A	6d2m_A
5syt_A	5syt_A
5t1p_D	5t1p_D
5t2t_A	5t2t_A
5t2t_A	5j1n_A
5t2t_A	5ltn_A
5t38_A	5t38_A
5t57_A	5t57_A
5t5m_C	5t5m_C
5t5m_C	5t5i_C
5t61_A	5t61_A
5t61_A	5t5i_A
5t61_L	5t61_L
5t77_A	5t77_A
5t8u_B	5t8u_B
5t8u_B	1x2g_C
5t8u_B	4tvy_B
5t8u_B	3a7r_A
5t8u_B	3a7r_A
5t8u_B	2e5a_A
5t8u_B	2e5a_A
5t8u_B	5ij6_A
5t8u_B	8crl_A
5t9f_B	5t9f_B
5t9g_C	5t9g_C
5t9g_C	4cu8_A
5t9g_C	4cu7_A
5t9g_C	6d7j_A
5t9g_C	6qub_A
5t9g_C	5dmy_B
5t9g_C	6qud_A
5t9g_C	7cwd_A
5ta9_A	5ta9_A
5ta9_A	4ak7_B
5ta9_A	3r4z_B
5ta9_A	4u6d_B
5tb5_B	5tb5_B
5tb5_B	4jv6_B
5tb5_B	1ksg_B
5tb5_B	1ksg_B
5tb5_B	1ksh_B
5tb5_B	4jv6_A
5tb5_B	5e8f_C
5tb5_B	4goj_C
5tb5_B	7umo_B
5tb5_B	3rbq_A
5tb5_B	7ok6_AAA
5tbw_AF	5tbw_AF
5tbw_AF	8ife_2Y
5tbw_M	5tbw_M
5tbw_d4	5tbw_d4
5tcm_A	5tcm_A
5tcm_A	6bya_B
5tcm_A	5tck_A
5tcx_A	5tcx_A
5tde_B	5tde_B
5z2w_A	5z2w_A
5z41_A	5z41_A
5z41_A	8h1e_A
5z41_A	8h1g_A
5z5a_A	5z5a_A
5z5a_A	2i6p_A
5z68_C	5z68_C
5z68_C	5z69_A
5z68_C	5z67_A
5z68_C	5z68_B
5z68_C	5z69_A
5z6e_A	5z6e_A
5z7b_B	5z7b_B
5z8k_A	5z8k_A
5z8k_A	5z83_A
5z8k_A	6cbk_D
5z8k_A	7lm0_A
5z8l_A	5z8l_A
5z9x_A	5z9x_A
5z9y_B	5z9y_B
5z9y_B	4n6f_A
5zb2_A	5zb2_A
5zbf_A	5zbf_A
5zbf_A	3h9a_A
5zbk_A	5zbk_A
5zbk_A	5aju_A
5zbk_A	7w2i_A
5zbz_A	5zbz_A
5zbz_A	3mwk_A
5zbz_A	3nbf_B
5zbz_A	2gxs_B
5zbz_A	2gxu_A
5zbz_A	3nbf_A
5zbz_A	3nbf_B
5zbz_A	6aib_A
5zbz_A	6aic_A
5zbz_A	3fmo_B
5zcr_A	5zcr_A
5zcy_A	5zcy_A
5zdn_A	5zdn_A
5zdn_A	3exm_A
5zdn_A	3cbt_A
5zdz_C	5zdz_C
5zdz_C	5ze0_C
5zdz_C	5ze1_C
5ze3_B	5ze3_B
5ze8_A	5ze8_A
5zho_A	5zho_A
5ziq_A	5ziq_A
5zk4_D	5zk4_D
5zk4_D	8ahq_C
5zn7_A	5zn7_A
5zn7_A	6dru_A
5zn7_A	7p4d_AAA
5zn7_A	7p4c_AAA
5zns_A	5zns_A
5zol_A	5zol_A
5zol_A	4s1f_B
5zol_A	5zol_G
5zol_A	3s1u_C
5zol_A	3s1v_A
5zol_A	3s1x_A
5zol_A	4xz9_C
5zq7_A	5zq7_A
5zqb_A	5zqb_A
5zqb_A	5zqa_A
5zqb_A	5zqd_A
5zqb_A	5zqe_A
5zqb_A	5tr7_A
6se9_A	6se9_A
6se9_A	6zjx_A
6se9_A	3oba_A
6se9_A	3ob8_A
6se9_A	5a1a_A
6se9_A	1jyv_A
6se9_A	1jyw_A
6se9_A	3vd7_A
6se9_A	3vd9_B
6se9_A	4duv_A
6se9_A	4duw_A
6se9_A	4dux_A
6se9_A	4v44_A
6se9_A	6tsh_A
6se9_A	6s6z_A
6sei_B	6sei_B
6sei_C	6sei_C
6sei_C	7cq3_A
6sgf_B	6sgf_B
6shk_A	6shk_A
6sir_A	6sir_A
6sir_A	4p2f_A
6sir_A	7yz9_A
6sir_A	5o5l_A
6sir_A	1azs_A
6sir_A	1azs_A
6sir_A	1cjt_A
6sir_A	1cs4_A
6sir_A	1cs4_A
6sir_A	1cul_A
6sir_A	1cul_A
6sir_A	2gvd_A
6sir_A	3c15_A
6sir_A	3c16_A
6sir_A	3maa_A
6sir_A	1cjk_B
6sir_A	1azs_B
6sir_A	1cjt_B
6sir_A	1cs4_B
6sir_A	1cs4_B
6sir_A	1cul_B
6sir_A	1cul_B
6sir_A	2gvd_B
6sjr_A	6sjr_A
6sjr_A	6sj8_A
6sjy_B	6sjy_B
6sjy_B	6sll_A
6sjy_B	6slk_C
6sjy_B	6sll_A
6sjy_B	6sll_B
6skf_As	6skf_As
6skf_Bh	6skf_Bh
6skf_Bj	6skf_Bj
6skg_Be	6skg_Be
6skg_Bo	6skg_Bo
6sky_A	6sky_A
6sl5_G	6sl5_G
6sl5_I	6sl5_I
6sl5_I	7dz7_I
6slo_A	6slo_A
6slr_B	6slr_B
6slr_B	4v2o_B
6slr_B	6vzd_E
6slr_B	6vzd_A
6slr_B	7mbk_A
6slr_B	7mbk_B
6smp_C	6smp_C
6smp_C	6smo_E
6sms_A	6sms_A
6sms_A	3tew_A
6sna_A	6sna_A
6sni_X	6sni_X
6spv_A	6spv_A
6sq8_B	6sq8_B
6sq8_B	8pyx_A
6sq8_B	8ppp_A
6sq8_B	5ie3_A
6sqr_A	6sqr_A
6sqw_A	6sqw_A
6sqw_A	6sqy_A
6sqw_A	6sqz_A
6sqx_B	6sqx_B
6ssu_A	6ssu_A
6ssu_A	3hkk_A
6ssu_A	4jrz_A
6ssy_A	6ssy_A
6sto_A	6sto_A
6sto_A	1wgc_A
6sun_A	6sun_A
6sun_A	6sum_A
6sun_A	6sul_A
6sun_A	6sui_A
6sun_A	6sv5_A
6sxu_AAA	6sxu_AAA
6sxu_AAA	1qw9_A
6sxu_AAA	6sxv_A
6sxu_AAA	2c8n_F
6sxu_AAA	2c8n_A
6t0b_q	6t0b_q
6t0q_A	6t0q_A
6t0q_A	6kbj_A
6t0q_A	6kbq_A
6t0q_A	6kc2_A
6t0q_A	6li7_A
6t0q_A	6t1d_A
6t1z_A	6t1z_A
6t2i_A	6t2i_A
6t2i_A	3ur9_B
6t2i_A	6t3g_A
6t2i_A	6t49_A
6t2i_A	6t4e_A
6t2i_A	6t5d_B
6t2i_A	6t6w_A
6t2i_A	6t82_B
6t2i_A	6t8r_A
6t2i_A	6t8t_B
6t2i_A	6taw_A
6t2i_A	6tbo_A
6t2i_A	6tcf_B
6t2i_A	6tgl_B
6t2i_A	8u1w_A
6t3e_B	6t3e_B
6t3e_B	1omo_B
6t3e_B	4bva_B
6t3e_B	2i99_A
6t3e_B	4bv9_A
6t3e_B	4bva_B
6t3e_B	4m54_A
6t3e_B	4mp6_A
6t3e_B	4mpd_A
6t3e_B	5gzl_A
6t3e_B	5gzm_A
6t3e_B	5yu3_A
6t3e_B	5yu4_A
6t3e_B	6rqa_B
6t3e_B	8j1g_B
6t3e_B	8j1c_B
6t3e_B	8j1c_D
6t69_A	6t69_A
6t8l_A	6t8l_A
6t8y_BBB	6t8y_BBB
6t8y_BBB	3n7u_K
6t8y_BBB	3naq_A
6t8y_BBB	3n7u_A
6t8y_BBB	8j3o_B
6t8y_BBB	2gsd_A
6t8y_BBB	2gsd_A
6t8y_BBB	2nad_A
6t8y_BBB	3wr5_A
6t8y_BBB	4xyb_B
6t8y_BBB	4xyb_A
6t8y_BBB	7ya3_B
6tbv_SPE1	6tbv_SPE1
6tcb_B	6tcb_B
6tdv_M	6tdv_M
6tdv_N	6tdv_N
6tdv_p	6tdv_p
6tef_AAA	6tef_AAA
6tef_AAA	5wan_A
6tek_A	6tek_A
6tek_A	4yhb_B
6tek_A	6geh_A
6tek_A	2gpj_A
6tek_A	6k2l_A
6teq_A	6teq_A
6teq_A	6tep_B
6teq_A	6ter_A
6teq_A	6q91_A
6teq_A	6q8z_D
6teq_A	1wuu_B
6teq_A	1wuu_A
6teq_A	6q3w_C
6teq_A	6q8z_A
6teq_A	6q90_C
6teq_A	6q91_A
6teq_A	6qje_B
6teq_A	6zgv_D
6teq_A	6zgx_D
6teq_A	6zgy_A
6teq_A	6zgz_D
6teq_A	6zh0_E
6teq_A	7ozx_B
6teq_A	7rcl_A
6teq_A	2a2c_A
6teq_A	2a2d_A
6teq_A	2aj4_A
6teq_A	2aj4_A
6teq_A	2dei_A
6teq_A	1s4e_A
6teq_A	3v2u_D
6teq_A	3v2u_C
6tfd_B	6tfd_B
6tfx_B	6tfx_B
6tfx_B	6tfq_A
6tfx_B	6tfs_A
6tg3_D	6tg3_D
6tg3_D	5l9i_A
6tg3_D	5l9l_A
6tg3_D	6tg2_A
6tg3_D	4euo_A
6tg3_D	6hly_A
6tgv_C	6tgv_C
6thk_A	6thk_A
6tho_A	6tho_A
6tho_A	2bu3_B
6tho_A	6tjl_A
6tig_AAA	6tig_AAA
6tig_AAA	2wq4_A
6tit_A	6tit_A
6tjr_A	6tjr_A
6tlx_A	6tlx_A
6tly_A	6tly_A
6tmf_Y	6tmf_Y
6to1_A	6to1_A
6to5_AAAA	6to5_AAAA
6top_A	6top_A
6tp5_A	6tp5_A
6tqs_B	6tqs_B
6trk_A	6trk_A
6ttl_A	6ttl_A
6tvk_AAA	6tvk_AAA
6twm_D	6twm_D
6twm_D	3cdx_A
6ty0_A	6ty0_A
6ty2_A	6ty2_A
6ty9_A	6ty9_A
6ty9_A	6ty8_A
6tyj_A	6tyj_A
6tyj_A	6q09_A
6tzk_A	6tzk_A
6tzo_A	6tzo_A
6tzo_A	6tzx_A
6tzo_A	6u03_A
6tzy_A	6tzy_A
6tzy_A	6tzz_A
6u05_A	6u05_A
6u0r_1	6u0r_1
6u0r_1	3ng9_A
6u0r_1	3ng9_B
6u0r_1	3ng9_A
6u0r_1	3oah_A
6u0r_1	3oah_A
6u0r_1	3ra8_A
6u0r_1	5uf6_A
6u0r_1	7kfr_A
6u0r_1	3kic_A
6u0r_1	3kie_A
6u0r_1	7rl1_1
6u0r_1	1c8d_A
6u0r_1	4dpv_Z
6u0r_1	4g0r_A
6u1q_A	6u1q_A
6u1v_B	6u1v_B
6u1v_B	3sf6_A
6u1v_B	3gqt_B
6u1v_B	3eom_D
6u1v_B	1siq_A
6u1v_B	3d6b_C
6u1v_B	2eba_A
6u1v_B	2eba_B
6u1v_B	2eba_C
6u1v_B	1r2j_A
6u1v_B	2dvl_B
6u1v_B	2dvl_A
6u1v_B	1rx0_D
6u1v_B	1rx0_B
6u1v_B	2d29_A
6u1v_B	2d29_B
6u1v_B	2d29_A
6u1v_B	3nf4_B
6u1v_B	3nf4_A
6u1v_B	4irn_A
6u1v_B	4irn_C
6u1v_B	4irn_D
6u1v_B	4m9a_B
6u1v_B	4m9a_A
6u1v_B	4m9a_C
6u1v_B	2ix5_C
6u1v_B	2ix5_D
6u1v_B	2ix5_A
6u1v_B	4p13_A
6u1v_B	3mdd_A
6u1v_B	3mdd_B
6u1v_B	3mde_A
6u1v_B	3mde_B
6u1v_B	4p13_C
6u1v_B	4p13_D
6u1v_B	5jsc_B
6u1v_B	5jsc_A
6u1v_B	4zyj_D
6u1v_B	4kcf_A
6u1v_B	4kcf_A
6u1v_B	5zw8_A
6u1v_B	5zw2_A
6u1v_B	4x28_C
6u1v_B	4x28_D
6u1v_B	4x28_C
6u1v_B	5af7_A
6u1v_B	5af7_B
6u1v_B	6wy8_C
6u2a_A	6u2a_A
6u2a_A	6muk_A
6u3b_B	6u3b_B
6u4b_A	6u4b_A
6u60_B	6u60_B
6u60_B	5uyy_A
6u7l_A	6u7l_A
6u83_A	6u83_A
6u8z_A	6u8z_A
6u8z_A	6ohm_B
6u9v_A	6u9v_A
6uag_A	6uag_A
6uag_A	6ug4_E
6uag_A	6ug5_A
6uag_A	6ug4_F
6uag_A	6ug5_C
6uag_A	6ug4_D
6uak_A	6uak_A
6uas_A	6uas_A
6uas_A	6uax_A
6uas_A	6uaw_A
6uas_A	6ub6_A
6ubl_A	6ubl_A
6ubz_A	6ubz_A
6ubz_A	6ubn_B
6uec_A	6uec_A
6uec_A	3pmo_A
6uec_A	2iu8_A
6uec_A	2iu8_B
6uec_A	2iu8_A
6uec_A	4ihh_E
6ueh_A	6ueh_A
6uio_B	6uio_B
6uke_X	6uke_X
6umt_A	6umt_A
6umt_A	5wt9_G
6umt_A	5ggs_Z
6umt_A	6jjp_F
6unc_B	6unc_B
6uoi_A	6uoi_A
6uoi_A	6mso_A
6uqz_A	6uqz_A
6uqz_A	6uqy_B
6uqz_A	8a25_A
6uqz_A	8hwp_A
6uqz_A	5xtu_A
6ut5_F	6ut5_F
6ut5_F	6ut5_A
6utu_C	6utu_C
6utu_C	3ci0_K
6uv8_A	6uv8_A
6uwa_A	6uwa_A
6ux8_A	6ux8_A
6uxe_B	6uxe_B
6uxu_A	6uxu_A
6uxu_A	8d2z_A
6v1c_A	6v1c_A
6v40_A	6v40_A
6v43_A	6v43_A
6v43_A	6v42_A
6v4v_A	6v4v_A
6v55_A	6v55_A
6v65_A	6v65_A
6v7g_A	6v7g_A
6v7g_A	2ea7_A
6v7g_A	5vf5_A
6v7g_A	5cad_A
6v7g_A	5yjs_A
6v8q_A	6v8q_A
6v98_A	6v98_A
6vat_C	6vat_C
6vat_C	6vdf_C
6vat_C	5i5d_D
6vat_C	6vdf_A
6vat_C	6vdf_C
6vcd_B	6vcd_B
6vcr_A	6vcr_A
6vcr_A	4s2v_A
6vcr_A	6vck_B
6vcr_A	6vcl_B
6vcr_A	6vcm_B
6vcr_A	6vcn_A
6vcr_A	6vco_A
6vcr_A	6vcp_A
6vcr_A	7sp3_A
6vd8_A	6vd8_A
6vda_A	6vda_A
6vdq_A	6vdq_A
6vfy_F	6vfy_F
6vfy_F	4mob_A
6vfy_F	4mob_A
6vg1_A	6vg1_A
6vgc_F	6vgc_F
6vgc_F	6vgc_D
6vh6_B	6vh6_B
6vh6_B	6npi_B
6vhf_A	6vhf_A
6vj6_A	6vj6_A
6vjr_A	6vjr_A
6vjr_A	2yyj_A
6vjr_A	2yyg_A
6vjr_A	2yyj_A
6vjr_A	2yyl_A
6vjr_A	6b1b_A
6vjr_A	6qyh_B
6vjr_A	6qyi_B
6vjr_A	7e8p_D
6vkt_B	6vkt_B
6vkt_B	7kgg_C
6vkt_B	4dx7_A
6vkt_B	4dx7_A
6vkt_B	6iia_B
6vkt_B	6q4n_A
6vkt_B	6zo8_B
6vkt_B	6zo8_C
6vkt_B	6zo9_B
6vkt_B	6zod_B
6vkt_B	7kf7_B
6vl0_A	6vl0_A
6vl0_A	6vkz_A
6vl4_A	6vl4_A
6vl4_A	4bpm_A
6vl4_A	5bqg_A
6vld_B	6vld_B
6vld_B	6x5h_C
6vld_B	6vle_A
6vld_B	6vld_A
6vld_B	6x5r_A
6vly_A	6vly_A
6vlz_AX	6vlz_AX
6vlz_AX	6rw4_X
6vlz_AX	6ydp_Ag
6vlz_F	6vlz_F
6voq_A	6voq_A
6vow_A	6vow_A
6vow_A	1kya_A
6vow_A	1kya_A
6vow_A	2qt6_A
6vow_A	2qt6_B
6vow_A	2xyb_A
6vow_A	5a7e_A
6vow_A	2hrg_A
6vow_A	6ri4_A
6vow_A	6rhr_A
6vow_A	1a65_A
6vow_A	1asq_A
6vow_A	1gw0_A
6vow_A	3fu7_A
6vow_A	3fu9_A
6vow_A	3fu9_B
6vow_A	3pps_A
6vow_A	3qpk_A
6vow_A	1zpu_A
6vow_A	5lww_A
6vow_A	6klg_A
6vow_A	6kli_A
6vow_A	6klj_A
6vow_A	7zn6_A
6vow_A	6syy_A
6vow_A	6ttd_A
6vow_A	3aw5_A
6vow_A	3zx1_A
6vpb_B	6vpb_B
6vpq_A	6vpq_A
6vr8_I	6vr8_I
6vr8_I	6vr7_A
6vt2_A	6vt2_A
6vt2_A	6vs7_A
6vtj_A	6vtj_A
6vve_A	6vve_A
6vw4_A	6vw4_A
6vw8_C	6vw8_C
6vwo_A	6vwo_A
6vyd_A	6vyd_A
6vyd_A	5er8_B
6vyd_A	5erm_B
6vyi_A	6vyi_A
6vyo_B	6vyo_B
6vyo_B	4li4_A
6vyo_B	4kxj_A
6vyo_B	4lm7_A
6vyo_B	4lm9_A
6vyo_B	4lmc_A
6vyo_B	4lmc_A
6vz0_A	6vz0_A
6vz6_A	6vz6_A
6vzu_A	6vzu_A
6vzu_A	4yls_A
6vzu_A	6vzt_A
6w1k_A	6w1k_A
6w1o_e	6w1o_e
6w1o_e	2axt_E
6w1o_f	6w1o_f
6w1o_f	6dhe_f
6w1o_f	7nho_F
6w32_B	6w32_B
6w5s_A	6w5s_A
6w70_A	6w70_A
6w98_A	6w98_A
6wb6_A	6wb6_A
6wb7_C	6wb7_C
6wb7_C	6wb7_A
6wb7_C	6wb4_B
6wbf_A	6wbf_A
6wbt_A	6wbt_A
6wbt_A	1u8x_A
6wbt_A	1up6_A
6wce_A	6wce_A
6wce_A	4r74_B
6wce_A	4r73_A
6wcw_A	6wcw_A
7m2k_B	7m2k_B
7m2k_B	5nlj_B
7m2k_B	5v1y_C
7m2k_B	4mdk_B
7m2k_B	3phx_B
7m2v_FX	7m2v_FX
7m2v_FX	1a34_A
7m2v_FX	5bkn_L
7m2v_FX	7m50_L
7m4m_A	7m4m_A
7m5v_A	7m5v_A
7m6b_B	7m6b_B
7m6b_B	7m6b_A
7m6u_B	7m6u_B
7m95_A	7m95_A
7mcj_A	7mcj_A
7mcj_A	7q2d_A
7mcj_A	7q2b_A
7mcj_A	2fk7_A
7mcj_A	1kpg_A
7mcj_A	1kpg_A
7mcj_A	1kph_A
7mcj_A	1l1e_A
7mcj_A	2fk8_A
7mcj_A	3ha5_A
7mcj_A	3ha5_A
7mcj_A	7q2b_A
7mcj_A	7q2c_A
7mcj_A	7q2f_A
7mcj_A	7q2h_A
7mdf_A	7mdf_A
7mek_A	7mek_A
7mfo_E	7mfo_E
7mfo_E	7mfo_A
7mfo_E	7mfq_A
7mgq_A	7mgq_A
7mgq_A	1g8m_A
7mgq_A	1m9n_A
7mgq_A	1m9n_B
7mgq_A	1m9n_A
7mgq_A	1oz0_A
7mgq_A	1oz0_B
7mgq_A	1oz0_A
7mgq_A	1p4r_A
7mgq_A	1p4r_B
7mgq_A	4a1o_A
7mgq_A	4a1o_B
7mgv_A	7mgv_A
7mh7_A	7mh7_A
7mhy_A	7mhy_A
7mic_A	7mic_A
7mie_A	7mie_A
7mir_A	7mir_A
7mir_A	6plm_B
7mj2_A	7mj2_A
7mj2_A	8std_E
7mjf_A	7mjf_A
7mjf_A	6gv2_B
7mjf_A	6gso_C
7mjf_A	1w3i_A
7mjf_A	1w3t_A
7mjf_A	6g3z_A
7mjf_A	6gv2_B
7mjf_A	3nev_A
7mjf_A	4oe7_D
7mjf_A	4onv_A
7mjf_A	4ptn_A
7mjf_A	5ktl_A
7mjf_A	7kto_F
7mjf_A	7kto_E
7mjf_A	7kx1_A
7mjf_A	7kx1_C
7mjf_A	7kg2_F
7mjf_A	7kkd_D
7mjf_A	3s8h_A
7mjf_A	3u8g_A
7mjf_A	2ats_A
7mjf_A	4fha_A
7mjf_A	3l21_B
7mjf_A	5ud6_C
7mjf_A	3na8_A
7mjf_A	4ur8_A
7mjf_A	5hwn_B
7mjf_A	5c55_A
7mjf_A	5ui3_C
7mjy_A	7mjy_A
7mjy_A	7mjv_A
7mjy_A	7mjx_A
7mkr_AAA	7mkr_AAA
7ml0_3	7ml0_3
7mlm_C	7mlm_C
7mo1_B	7mo1_B
7mo3_B	7mo3_B
7moh_A	7moh_A
7moh_A	7mof_A
7moh_A	7moi_B
7moh_A	7moe_A
7mp0_A	7mp0_A
7mpj_Ah	7mpj_Ah
7mpp_A	7mpp_A
7mpp_A	5zo4_A
7mpp_A	7mpo_F
7mqa_NH	7mqa_NH
7mqa_SI	7mqa_SI
7mqa_SL	7mqa_SL
7mqq_A	7mqq_A
7ms5_B	7ms5_B
7ms8_A	7ms8_A
7msm_r	7msm_r
7msn_A	7msn_A
7msn_A	7msk_A
7mxc_A	7mxc_A
7mxc_A	4x60_A
7mxc_A	4g56_C
7mxc_A	4x61_A
7mxc_A	5fa5_A
7mxc_A	5fa5_A
7mxc_A	3ua3_B
7mxc_A	3ua3_A
7mzq_A	7mzq_A
7mzq_A	6h1x_A
7mzq_A	7mzr_A
7mzq_A	7mzs_A
8om2_c	8om2_c
8one_A	8one_A
8one_A	6fxr_A
8one_A	6tec_A
8one_A	6tes_A
8ony_A	8ony_A
8ony_A	1b59_A
8ony_A	1b6a_A
8ony_A	1boa_A
8ony_A	1kq0_A
8ony_A	1kq9_A
8ony_A	1qzy_A
8ony_A	6qeh_A
8ony_A	3fmr_A
8ony_A	3fm3_A
8ony_A	8onx_A
8oo7_G	8oo7_G
8oo7_J	8oo7_J
8opr_A	8opr_A
8oqh_A	8oqh_A
8oqj_B	8oqj_B
8oru_BBB	8oru_BBB
8oru_BBB	8oru_AAA
8orv_A	8orv_A
8ot8_A	8ot8_A
8ot8_A	2vfr_A
8ot8_A	2vfs_A
8ot8_A	2vft_A
8ot8_A	2vfu_A
8ot8_A	2vfv_A
8ouz_D	8ouz_D
8ouz_D	8faz_X
8ovo_A	8ovo_A
8ovr_A	8ovr_A
8ovr_A	8c6z_A
8ow9_A	8ow9_A
8ow9_A	8oqx_A
8owf_A	8owf_A
8owf_A	8ose_A
8oxa_A	8oxa_A
8oxo_A	8oxo_A
8oxx_A	8oxx_A
8oyg_A	8oyg_A
8oyg_A	3zux_A
8oyg_A	3zuy_A
8oyg_A	6lgy_A
8oyg_A	6lgz_A
8oyg_A	4n7w_A
8oyg_A	6lgv_A
8oyg_A	6lgy_A
8oz1_A	8oz1_A
8p0e_B	8p0e_B
8p1x_AAA	8p1x_AAA
8p1x_AAA	7qd7_AAA
8p1x_AAA	4x7r_A
8p1x_AAA	4wad_A
8p1x_AAA	4x7m_A
8p2a_A	8p2a_A
8p2b_A	8p2b_A
8p2k_BD	8p2k_BD
8p2k_BD	7o80_BD
8p2k_BD	4v88_BD
8p2k_BD	4u52_L5
8p2s_B	8p2s_B
8p2s_B	8p28_B
8p2s_B	8p39_B
8p2s_B	1h7a_A
8p2s_B	1h78_A
8p2s_B	1h78_A
8p2s_B	1h79_A
8p2s_B	1hk8_A
8p2v_A	8p2v_A
8p37_A	8p37_A
8p37_A	8p4q_E
8p37_A	7pmz_B
8p37_A	1zfj_A
8p37_A	3tsb_A
8p37_A	3tsd_A
8p37_A	4dqw_B
8p37_A	4dqw_A
8p37_A	4fxs_A
8p37_A	7oj1_B
8p37_A	7r50_A
8p5q_A	8p5q_A
8p97_A	8p97_A
8p97_B	8p97_B
8p97_B	8bn0_A
8paq_A	8paq_A
8pcx_A	8pcx_A
8pcx_A	8rbn_A
8pcx_A	8r43_A
8pcx_A	8rbn_A
8peo_A	8peo_A
8peo_K	8peo_K
8pfc_L	8pfc_L
8pg0_A	8pg0_A
8pha_A	8pha_A
8pha_A	7wh9_A
8pn5_E	8pn5_E
8pn8_G	8pn8_G
8pnu_A	8pnu_A
8po5_A	8po5_A
8ppl_Is	8ppl_Is
8ppt_B	8ppt_B
8psn_A	8psn_A
8psn_B	8psn_B
8psn_C	8psn_C
8pv1_CH	8pv1_CH
8pv1_CH	7uoo_b
8pv1_CQ	8pv1_CQ
8pvm_A	8pvm_A
8pvm_A	4xdd_A
8pvs_A	8pvs_A
8pxc_A	8pxc_A
8q29_A	8q29_A
8q3b_I	8q3b_I
8q3b_J	8q3b_J
8q40_A	8q40_A
8q4h_A	8q4h_A
8q66_A	8q66_A
8q6f_A	8q6f_A
8q6u_B	8q6u_B
8q6u_B	3owc_A
8q8o_B	8q8o_B
8q9x_A	8q9x_A
8q9x_A	5f75_C
8q9x_A	8q9y_A
8q9x_A	8you_B
8qa6_A	8qa6_A
8qa6_A	6fcx_A
8qa8_B	8qa8_B
8qbh_A	8qbh_A
8qci_B	8qci_B
8qd3_A	8qd3_A
8qee_A	8qee_A
8qee_A	7dfw_A
8qef_B	8qef_B
8qef_B	6syu_A
8qef_B	6sz4_A
8qef_B	6grw_A
8qef_B	6syu_A
8qef_B	6syv_A
8qef_B	6t0e_B
8qef_B	6t0i_A
8qef_B	7b7h_A
8qf2_A	8qf2_A
8qf5_H	8qf5_H
8qf8_A	8qf8_A
8qfn_A	8qfn_A
8qfn_A	8qfl_A
8qfn_A	8qfm_A
8qfn_A	8qfp_B
8qg1_D	8qg1_D
8qg1_D	8qgw_B
8qg1_D	8qh4_D
8qg1_D	8qhk_B
8qh3_A	8qh3_A
8qsj_M	8qsj_M
8qsj_z	8qsj_z
1hbq_A	1hbq_A
1hbq_A	1kt3_A
1hbq_A	1aqb_A
1hbq_A	1aqb_A
1hbq_A	1brp_A
1hbq_A	1erb_A
1hbq_A	1fel_A
1hbq_A	1fem_A
1hbq_A	1fem_A
1hbq_A	1fen_A
1hbq_A	1hbp_A
1hbq_A	1iiu_A
1hbq_A	1kt3_A
1hbq_A	1kt4_A
1hbq_A	1kt5_A
1hbq_A	1kt6_A
1hbq_A	1kt7_A
1hbq_A	2wr6_A
1hbq_A	5nua_A
1hbq_A	6qba_A
1mud_A	1mud_A
1mud_A	1kg5_A
1mud_A	1weg_A
1mwr_A	1mwr_A
1mwr_A	3zfz_B
1mwr_A	1mwt_B
1mwr_A	1mwu_A
1mwr_A	3zg0_A
1mwr_A	3zg5_A
1mwr_A	4dki_A
1mwr_A	6q9n_A
1mwr_A	6mkf_A
1mwr_A	8f3i_A
1nfp_A	1nfp_A
1nfp_A	4j2p_A
1nfp_A	1nfp_A
1nfp_A	1fvp_A
1nfp_A	1fvp_B
1nfp_A	1fvp_A
1o69_A	1o69_A
1o69_A	1o62_A
1o69_A	1o69_B
1o69_A	1o62_B
1o69_A	1o61_A
1o69_A	1o69_A
1o69_A	1o69_B
1o69_A	4ztc_A
1rpk_A	1rpk_A
1rpk_A	1ht6_A
1rpk_A	1ht6_A
1rpk_A	1p6w_A
1rpk_A	1rp9_A
1rpk_A	2qpu_B
1rpk_A	1jda_A
1rpk_A	1jdc_A
1rpk_A	1qi3_A
1rpk_A	1qi4_A
1rpk_A	1qi5_A
1rpk_A	1qpk_A
1rpk_A	6jqb_A
1s1s_B	1s1s_B
1s1s_B	1f47_B
1u0a_A	1u0a_A
1u0a_A	1mac_B
1u0a_A	1glh_A
1u0a_A	1u0a_A
1um0_B	1um0_B
1um0_B	1umf_A
1um0_B	1um0_C
1um0_B	1umf_D
1um0_B	1um0_A
1um0_B	1um0_D
1um0_B	1um0_A
1um0_B	2o12_A
1um0_B	2qhf_A
1um0_B	1qxo_A
1um0_B	1qxo_B
1um0_B	1qxo_A
1un1_B	1un1_B
1un1_B	1umz_B
1un1_B	1umz_A
1un1_B	2uwa_A
1un1_B	2vh9_A
1un1_B	2vh9_B
1un1_B	2uwa_B
1un1_B	2vh9_A
3frq_A	3frq_A
3frq_A	3g56_B
3frq_A	3frq_B
3frq_A	3g56_B
3frq_A	3frq_A
3frq_A	3frq_B
3frq_A	3frq_A
3frq_A	6u18_A
3gkn_A	3gkn_A
3gkn_A	5iox_A
3gkn_A	3gkn_A
3gkn_A	5imd_A
3gon_A	3gon_A
3gon_A	1k47_D
3gon_A	3gon_A
3gon_A	3gon_A
3h1y_A	3h1y_A
3h1y_A	5zv0_A
3h1y_A	3h1y_A
2e3m_A	2e3m_A
2e3m_A	3h3q_A
2e3m_A	2e3n_A
2e3m_A	2e3p_A
2e3m_A	2e3q_A
2e3m_A	2e3r_A
2e3m_A	3h3r_A
3hrm_B	3hrm_B
3hrm_B	3hsr_C
3hrm_B	3hrm_A
3hrm_B	3hsr_D
3hrm_B	3hsr_B
3igc_A	3igc_A
3igc_A	2h7g_X
3igc_A	3igc_A
3in9_A	3in9_A
3in9_A	3ikw_A
3in9_A	3ikw_A
3in9_A	3in9_A
3in9_A	3in9_A
3in9_A	3ina_A
3iwd_A	3iwd_A
3iwd_A	3iwd_C
3iwd_A	3iwc_A
3iwd_A	3iwd_A
1tmi_A	1tmi_A
1tmi_A	1tmi_B
1tmi_A	1tmi_A
1tmi_A	1tmi_A
1tmi_A	2iii_A
3iwd_B	3iwd_B
3iwd_B	3iwd_D
3iwd_B	3iwc_B
3iwd_B	3iwd_B
3pfp_B	3pfp_B
3pfp_B	3pfp_A
3pfp_B	3kgf_B
3pfp_B	2ypo_A
3pfp_B	2ypp_A
3pfp_B	3nv8_A
3pfp_B	3nv8_B
3pfp_B	5e2l_A
3pfp_B	5e40_A
3pfp_B	5e7z_A
3pfp_B	5ex4_A
3pfp_B	3kgf_A
3pfp_B	5uxm_A
1l2i_C	1l2i_C
1l2i_D	1l2i_D
1l3i_A	1l3i_A
1l3i_A	1l3i_C
1l5j_A	1l5j_A
1l5j_A	1l5j_A
1l5p_A	1l5p_A
1l7k_B	1l7k_B
1l7k_B	1mmu_B
1l7k_B	1mmx_B
1l7k_B	1mmy_B
1l7k_B	1mmz_B
1l7k_B	1mn0_B
1l7k_B	1ns2_B
1l7k_B	1nsz_B
1l8a_A	1l8a_A
1l8a_A	1l8a_B
1l8a_A	1rp7_A
1l8a_A	3lq2_A
1l8a_A	3lq2_B
1l8a_A	2g25_A
1l8a_A	2r5n_A
1l8a_A	1qgd_A
1l8a_A	1qgd_B
1l8a_A	1qgd_A
1l8a_A	2r5n_B
1l8a_A	2r5n_A
1l8a_A	3m34_A
1l8a_A	3upt_A
1l8a_A	3upt_B
1l8a_A	3upt_A
1l8a_A	1itz_B
1l8a_A	1itz_A
1l8a_A	1ay0_A
1l8a_A	5xtx_A
1l8a_A	5hgx_A
1l8a_A	1gpu_A
1l8a_A	1gpu_B
1l8a_A	1gpu_A
1l8a_A	1ngs_A
1l8a_A	1ngs_B
1l8a_A	1ngs_A
1l8a_A	1tkb_A
1l8a_A	1tkb_B
1l8a_A	1trk_A
1l8a_A	1trk_B
1l8a_A	5hje_A
1l8a_A	5i51_A
1l8a_A	5i5e_A
1l8a_A	5i5g_A
1l8a_A	5xqa_A
1l8a_A	5xsa_A
1l8a_A	5xt0_A
1l8a_A	5xtl_A
1l8a_A	3rim_A
1l8a_A	3rim_B
1l8a_A	3rim_A
1l8a_A	4c7x_A
1l8a_A	6rjb_B
1l8a_A	4kxu_A
1l8a_A	4kxw_A
1l8a_A	6ha3_A
1l8a_A	8wa9_A
1l8a_A	8waa_A
1l8q_A	1l8q_A
1l8q_A	1l8q_A
1l8x_B	1l8x_B
1l8x_B	1hrk_A
1l8x_B	1hrk_B
1l8x_B	1hrk_A
1l8x_B	2hre_A
1l8x_B	2qd2_A
1l8x_B	3hco_A
1l8x_B	3hcp_A
1l8x_B	3w1w_A
1r4p_B	1r4p_B
1r4p_B	2bos_A
1r4p_B	1qoh_F
1r4p_B	2bos_B
1r4p_B	1qoh_O
1r4p_B	1bos_A
1r4p_B	1cqf_B
1r4p_B	1r4p_C
1r4p_B	3mxg_C
1r4p_B	4m1u_F
1r4v_A	1r4v_A
1r6n_A	1r6n_A
1r7m_A	1r7m_A
1r7m_A	5a0m_B
1r9q_A	1r9q_A
1rcw_B	1rcw_B
1rdd_A	1rdd_A
1rdd_A	1wse_A
1rdd_A	4z0u_A
1rdd_A	7vsb_A
1rdf_A	1rdf_A
1rdf_A	1fez_B
1rdf_A	1rdf_A
1rdf_A	1sww_A
1rdf_A	2iof_A
1rdr_A	1rdr_A
1rs0_A	1rs0_A
1rs0_A	1rrk_A
1rs0_A	1rtk_A
1rs0_A	2i6q_A
1rtf_A	1rtf_A
1rtu_A	1rtu_A
1rtu_A	3agn_A
1rtu_A	3ahw_A
1rtw_A	1rtw_A
1rtw_A	1rtw_B
1rtw_A	2f2g_A
1rxq_D	1rxq_D
1rya_A	1rya_A
1rya_A	2gt4_A
1rya_A	2gt4_B
1rya_A	2i8t_A
1s1d_A	1s1d_A
1s1d_A	1s18_A
1s1q_A	1s1q_A
1s1q_A	3r3q_A
1s26_C	1s26_C
1s26_C	1k90_C
1s2k_A	1s2k_A
1s2o_A	1s2o_A
1s2o_A	1tj4_A
1s2o_A	1tj5_A
1s2o_A	1u2t_A
1s2o_A	2b1r_A
1s3n_A	1s3n_A
1s3n_A	1su1_A
1s49_A	1s49_A
1s4c_B	1s4c_B
1s4o_A	1s4o_A
1s4o_A	1s4o_B
1s4o_A	1s4p_A
1s5j_A	1s5j_A
1s76_D	1s76_D
1s76_D	1s77_D
1s76_D	8dh2_B
1s76_D	2pi4_A
1s76_D	8dh5_B
1s7l_A	1s7l_A
1s7l_A	1s7l_A
1s7l_A	3r95_A
1s7l_A	3r96_A
1s7l_A	3r9e_A
1s7l_A	3r9f_A
1s7l_A	3r9f_A
1s8n_A	1s8n_A
1s99_A	1s99_A
1s99_A	1sbr_A
1s99_A	1sbr_B
1s99_A	1sbr_A
1saz_A	1saz_A
1saz_A	1saz_A
1sbz_B	1sbz_B
1sbz_B	1sbz_D
1sbz_B	6qlg_A
1sbz_B	4rhe_A
1sbz_B	4rhe_D
1sbz_B	4rhe_E
1sbz_B	4rhe_B
1sbz_B	4zav_A
1sbz_B	4zaw_A
1sbz_B	6qlh_A
1sbz_B	6qll_A
1scu_A	1scu_A
1scu_A	1jkj_A
1scu_A	1scu_C
1scu_A	2nua_A
1scu_A	2scu_A
1scu_A	5cae_A
1scu_A	7msr_A
1sdw_A	1sdw_A
1sdw_A	5wja_D
1sdw_A	5wm0_A
1sdw_A	1opm_A
1sdw_A	1opm_A
1sdw_A	3mif_A
1sdw_A	3mig_A
1sdw_A	4e4z_A
1sdw_A	5wja_D
1sed_A	1sed_A
1ses_A	1ses_A
1ses_A	1set_A
1ses_A	1set_B
1ses_A	6h9x_A
1ses_A	7tzb_A
1ses_A	1wle_B
1sfj_B	1sfj_B
1sfj_B	4guh_B
1sfj_B	1qfe_A
1sfj_B	1gqn_A
1sfj_B	1l9w_A
1sfj_B	1l9w_B
1sfj_B	1qfe_A
1sfj_B	1qfe_B
1sfj_B	3nnt_A
1sg9_A	1sg9_A
1sg9_A	1nv8_A
1sg9_A	1nv8_A
1sg9_A	1nv9_A
1sg9_A	1nv9_A
1sgc_A	1sgc_A
1sgc_A	1sgc_A
1sgc_A	3sga_A
1sgc_A	2oua_A
1sgc_A	4sgb_E
1sgc_A	2qaa_A
1sgj_A	1sgj_A
1shw_A	1shw_A
1shw_A	4l0p_B
1sl6_B	1sl6_B
1sl6_B	1sl6_A
1smc_B	1smc_B
1smc_B	7n6s_C
1smc_B	3t70_C
1smc_B	3t70_A
1smc_B	1eu5_A
1smc_B	1rn8_A
1smc_B	1syl_A
1smc_B	3zez_A
1smc_B	3zf6_A
1smc_B	4wrk_A
1smc_B	4wrk_B
1smc_B	3ara_C
1smc_B	1q5h_A
1smc_B	1q5h_B
1smc_B	1q5h_C
1smc_B	3ara_A
1smc_B	6ljj_A
1smc_B	5f9k_B
1smc_B	4aoo_A
1smc_B	2y1t_A
1smc_B	2y1t_B
1smc_B	2y1t_C
1smc_B	4aoz_B
1smc_B	5y5q_B
1smc_B	5y5p_D
1smv_C	1smv_C
1snr_B	1snr_B
1snr_B	1gs6_X
1snr_B	1gs7_A
1snr_B	1npn_A
1snr_B	2e86_B
1snr_B	2pp9_B
1snr_B	2ppa_B
1snr_B	5onx_A
1snr_B	6zau_A
1sp3_A	1sp3_A
1sqf_A	1sqf_A
1sqf_A	1sqf_A
1sqp_J	1sqp_J
1sr9_B	1sr9_B
1sr9_B	3fig_B
1sr9_B	3hps_B
1sr9_B	3hpz_B
1sr9_B	3hq1_B
1ss4_B	1ss4_B
1st0_A	1st0_A
1st0_A	1st0_B
1st0_A	3bl7_B
1st0_A	1st4_A
1st0_A	1xmm_C
1st0_A	3bl7_A
1st0_A	3bl7_B
1st0_A	5bv3_B
1st0_A	5bv3_A
1st0_A	6trq_C
1sum_B	1sum_B
1sup_A	1sup_A
1sup_A	4hx2_A
1sup_A	4gi3_A
1sup_A	1be8_A
1sup_A	1bh6_A
1sup_A	1dui_A
1sup_A	1scn_A
1sup_A	1sue_A
1sup_A	5rpd_A
1sup_A	7lpu_A
1sup_A	5rph_A
1svl_A	1svl_A
1svl_A	1svl_B
1svl_A	1svl_A
1svl_A	1svm_C
1syo_A	1syo_A
1sz2_B	1sz2_B
1sz2_B	6da0_A
1sz2_B	6vzz_A
1sz3_A	1sz3_A
1sz3_A	1sz3_A
1szc_B	1szc_B
1td7_A	1td7_A
1td7_A	1mh2_A
1td7_A	1pob_A
1td7_A	1pob_B
1td7_A	2wq5_A
1td7_A	3osh_A
1td7_A	1tc8_A
1td7_A	1po8_A
1td7_A	1u4j_A
1td7_A	1y6o_A
1td7_A	1fx9_A
1td7_A	1fx9_B
1td7_A	1fxf_A
1td7_A	1fxf_B
1td7_A	1fxf_A
1td7_A	1hn4_A
1td7_A	1hn4_B
1td7_A	1l8s_A
1td7_A	1l8s_B
1td7_A	1mkv_A
1td7_A	1o2e_A
1td7_A	1o2e_A
1td7_A	1vl9_A
1td7_A	2azy_A
1td7_A	2azz_A
1td7_A	2b00_A
1td7_A	2b01_A
1td7_A	2b04_A
1td7_A	3fvi_A
1td7_A	3o4m_A
1td7_A	4dbk_A
1td7_A	4o1y_A
1td7_A	6al3_B
1td7_A	2qhd_A
1td7_A	3bjw_A
1td7_A	3bjw_E
1td7_A	3bjw_G
1td7_A	3bjw_H
1td7_A	3bjw_A
1td7_A	1db4_A
1td7_A	1j1a_A
1td7_A	1j1a_B
1td7_A	1kvo_A
1td7_A	1kvo_B
1td7_A	1poe_A
1td7_A	1poe_B
1td7_A	1poe_A
1td7_A	1b4w_A
1td7_A	1m8r_A
1td7_A	1y4l_A
1td7_A	1y4l_B
1td7_A	2i0u_A
1td7_A	3r0l_D
1td7_A	4dcf_A
1td7_A	4hg9_C
1td7_A	4yv5_A
1td7_A	4yv5_B
1td7_A	6b81_A
1td7_A	6b83_B
1td7_A	6mqd_A
1td7_A	6mqf_A
1td7_A	1fv0_A
1td7_A	1kpm_A
1td7_A	1oyf_A
1td7_A	1oyf_B
1td7_A	1q7a_A
1td7_A	1sxk_A
1td7_A	1th6_A
1td7_A	1zwp_A
1td7_A	1zyx_A
1td7_A	2dpz_A
1td7_A	2oli_A
1td7_A	2otf_A
1td7_A	2oth_A
1td7_A	2oyf_A
1td7_A	2oyf_A
1td7_A	2pmj_A
1td7_A	2pws_A
1td7_A	2qu9_A
1td7_A	4qer_A
1td7_A	4qf7_A
1td7_A	4qf8_A
1td7_A	4qmc_A
1td7_A	1ppa_A
1td7_A	1ppa_A
1td7_A	1qll_A
1td7_A	1qll_B
1td7_A	1qll_A
1td7_A	1xxs_A
1td7_A	3cxi_A
1td7_A	3cxi_B
1td7_A	3cxi_A
1td7_A	3cyl_A
1td7_A	3cyl_B
1td7_A	3mlm_A
1td7_A	3qnl_A
1td7_A	3qnl_B
1td7_A	4yu7_A
1td7_A	5vfn_A
1td7_A	6dik_A
1tex_D	1tex_D
1ti7_A	1ti7_A
1ti7_A	1k6x_A
1ti7_A	1ti7_A
1tiq_A	1tiq_A
1tiq_A	1tiq_A
1tj2_A	1tj2_A
1tj2_A	1tj1_A
1tj7_B	1tj7_B
1tj7_B	1tjv_D
1tj7_B	1k7w_A
1tj7_B	1tjv_A
1tj7_B	1k7w_B
1tj7_B	1tjv_B
1tj7_B	1k7w_C
1tj7_B	1dcn_A
1tj7_B	1dcn_C
1tj7_B	1dcn_D
1tj7_B	1hy0_B
1tj7_B	1k7w_A
1tj7_B	1k7w_B
1tj7_B	1k7w_C
1tj7_B	1k7w_D
1tj7_B	1tjw_A
1tj7_B	1dcn_B
1tj7_B	2e9f_B
1tj7_B	6g3f_A
1tj7_B	6ien_B
1tjl_A	1tjl_A
1tke_A	1tke_A
1tke_A	1tkg_A
1tke_A	1tkg_A
1tke_A	1tky_A
1to9_A	1to9_A
1to9_A	1to9_A
1tps_B	1tps_B
1yht_A	1yht_A
1yix_A	1yix_A
1yix_A	1zzm_A
1yix_A	8efg_A
1yix_A	3e2v_A
1yix_A	3gg7_A
1yix_A	2y1h_B
1yle_A	1yle_A
1ylh_A	1ylh_A
1ylh_A	1os1_A
1ylh_A	6at3_B
1ylh_A	1ayl_A
1ylh_A	1aq2_A
1ylh_A	1ayl_A
1ylh_A	1ayl_A
1ylh_A	1k3c_A
1ylh_A	1k3c_A
1ylh_A	1k3d_A
1ylh_A	1os1_A
1ylh_A	2olq_A
1ylh_A	6asi_A
1ylh_A	6asn_A
1ylh_A	6at3_A
1ylh_A	6v2l_A
1ylh_A	6v2m_A
1ylh_A	1xkv_A
1ylh_A	1ytm_A
1ylh_A	1ytm_A
1yn4_A	1yn4_A
1yni_A	1yni_A
1yni_A	1ynh_B
1yns_A	1yns_A
1yo7_A	1yo7_A
1yq3_A	1yq3_A
1yq3_A	1yq4_A
1yq3_A	2fbw_A
1yq3_A	2wqy_A
1yq3_A	3sfd_A
1yq3_A	5c3j_A
1yq3_A	1qlb_A
1yq3_A	4kx6_A
1yq3_A	1knp_A
1yq3_A	1knp_A
1yq3_A	1knr_A
1yq3_A	5kxj_A
1yqe_A	1yqe_A
1yqe_A	2gfq_A
1yqy_A	1yqy_A
1yt3_A	1yt3_A
1yt8_A	1yt8_A
1ytn_A	1ytn_A
1ytn_A	3blt_A
1ytn_A	3f99_A
1ytn_A	1yts_A
1ytn_A	1ytw_A
1ytn_A	2i42_A
1ytn_A	3u96_A
1ytn_A	4z6b_A
1ytz_I	1ytz_I
1ytz_T	1ytz_T
1yu4_A	1yu4_A
1yu4_A	1yu0_A
1yun_A	1yun_A
1yun_A	1yum_A
1yun_A	1yun_A
1yun_A	1yun_B
1yun_A	1k4m_A
1yun_A	1k4k_D
1yun_A	1k4m_C
1yun_A	1k4m_A
1yun_A	6buv_B
1yun_A	4ymi_B
1yun_A	4rpi_D
1yun_A	4ybr_A
1yun_A	1kaq_A
1yun_A	2h2a_A
1yun_A	2h2a_A
1yun_A	4wso_A
1yun_A	4wso_A
1yun_A	8aii_A
1yun_A	3hfj_A
1yun_A	3mlb_A
1yun_A	3mlb_B
1yun_A	8aih_A
1yun_A	1nup_A
1yun_A	1nup_B
1yun_A	1nuq_B
1yun_A	1nus_A
1yun_A	1nus_B
1yun_A	1nus_A
1yun_A	1nut_A
1yun_A	1nut_B
1yun_A	1nuu_A
1yun_A	1nuu_B
1yun_A	1kqo_A
1yun_A	1gzu_A
1yun_A	1gzu_A
1yun_A	1kqn_A
1yun_A	1kqn_B
1yun_A	1kqn_C
1yun_A	1kqn_D
1yun_A	1kqn_E
1yun_A	1kqn_F
1yun_A	1kqn_A
1yun_A	1kqo_B
1yun_A	1kqo_C
1yun_A	1kqo_D
1yun_A	1kqo_E
1yun_A	1kqo_F
1yun_A	1kqo_A
1yun_A	1kr2_A
1yun_A	1kr2_B
1yun_A	1kr2_C
1yun_A	1kr2_D
1yun_A	1kr2_E
1yun_A	1kr2_F
1yun_A	1kr2_A
2dyt_A	2dyt_A
2e0n_B	2e0n_B
2e0n_B	2e0n_A
2e0n_B	2e0n_B
2e18_A	2e18_A
2e18_A	1xng_B
2e18_A	1xng_A
2e18_A	1xng_B
2e18_A	3q4g_A
2e18_A	2pz8_A
2e18_A	1ee1_A
2e18_A	1ee1_A
2e18_A	1fyd_A
2e18_A	1ih8_A
2e18_A	1kqp_A
2e18_A	1kqp_B
2e18_A	2nsy_A
2e18_A	2pz8_A
2e18_A	2pza_A
2e18_A	1wxh_A
2e18_A	1wxe_A
2e18_A	1ee1_B
2e18_A	1fyd_B
2e18_A	1ifx_A
2e18_A	1ifx_B
2e18_A	1ih8_B
2e1a_A	2e1a_A
2e1a_A	2djw_B
2e1a_A	2zbc_A
2e1d_A	2e1d_A
2e1d_A	3kof_A
2e1d_A	3tk7_A
2e1d_A	3te9_B
2e1d_A	3tno_A
2e1d_A	3upb_A
2e1m_A	2e1m_A
2e1m_B	2e1m_B
2e1m_C	2e1m_C
2e1q_A	2e1q_A
2e1q_A	1n5x_A
2e1q_A	1wyg_A
2e1q_A	3una_B
2e1q_A	4yty_A
2e1q_A	6abu_A
2e1q_A	4uhx_A
2e1q_A	7orc_B
2e21_A	2e21_A
2e21_A	2e89_A
2e21_A	2e89_B
2e21_A	2e89_C
2e2l_A	2e2l_A
2e2l_A	4gyl_A
2e33_A	2e33_A
2e4p_A	2e4p_A
2e4p_A	1fqt_A
2e4p_A	1vm9_A
2e4p_A	4p1b_H
2e50_P	2e50_P
2e50_P	7mto_A
2e50_P	5yps_A
2e5y_A	2e5y_A
2e6u_X	2e6u_X
2e6v_A	2e6v_A
2e6v_A	2dur_A
2e74_B	2e74_B
2e74_B	1vf5_B
2e74_B	4i7z_B
2e74_B	4pv1_B
2e74_B	7r0w_B
2e7i_A	2e7i_A
2e7y_A	2e7y_A
2e84_A	2e84_A
2e84_A	1z1n_X
2e85_B	2e85_B
2ea1_A	2ea1_A
2ea1_A	2ea1_A
2ea1_A	2pqx_A
2ebf_X	2ebf_X
2ec9_L	2ec9_L
2ec9_L	2a2q_L
2ec9_L	4ylq_L
2ed4_A	2ed4_A
2ed4_A	2ed4_B
2ed4_A	2ed4_A
2ed4_A	1yoa_A
2ed4_A	4l82_B
2ed4_A	4l82_A
2ed4_A	4l82_B
2ed4_A	1rz1_B
2ed4_A	1rz1_A
2ed4_A	4f07_C
2ed4_A	4f07_A
2ed4_A	4f07_B
2ed4_A	2d38_A
2ed4_A	8ct0_C
2ed4_A	8ct0_H
2egv_A	2egv_A
2egv_A	2egv_B
2egv_A	2egw_A
2egv_A	5o96_D
2egv_A	2z0y_A
2egv_A	2cx8_A
2egv_A	2z0y_A
2egv_A	3kw2_A
2eh1_B	2eh1_B
2eh9_A	2eh9_A
2ein_Q	2ein_Q
2ein_Q	2dys_D
2ejc_A	2ejc_A
2ejc_A	2x3f_B
2ejc_A	3ag6_A
2ejc_A	3n8h_A
2ejc_A	3qtt_A
2ejc_A	5hg0_B
2ejc_A	3uy4_A
2ejc_A	4ef6_A
2ejc_A	1n2e_A
2ejc_A	2a88_A
2ejc_A	1n2e_A
2ejc_A	1n2e_B
2ejc_A	1n2e_A
2ejc_A	1n2g_A
2ejc_A	1n2g_B
2ejc_A	1n2g_A
2ejc_A	1n2h_A
2ejc_A	1n2h_B
2ejc_A	1n2i_A
2ejc_A	1n2i_B
2ejc_A	2a84_A
2ejc_A	2a86_A
2ejc_A	3img_A
2ejc_A	4ddh_A
2ejc_A	4ddk_A
2ejc_A	4g5y_A
2ejc_A	5kwv_B
2ejc_A	5ucr_A
2ejn_A	2ejn_A
2ejq_B	2ejq_B
2eju_A	2eju_A
2eju_A	2eju_A
2eju_A	3axs_A
2eju_A	3axt_A
2eju_A	3axt_A
2ek9_A	2ek9_A
2ek9_A	2ek9_A
2ek9_A	8acg_D
2ek9_A	8acr_A
2eqa_A	2eqa_A
2eqa_A	3aje_A
2eqa_A	4e1b_A
2eqa_A	6f87_A
2eqa_A	6f89_A
2eqb_C	2eqb_C
2er8_A	2er8_A
2esr_B	2esr_B
2esr_B	6m1c_A
2ess_A	2ess_A
2eug_A	2eug_A
2eug_A	2hxm_A
2eug_A	3eug_A
2eug_A	3uf7_A
2eug_A	4skn_A
2eug_A	5ayr_A
2eug_A	5eug_A
2eug_A	2c56_A
2eug_A	1udh_A
2eug_A	2c53_A
2eug_A	3cxm_A
2eug_A	4wrz_A
2eug_A	3a7n_A
2eug_A	4ws0_A
2eug_A	4ws4_A
2eug_A	4ws6_A
2eug_A	8i62_A
2eug_A	8i65_A
2eug_A	8i68_A
2eug_A	8i69_A
2eul_A	2eul_A
2ev2_A	2ev2_A
2ewn_A	2ewn_A
2ewn_A	1hxd_A
2ewn_A	2ewn_B
2ewn_A	2ewn_A
2ewn_A	8fi3_B
2ewn_A	4dq2_A
2ewn_A	3rir_A
2ex5_A	2ex5_A
2exu_A	2exu_A
2ezv_B	2ezv_B
2f06_A	2f06_A
2f0a_B	2f0a_B
2f0a_B	2kaw_A
2f0c_B	2f0c_B
2f10_A	2f10_A
2f10_A	1vcu_A
2f10_A	2f0z_A
2f10_A	4nc5_A
2f17_A	2f17_A
2f17_A	1ig3_A
2f17_A	2f17_B
2f17_A	2f17_A
2f17_A	3s4y_A
2f17_A	2g9z_A
2f17_A	1ig0_B
2f17_A	1ig0_A
2f17_A	1ig0_B
2f1k_A	2f1k_A
2f1k_A	2f1k_B
2f1k_A	3ggp_B
2f1k_A	3ggo_A
2f1k_A	3ggp_A
2f1k_A	4wji_A
2f1k_A	4wji_A
2f1w_A	2f1w_A
2f2e_B	2f2e_B
2f2t_A	2f2t_A
2f2t_A	2f62_A
2f2t_A	2f64_A
2f2u_A	2f2u_A
2f2u_A	3v8s_A
2f2u_A	2vd5_A
2f2u_A	3tku_A
2f59_D	2f59_D
2f59_D	2f59_A
2f59_D	2f59_E
2f59_D	2o6h_A
2f59_D	2o6h_B
2f59_D	2c92_C
2f59_D	2c92_D
2f59_D	2c9b_D
2f59_D	1ejb_C
2f59_D	1ejb_D
2f59_D	4kq6_C
2f59_D	4kq6_D
2f59_D	4kq6_D
2f59_D	1kyv_E
2f59_D	1kyv_A
2f59_D	1kyv_B
2f59_D	1kyv_C
2f59_D	1kyv_D
2f59_D	1kyv_E
2f59_D	1kyx_E
2f59_D	1kyy_A
2f59_D	1kyy_B
2f59_D	1kyy_C
2f59_D	1kyy_D
2f59_D	1kyy_E
2f59_D	2a59_C
2f59_D	2a59_D
2f59_D	1nqu_A
2f59_D	1nqv_A
2f59_D	1nqv_B
2f59_D	1rvv_A
2f59_D	1rvv_B
2f59_D	1rvv_C
2f59_D	1rvv_1
2f5c_A	2f5c_A
2f5c_A	2ev0_A
2f5c_A	2ev5_A
2f5c_A	2ev6_B
2f5c_A	3r60_A
2f5c_A	3r61_A
2f5c_A	4hv6_B
2f6r_A	2f6r_A
2f6r_A	2f6r_A
2f7f_A	2f7f_A
2f7n_A	2f7n_A
2f7n_A	2c2f_A
2f7n_A	1moj_A
2f7v_A	2f7v_A
2f8l_A	2f8l_A
2f8l_A	2f8l_A
2f98_B	2f98_B
2f98_B	1sjw_A
2f98_B	2f98_A
2f9w_A	2f9w_A
2f9w_A	3bex_A
2f9w_A	3bf1_A
2f9w_A	3bf3_A
2f9w_A	5b8h_A
2f9w_A	4o5f_A
2fa1_B	2fa1_B
2far_A	2far_A
2far_A	2faq_A
2far_A	6sa0_D
2far_A	5op0_B
2far_A	6sa0_A
2far_A	6sa1_A
2far_A	2irx_A
2far_A	2iry_A
2faw_A	2faw_A
2faw_A	2iwa_A
2fbd_A	2fbd_A
2fbd_A	3cb7_A
2fbd_A	1azf_A
2fbd_A	1b0d_A
2fbd_A	1c10_A
2fbd_A	1dpw_A
2fbd_A	1gwd_A
2fbd_A	1h6m_A
2fbd_A	1h6m_A
2fbd_A	1h87_A
2fbd_A	1hf4_A
2fbd_A	1jj0_A
2fbd_A	1jse_A
2fbd_A	1lcn_A
2fbd_A	1ljn_A
2fbd_A	1lmc_A
2fbd_A	1lmc_A
2fbd_A	1lsz_A
2fbd_A	1qtk_A
2fbd_A	1t3p_A
2fbd_A	1yky_X
2fbd_A	1ykz_X
2fbd_A	2b5z_A
2fbd_A	2f30_A
2fbd_A	2f4a_A
2fbd_A	2f4g_A
2fbd_A	2lyo_A
2fbd_A	2pc2_A
2fbd_A	2q0m_X
2fbd_A	2vb1_A
2fbd_A	2xjw_A
2fbd_A	2ybi_A
2fbd_A	2ybm_A
2fbd_A	2ydg_A
2fbd_A	2zyp_A
2fbd_A	3a34_A
2fbd_A	3ato_A
2fbd_A	3b6l_A
2fbd_A	3ru5_A
2fbd_A	3txg_A
2fbd_A	3txh_A
2fbd_A	4bad_A
2fbd_A	4baf_A
2fbd_A	4c3w_A
2fbd_A	4dd0_A
2fbd_A	4e3u_A
2fbd_A	4h1p_A
2fbd_A	4hp0_A
2fbd_A	4ii8_A
2fbd_A	4lgk_A
2fbd_A	4n0j_A
2fbd_A	4phi_A
2fbd_A	4r6c_A
2fbd_A	4w94_A
2fbd_A	5iel_A
2fbd_A	5nbj_A
2fbd_A	5nj1_A
2fbd_A	5ob6_A
2fbd_A	5t3f_A
2fbd_A	6a4n_A
2fbd_A	6agn_A
2fbd_A	6agr_A
2fbd_A	6d6f_A
2fbd_A	6f1p_A
2fbd_A	6f2i_A
2fbd_A	6g5c_A
2fbd_A	6g5v_A
2fbd_A	6gob_A
2fbd_A	6hyb_A
2fbd_A	6pbb_A
2fbd_A	6q8r_A
2fbd_A	6qea_A
2fbd_A	6qww_A
2fbd_A	6syc_A
2fbd_A	6tvl_A
2fbd_A	7bdz_AAA
2fbd_A	7bmp_A
2fbd_A	7q0t_A
2fbd_A	7q0u_A
2fbd_A	7q0v_A
2fbd_A	7rz0_AAA
2fbd_A	7yrk_A
2fbd_A	7zu6_AAA
2fbd_A	8aaz_A
2fbd_A	8aj3_A
2fbd_A	8aj5_AAA
2fbd_A	9lyz_A
2fbd_A	1el1_A
2fbd_A	1hnl_A
2fbd_A	1d6q_A
2fbd_A	1lzs_A
2fbd_A	1rem_A
2fbd_A	207l_A
2fbd_A	208l_A
2fbd_A	5lsh_A
2fbd_A	1nf5_A
2fbd_A	1nhe_A
2fbd_A	1nkh_A
2fbd_A	1nwg_A
2fbd_A	1o23_A
2fbd_A	1oqm_A
2fbd_A	1pzy_A
2fbd_A	6ip9_A
2fbd_A	7eka_A
2fbd_A	7wqg_A
2fbh_A	2fbh_A
2fc0_A	2fc0_A
2fc0_A	2e6l_A
2fc0_A	2fbx_A
2fca_A	2fca_A
2fca_A	7nyb_A
8b1n_A	8b1n_A
8b2g_A	8b2g_A
8b2h_A	8b2h_A
8b3d_c	8b3d_c
8b5q_B	8b5q_B
8b5q_B	8b5s_B
8b5q_B	8b62_A
8b5q_B	8b63_A
8b5q_B	2iv7_A
8b5q_B	2iw1_A
8b5q_B	2iw1_A
8b5w_A	8b5w_A
8b6d_A	8b6d_A
8b6d_A	2pa4_B
8b6d_A	3juk_D
8b6d_A	3juk_A
8b6d_A	2ux8_G
8b6d_A	6ikz_B
8b6d_A	6knl_A
8b6f_A0	8b6f_A0
8b6f_A5	8b6f_A5
8b6f_A8	8b6f_A8
8b6f_AS	8b6f_AS
8b6f_AS	7tgh_A6
8b6f_BI	8b6f_BI
8b6g_CE	8b6g_CE
8b6u_A	8b6u_A
8b6u_A	2qp2_A
8b7u_F	8b7u_F
8b7u_F	4d06_A
8b7x_A	8b7x_A
8b7x_A	3gfv_B
8b7x_A	5ad1_A
8b7x_A	5tcy_B
8b7x_A	5mbt_C
8b7x_A	2chu_A
8b7x_A	5a1j_A
8b7x_A	5adv_A
8b7x_A	5lwh_A
8b7x_A	7sf6_A
8b7x_A	6mfl_A
8b7y_5	8b7y_5
8bad_B	8bad_B
8bal_F	8bal_F
8baq_A	8baq_A
8baq_A	8bar_A
8baq_A	8bas_A
8bau_A	8bau_A
8bav_C	8bav_C
8bbt_A	8bbt_A
8bbu_A	8bbu_A
8bbz_CCC	8bbz_CCC
8bbz_CCC	8bwv_B
8bbz_CCC	2qcp_X
8bcv_H	8bcv_H
8bd3_Q1	8bd3_Q1
8bd3_w	8bd3_w
8bdb_L	8bdb_L
8bef_A	8bef_A
8bef_J	8bef_J
8bef_N	8bef_N
8beg_A	8beg_A
8bf3_B	8bf3_B
8bf5_B	8bf5_B
8bf5_B	6t0n_B
8bf5_B	6evk_B
8bf5_B	6szu_B
8bf5_B	7qtl_B
8bf5_B	8pnq_B
8bfy_A	8bfy_A
8bgj_A	8bgj_A
8bgl_A	8bgl_A
8bgl_A	4q7r_A
8bgl_A	2arl_A
8bgl_A	2gx2_F
8bgl_A	4ljb_C
8bgl_A	4q9x_A
8bgl_A	5hzs_A
8bgl_A	5hzt_D
8bgl_A	6u1a_A
1bxd_A	1bxd_A
1bxm_A	1bxm_A
1bxm_A	1bxm_A
1bxm_A	1lri_A
1bxm_A	1lri_A
1bxr_A	1bxr_A
1bxr_A	1bxr_A
1bxr_A	1ce8_A
1bxr_A	1jdb_K
1bxr_A	1t36_A
1bxw_A	1bxw_A
1bys_A	1bys_A
1byu_A	1byu_A
1byu_A	1byu_B
1byu_A	5dif_A
1byu_A	1ibr_A
1byu_A	1qg2_A
1byu_A	1qg4_A
1byu_A	1wa5_A
1byu_A	2x19_A
1byu_A	3a6p_A
1byu_A	3ea5_A
1byu_A	3nbz_B
1byu_A	3w3z_B
1byu_A	3wyf_A
1byu_A	4ol0_A
1byu_A	5jlj_A
1c0a_A	1c0a_A
1c0a_A	1c0a_A
1c0a_A	1l0w_B
1c0a_A	1g51_A
1c0a_A	6sjc_B
1c0a_A	4rmf_A
1c0a_A	5w25_A
1c0a_A	3e9h_A
1c0a_A	3a74_A
1c0a_A	1e1t_A
1c0a_A	1e1t_A
1c0a_A	1e22_A
1c0a_A	1e24_A
1c0a_A	6bni_A
1c0a_A	4dpg_A
1c0a_A	3bju_A
1c0a_A	4dpg_B
1c0a_A	6chd_A
1c0a_A	4upa_A
1c0a_A	4up7_A
1c0a_A	6hcu_A
1c0a_A	6ns0_A
1c0a_A	1asz_A
1c0a_A	1x55_A
1c0a_A	1b8a_A
1c0a_A	1b8a_B
1c0a_A	1b8a_A
1c0a_A	3nel_A
1c0a_A	3nem_A
1c0a_A	3nem_B
1c0a_A	8h53_B
1c0a_A	2xti_B
1c0a_A	2xti_A
1c0a_A	3m4p_B
1c0f_B	1c0f_B
1c0f_B	1c0g_B
1c0f_B	1d4x_B
1c0f_B	1eqy_B
1c0f_B	1esv_B
1c0f_B	1nlv_B
1c0f_B	1nm1_B
1c0f_B	1nmd_B
1c0f_B	1yag_B
1c0f_B	1yvn_B
1c1u_B	1c1u_B
1c1u_B	1c1v_B
1c1u_B	1c1w_B
1c1u_B	1c5o_B
1c1u_B	1ghv_B
1c1u_B	1ghw_B
1c1u_B	1ghx_B
1c1u_B	1ghy_B
1c1u_B	1gj4_B
1c1u_B	1gj5_B
1c1u_B	1no9_B
1c1u_B	1o2g_B
1c1u_B	1qbv_A
1c1y_B	1c1y_B
1c1y_B	1c1y_B
1c1y_B	1gua_B
1c39_A	1c39_A
1c39_A	2rl9_B
1c39_A	2rl7_A
1c39_A	1m6p_A
1c39_A	2rlb_B
1c39_A	3k42_A
3okx_B	3okx_B
3okx_B	3okx_A
3omx_A	3omx_A
3omx_A	6npw_B
3omy_B	3omy_B
3onw_B	3onw_B
3oo6_A	3oo6_A
3opk_C	3opk_C
3oqj_B	3oqj_B
3oqj_B	6ztu_A
3oqj_B	4q24_A
3oqq_A	3oqq_A
3or3_A	3or3_A
3orf_B	3orf_B
3orf_B	1dhr_A
3orf_B	1dhr_A
3orf_B	1hdr_A
3orh_A	3orh_A
3orh_A	1khh_B
3orh_A	1p1c_A
3orh_A	1p1c_B
3orh_A	1xcj_A
3orh_A	1xcl_A
3orh_A	3orh_A
3oru_A	3oru_A
3oss_D	3oss_D
3ot9_A	3ot9_A
3ot9_A	3m8z_A
3ot9_A	4n7t_A
3oth_A	3oth_A
3oth_A	4rie_B
3oth_A	4rii_A
3oth_A	7lvy_A
3oth_A	3h4i_A
3oth_A	1pnv_A
3oth_A	3h4t_A
3oth_A	1rrv_A
3oth_A	5gl5_A
3oth_A	3wag_A
3oth_A	3wag_B
3oth_A	7yp6_B
3oth_A	7yp5_A
3oth_A	3tsa_B
3oth_A	3uyk_B
3oth_A	3uyk_B
3oth_A	3uyl_A
3oth_A	4an4_A
3oth_A	3oti_A
3oth_A	3oti_A
3oth_A	3d0r_B
3otk_A	3otk_A
3otk_A	2gam_C
3ott_B	3ott_B
3ott_B	4a2l_E
3ou7_A	3ou7_A
3ou7_A	3ou2_A
3ou7_A	3ou7_A
3ou7_A	3ou7_D
3oul_A	3oul_A
3oul_A	3oum_A
3oul_A	3oum_A
3oun_B	3oun_B
3ouq_A	3ouq_A
3ouy_A	3ouy_A
3ouy_A	1r8c_A
3ouy_A	1r8c_A
3ouy_A	3ov7_A
3ouy_A	3ovs_A
3ouy_A	4x4v_A
3ov9_A	3ov9_A
3ov9_A	4j4v_D
3ov9_A	4j4v_B
3ov9_A	4j4v_C
3ov9_A	4j4v_D
3owa_B	3owa_B
3owa_B	3owa_A
3owa_B	2uxw_A
3owa_B	2z1q_A
3owa_B	2z1q_B
3oxh_A	3oxh_A
3oy7_A	3oy7_A
3oyr_A	3oyr_A
3oyr_A	4jxy_A
3oyr_A	5ze6_A
3oyr_A	3wjn_A
3oyr_A	3wjo_A
3oyr_A	5zlf_A
3oyr_A	4gp2_A
3oyr_A	3q2q_A
3oyr_A	5h9d_A
3oyr_A	3aqb_D
3oyr_A	3aq0_A
3oyr_A	3aq0_A
3oyr_A	3aq0_C
3oyr_A	8f8k_A
3oyr_A	3qqv_A
3oz2_A	3oz2_A
3oz2_A	3oz2_A
3oz2_A	3atq_A
3oz2_A	3atr_A
3oz2_A	4opd_A
3oz2_A	4opt_A
3oz2_A	5buk_A
3oz2_A	5dbj_C
3oz2_A	5dbj_A
3oz2_A	7koe_C
3p0h_A	3p0h_A
3p0h_A	3p0h_A
3p0h_A	3p0j_D
3p0h_A	5usf_A
5i35_A	5i35_A
5i4e_A	5i4e_A
5i4j_A	5i4j_A
5i72_B	5i72_B
5i8s_A	5i8s_A
5i8s_A	5i8y_A
5i8s_A	5i93_A
5ibz_B	5ibz_B
5ic5_A	5ic5_A
5ida_A	5ida_A
5ida_A	5idb_A
5ida_A	5mh1_A
5ie9_C	5ie9_C
5ien_A	5ien_A
5ig2_C	5ig2_C
5ig2_C	4yai_A
5ig2_C	4yai_A
5ig2_C	4y9d_A
5ig2_C	4yac_A
5ihe_B	5ihe_B
5ihe_B	8ppt_A
5ii2_B	5ii2_B
5ii2_B	5ii2_A
5ii2_B	7s4e_A
5ii2_B	7z6l_A
5ii2_B	7z76_D
5ii2_B	7z77_D
5iib_B	5iib_B
5iit_C	5iit_C
5ij7_B	5ij7_B
5ij7_B	5hyn_A
5ij7_B	5hyn_A
5ijj_A	5ijj_A
5ijz_A	5ijz_A
5ijz_A	7ecr_A
5ijz_A	5xvv_B
5ijz_A	5xwc_A
5ijz_A	7ecs_A
5ikf_A	5ikf_A
5ikj_A	5ikj_A
5ikk_A	5ikk_A
5iky_A	5iky_A
5iky_A	5ikz_A
5im3_A	5im3_A
5im3_A	5im3_B
5im3_A	5im3_A
5imt_A	5imt_A
5imt_A	4qqq_A
5imt_D	5imt_D
6ynx_L	6ynx_L
6ynx_a	6ynx_a
6ynx_g	6ynx_g
6ynx_h	6ynx_h
6ynx_i	6ynx_i
6ynx_k	6ynx_k
6ynx_m	6ynx_m
6ys4_B	6ys4_B
6yss_n	6yss_n
6yt3_B	6yt3_B
6yu8_A	6yu8_A
6yub_A	6yub_A
6yug_A	6yug_A
6yus_A	6yus_A
6yus_A	6yuq_A
6yw5_XX	6yw5_XX
6ywe_2	6ywe_2
6ywe_E	6ywe_E
6ywe_S	6ywe_S
6yx1_B	6yx1_B
6yx1_B	6ywz_B
6yx4_A	6yx4_A
6yx4_A	1n9l_A
6yx4_A	1n9n_A
6yx4_A	6gpv_A
6yx4_A	1g28_A
6yx4_A	4eet_A
6yx4_A	8a4e_A
6yx4_A	3t50_A
6yx4_A	4kuo_A
6yx4_A	2gj3_A
6yx5_B	6yx5_B
6z0q_A	6z0q_A
6z0q_A	1obg_A
6z14_JJJ	6z14_JJJ
6z1f_1	6z1f_1
6z1f_1	6z1f_3
6z1n_A	6z1n_A
6z1n_A	6w2l_A
6z1n_A	7pax_A
6z1n_A	7pay_A
6z1n_A	7pb0_A
6z1n_A	7pb1_A
6z2b_B	6z2b_B
6z2q_A	6z2q_A
6z2q_A	6z2p_A
6z2q_A	8df2_A
6z2q_A	8dek_B
6z3c_AAA	6z3c_AAA
6z3r_C	6z3r_C
6z5a_A	6z5a_A
6z5a_A	2vuw_A
6z5a_A	2vuw_A
6z5a_A	3dlz_A
6z5a_A	3fmd_A
6z5a_A	3iq7_A
6z5a_A	4qtc_A
6z5a_A	6g35_A
6z5a_A	6g38_A
6z5a_A	6z56_A
6z5a_A	6z5b_A
6z5a_A	6z5c_A
6z5s_R	6z5s_R
6z5s_R	7oy8_8
6z5s_R	7eqd_A
6z5s_W	6z5s_W
6z5y_A	6z5y_A
6z79_A	6z79_A
6z79_A	6z7b_A
6z79_A	6z7b_B
6z81_C	6z81_C
6z81_C	4ydu_C
6z8h_A	6z8h_A
6z96_A	6z96_A
6z99_B	6z99_B
6z99_B	6fok_A
6z99_B	6z8s_A
6z99_B	6z9n_D
6z9k_B	6z9k_B
7pow_B	7pow_B
7ppp_A	7ppp_A
7pq3_BBB	7pq3_BBB
7pqd_AB	7pqd_AB
7pqd_x	7pqd_x
7pr7_A	7pr7_A
7pr7_A	7yjc_A
7pr7_A	7yi7_A
7pr7_A	7yjc_A
7pr7_A	8b0b_AAA
7pr7_A	8b0c_AAA
7pr7_A	8e07_A
7pr7_A	8jyg_A
7pr7_A	8ohq_AAA
7pr7_A	8ohr_AAA
7pr7_B	7pr7_B
7pr7_B	7yi7_B
7pr7_B	7yjc_B
7pr7_B	8b0b_BBB
7pr7_B	8b0c_BBB
7pr7_B	8cqi_B
7pr7_B	8e07_B
7pr7_B	8jyg_B
7pr7_B	8ohr_BBB
7prl_A	7prl_A
7pu5_H	7pu5_H
7pu5_H	5ifm_C
7pu5_H	7sp0_B
7puj_A	7puj_A
7puj_A	7puk_A
7pup_A	7pup_A
7pv0_B	7pv0_B
7pv7_B	7pv7_B
7pwe_A	7pwe_A
7pxe_A	7pxe_A
7pxe_A	7rjt_A
7pyt_A	7pyt_A
7pyt_A	7yxm_C
7pyt_A	7pxp_F
7q20_A	7q20_A
7q20_A	7pmo_G
7q21_g	7q21_g
7q21_g	7qhm_E
7q21_h	7q21_h
7q21_h	7qhm_I
7q3a_A	7q3a_A
7q3a_A	7q3a_B
7q4g_C	7q4g_C
7q4g_C	6xub_B
7q4i_B	7q4i_B
7q4t_AAA	7q4t_AAA
7q5n_G	7q5n_G
7qa8_A	7qa8_A
7qak_A	7qak_A
7qak_A	1j06_A
7qak_A	1j06_B
7qak_A	1j07_A
7qak_A	1j07_B
7qak_A	1n5m_A
7qak_A	1n5m_B
7qak_A	1n5r_A
7qak_A	1n5r_B
7qak_A	2xuq_A
7qak_A	2dfp_A
7qak_A	6fqn_A
7qak_A	1eve_A
7qak_A	1eve_A
7qak_A	1gpn_A
7qak_A	1gqr_A
7qak_A	1h22_A
7qak_A	1h23_A
7qak_A	1hbj_A
7qak_A	1qti_A
7qak_A	1qti_A
7qak_A	1vot_A
7qak_A	2ace_A
7qak_A	7qbq_A
7qak_A	1p0p_A
7qak_A	4b0o_A
7qak_A	4m0e_A
7qak_A	6wv1_A
7qak_A	1lpn_A
7qak_A	1lpo_A
7qak_A	1lpp_A
7qak_A	1lps_A
7qak_A	1mx5_C
7qaz_B	7qaz_B
7qaz_B	7nqe_A
7qaz_B	7nqf_B
7qbe_D	7qbe_D
7qbv_A	7qbv_A
7qbv_A	7qbs_A
7qbv_A	7qbu_A
7qca_LMM	7qca_LMM
7qca_SDD	7qca_SDD
7qca_SFF	7qca_SFF
7qce_A	7qce_A
7xs6_A	7xs6_A
7xt2_A	7xt2_A
7xxf_S	7xxf_S
7xxf_S	7o0u_ak
7xxf_S	7o0u_af
7xxf_S	8wdu_3
7xxf_S	7vrj_3
7xxp_A	7xxp_A
7xxp_A	7xx0_A
7xyo_A	7xyo_A
7xyq_A	7xyq_A
7xzh_B	7xzh_B
7xzi_5	7xzi_5
7xzi_B	7xzi_B
7xzi_D	7xzi_D
7y0l_B	7y0l_B
7y0l_B	7yd2_B
7y0l_B	8ivt_A
7y0l_B	8iw6_A
7y0l_B	8j7g_A
7y3w_A	7y3w_A
7y4i_A	7y4i_A
7y4r_B	7y4r_B
7y6i_A	7y6i_A
7y6i_A	7zgo_A
7y6i_A	6kkr_A
7y77_A	7y77_A
7y7b_8	7y7b_8
7y7b_A	7y7b_A
7y7b_A	6zzx_A
7y7b_A	7bgi_A
7y7b_A	7f4v_aA
7y7b_I	7y7b_I
7y7b_K	7y7b_K
7y7b_L	7y7b_L
7y7b_O	7y7b_O
7y7b_R	7y7b_R
7y7b_Z	7y7b_Z
7y7o_A	7y7o_A
7y7q_A	7y7q_A
7y7q_A	7y7s_A
7y7q_A	7y7t_A
7y7q_A	7y7t_B
7y82_A	7y82_A
7y82_A	7y9y_A
7y82_A	8gs2_A
7y9g_A	7y9g_A
7ybb_A	7ybb_A
7yc6_A	7yc6_A
7yc6_A	1i7q_B
7yc6_A	1i7s_D
7yc6_A	1i7q_B
7yca_K	7yca_K
7yca_K	8cmo_K
7yca_N	7yca_N
7ycb_A	7ycb_A
7ycb_A	6kfa_A
7ycb_A	6kfb_A
7ycb_A	7ycd_B
7ycb_A	7ycf_A
7yed_A	7yed_A
7yed_H	7yed_H
7yf2_A	7yf2_A
7ygf_A	7ygf_A
7ygf_A	1b54_A
7ygf_A	1b54_A
7ygf_A	1ct5_A
7ygf_A	7uat_A
7ygf_A	7ubq_A
7yh3_D	7yh3_D
7yh4_A	7yh4_A
7yhl_A	7yhl_A
7yi9_B	7yi9_B
7yi9_B	7yi8_B
7yi9_B	7rx7_A
7yi9_B	5il1_A
7yi9_B	5il1_A
7yi9_B	6ttp_A
7yi9_B	6y4g_A
7yi9_B	8pw8_A
7yi9_B	7ni7_B
7yia_A	7yia_A
7yiy_D	7yiy_D
8jze_j	8jze_j
8jze_m	8jze_m
8jze_m	8jw0_m
8jzn_A	8jzn_A
8k5i_A	8k5i_A
8k5i_A	4x8b_A
8k5i_A	4x8d_A
8k5i_A	4x8e_A
8k5p_O	8k5p_O
8k5p_O	5ulj_B
8k5p_O	5bud_A
8k5v_B	8k5v_B
8k69_A	8k69_A
8k9f_A	8k9f_A
8k9f_B	8k9f_B
8k9f_C	8k9f_C
8k9f_D	8k9f_D
8k9f_E	8k9f_E
8k9f_F	8k9f_F
8k9t_A	8k9t_A
8k9t_A	8k9q_A
8kgt_A	8kgt_A
8kgt_A	8kgs_A
8kgt_A	1qzr_A
8kgt_A	1pvg_A
8kgt_A	1qzr_B
8kgt_A	1zxn_C
8kgt_A	1zxm_A
8kgt_A	1zxm_B
8kgt_A	7qfo_A
8kgt_A	7l6s_A
8khq_A	8khq_A
8ki5_A	8ki5_A
8ki5_A	8kih_A
8lpr_B	8lpr_B
8odo_H	8odo_H
8odq_A	8odq_A
8of7_A	8of7_A
8og4_A	8og4_A
8og4_A	8og1_A
8og4_A	7sck_B
8oh5_C	8oh5_C
8oi3_A	8oi3_A
8ois_AM	8ois_AM
8ois_AM	7p2e_M
8ois_AT	8ois_AT
8ois_AT	6rw4_T
8ois_AT	6ydp_Ac
8ois_Ad	8ois_Ad
8oit_Bh	8oit_Bh
8oit_Bh	6ydp_Bx
8oit_Bh	6zm5_r
8oj7_A	8oj7_A
8oj7_A	8oja_A
8ok7_A	8ok7_A
8om2_B	8om2_B
8om2_W	8om2_W
1i7p_A	1i7p_A
1i7p_A	1i7p_A
1i7p_A	1ib0_A
1i7p_A	1ib0_A
1i7p_A	1ndh_A
1i7p_A	1umk_A
1i7p_A	3w2f_A
1i7p_A	1cnf_A
1i7p_A	1cne_A
1i7p_A	2eix_B
1i7p_A	2eix_A
1i80_B	1i80_B
1i80_B	1g2o_A
1i80_B	1g2o_B
1i80_B	1g2o_C
1i80_B	1n3i_A
1i80_B	1n3i_B
1i80_B	1n3i_C
1i80_B	3iom_A
1i80_B	7zsq_B
1i80_B	1c3x_B
1i80_B	1a9o_A
1i80_B	1a9p_A
1i80_B	1a9q_A
1i80_B	1a9r_A
1i80_B	1a9s_A
1i80_B	1a9t_A
1i80_B	1b8n_A
1i80_B	1b8n_A
1i80_B	1b8o_A
1i80_B	1fxu_A
1i80_B	1lv8_A
1i80_B	1lv8_B
1i80_B	1lv8_C
1i80_B	1lv8_D
1i80_B	1lv8_E
1i80_B	1lv8_F
1i80_B	1lvu_A
1i80_B	1lvu_B
1i80_B	1lvu_C
1i80_B	1lvu_D
1i80_B	1lvu_E
1i80_B	1lvu_F
1i80_B	1lvu_D
1i80_B	1pf7_A
1i80_B	1pf7_E
1i80_B	1pwy_E
1i80_B	1rct_E
1i80_B	1rfg_E
1i80_B	1v2h_E
1i80_B	1v41_E
1i80_B	1vfn_A
1i80_B	3fuc_C
1i80_B	3ggs_B
1i80_B	3iny_A
1i80_B	7zsn_A
1i80_B	1tcu_C
1i80_B	1tcv_C
1i80_B	3e9z_C
1i80_B	3f8w_B
1i80_B	3fb1_C
1i80_B	3fnq_A
1i80_B	5ko6_A
1i80_B	5tbs_A
1i80_B	5tbt_A
1i80_B	5tbv_A
1i80_B	6b2l_A
1i80_B	6b3l_A
1i80_B	6b4q_A
1i80_B	6b71_A
1i80_B	6bb7_A
1i80_B	6bif_A
1i80_B	2p4s_C
1i80_B	2p4s_A
1i80_B	3odg_A
1i80_B	1yqq_A
1i80_B	8swp_D
1i80_B	8swq_A
1i80_B	8sws_A
1i80_B	4uc0_A
1i8j_A	1i8j_A
1i8j_A	1b4e_A
1i8j_A	1i8j_B
1i8j_A	1l6s_A
1i8j_A	1l6s_B
1i8j_A	1l6y_A
1i8j_A	1l6y_B
1i8j_A	1h7r_A
1i8j_A	1eb3_A
1i8j_A	1gjp_A
1i8j_A	1h7n_A
1i8j_A	1h7o_A
1i8j_A	1h7o_A
1i8j_A	1h7p_A
1i8j_A	1h7r_A
1i8j_A	1ohl_A
1i8j_A	1qml_A
1i8j_A	1qnv_A
1i8j_A	1ylv_A
1i8j_A	1ylv_A
1i8j_A	1pv8_A
1i8j_A	1pv8_B
1i8j_A	2c18_A
1i8j_A	1b4k_A
1i8j_A	1b4k_B
1i8j_A	1gzg_A
1i8j_A	1gzg_B
1i8n_A	1i8n_A
1i9d_A	1i9d_A
1i9d_A	1j9b_A
1i9d_A	1jzw_A
1i9g_A	1i9g_A
1i9g_A	1i9g_A
1i9g_A	2pwy_A
1i9g_A	2yvl_A
1i9g_A	2yvl_D
1i9g_A	3lga_A
1i9g_A	3lga_A
1ia9_B	1ia9_B
1ia9_B	1ia9_A
1ia9_B	1ia9_B
1ia9_B	1iah_B
1iaa_A	1iaa_A
1iaa_A	1iab_A
1iaa_A	1iac_A
1iaa_A	1iae_A
1iaa_A	1qji_A
1iaa_A	1qji_A
1iay_A	1iay_A
1iay_A	1b8g_B
1iay_A	1b8g_A
1iay_A	1b8g_B
1iay_A	1m4n_A
1iay_A	1m7y_A
1iay_A	1m7y_A
1iay_A	1ynu_A
1iay_A	3piu_A
1ibv_A	1ibv_A
1ibv_A	1ibv_C
1ibv_A	1ibv_E
1ibv_B	1ibv_B
1ibv_B	1ibv_D
1ibv_B	1ibv_F
1iby_A	1iby_A
1iby_A	1iby_B
1iby_A	1iby_C
1iby_A	1iby_A
1id0_A	1id0_A
1id0_A	1id0_A
1id0_A	3cgy_A
1id0_A	3cgy_B
1id0_A	3cgy_A
1id0_A	6blk_C
2nv2_J	2nv2_J
2nv4_B	2nv4_B
2nv4_B	2nv4_A
2nvo_A	2nvo_A
2nvo_A	1yvp_B
2nvu_B	2nvu_B
2nvv_A	2nvv_A
2nvv_A	4eu5_A
2nvv_A	4eu6_A
2nvv_A	4eu7_A
2nvv_A	4euc_A
2nwb_A	2nwb_A
2nwg_A	2nwg_A
2nxf_A	2nxf_A
2nxp_A	2nxp_A
2nxq_A	2nxq_A
2nyk_A	2nyk_A
2nzy_C	2nzy_C
2o0h_A	2o0h_A
2o0h_A	2o0j_A
2o14_A	2o14_A
2o1o_A	2o1o_A
2o1o_A	2o1o_A
2o1o_A	2q58_A
2o1o_A	1ubw_A
2o1o_A	3cp6_A
2o1o_A	6oah_F
2o1o_A	1ubx_A
2o1o_A	1uby_A
2o1o_A	2f89_F
2o1o_A	2f94_F
2o1o_A	3n3l_F
2o1o_A	4dem_A
2o1o_A	4ga3_A
2o1o_A	4h5d_F
2o1o_A	8a74_A
2o1o_A	8a73_A
2o1o_A	8a7b_A
2o1o_A	2ewg_A
2o1o_A	1yhl_A
2o1o_A	1yhm_A
2o1o_A	2i19_B
2o1o_A	2p1c_A
2o1o_A	3iba_A
2o1o_A	3icz_A
2o1o_A	4jzb_A
2o1o_A	4jzb_A
2o1o_A	5qpe_A
2o1o_A	5qpf_A
2o1o_A	5qpg_A
2o1o_A	5qpi_A
2o1o_A	5qpj_A
2o1o_A	5qpk_A
2o1o_A	5qpl_A
2o1o_A	5qpn_A
2o1o_A	5qpo_A
2o1o_A	5qpp_A
2o1o_A	5qpq_A
2o1o_A	5qpr_A
2o1o_A	5qps_A
2o1o_A	5qpt_A
2o1o_A	5qpu_A
2o1o_A	5qpv_A
2o1o_A	5qpw_A
2o1o_A	5qpy_A
2o1o_A	5qpz_A
2o1o_A	5qq0_A
2o1o_A	5qq2_A
2o1o_A	5qq3_A
2o1o_A	5qq5_A
2o1o_A	5qq8_A
2o1o_A	5qtg_A
2o1o_A	6sdn_A
2o1o_A	6sdo_A
2o1o_A	6sdp_A
2o1o_A	6sf8_A
2o1o_A	6sf9_A
2o1o_A	6t7n_AAAA
2o1o_A	6vjc_A
2o1o_A	3ldw_A
2o1o_A	3ph7_B
2o1x_B	2o1x_B
2o1x_B	6ouv_A
2o1x_B	7a9g_BBB
2o1x_B	8a4d_A
2o1x_B	8a45_F
2o2z_A	2o2z_A
2o2z_A	2o2z_A
2o39_C	2o39_C
2o4c_A	2o4c_A
2o4c_A	3oet_B
2o4c_A	5dt9_A
2o4u_X	2o4u_X
2o4u_X	2poq_A
2o4u_X	2poq_X
2o4v_A	2o4v_A
2o4v_A	4rjx_A
2o4v_A	4rjw_A
2o5a_A	2o5a_A
2o5a_A	4wcw_D
2o6p_A	2o6p_A
2o74_F	2o74_F
2o74_F	2o73_F
2o7q_A	2o7q_A
2o7q_A	2gpt_A
2o7q_A	2o7s_A
2o7q_A	6bmq_A
2o7r_A	2o7r_A
2o7r_A	8ea1_A
2o98_C	2o98_C
2o98_C	2o98_B
2oa6_D	2oa6_D
2oa6_D	2oa6_B
2oa6_D	1dgp_A
2oa6_D	3bnx_B
2oa6_D	3bny_D
2oa6_D	3cke_B
2oa6_D	5imp_A
2oa6_D	5in8_A
2oa6_D	5ivg_A
4jfn_A	4jfn_A
4jgl_A	4jgl_A
4jgo_B	4jgo_B
4jh5_A	4jh5_A
4jh5_A	4jd1_B
4jh5_A	4jh8_A
4jh5_A	8dtd_A
4jh5_A	8e7r_A
4jh5_A	8g7f_A
4jh5_A	1lqk_A
4jh5_A	5vb0_C
4jh5_A	2p7q_E
4jh5_A	3l7t_B
4jh5_A	8he6_B
4jh5_A	7w5e_A
4jh5_A	6a4x_A
4jin_A	4jin_A
4jin_A	1zp9_A
4jin_A	1ztf_A
4jin_A	1zth_A
4jin_A	3re4_A
4jin_A	1tqm_A
4jin_A	1tqm_A
4jin_A	1zar_A
4jin_A	1zao_A
4jiu_A	4jiu_A
4jiu_A	4jix_A
4jiv_D	4jiv_D
4jj0_A	4jj0_A
4jjj_A	4jjj_A
4jjj_A	1f9o_A
4jjj_A	1fbo_A
4jjj_A	1fbo_A
4jjj_A	1fce_A
4jjj_A	1fce_A
4jjj_A	1g9g_A
4jjj_A	1g9j_A
4jjj_A	5yj6_A
4jjj_A	4xwl_A
4jjj_A	5vma_A
4jjj_A	5bv9_A
4jkt_C	4jkt_C
4jkt_C	3ss4_C
4jkt_C	4jkt_B
4jkt_C	4jkt_D
4jkt_C	7sbn_A
4jmu_A	4jmu_A
4jmu_A	7e1k_A
4jn9_B	4jn9_B
4jn9_B	4jn9_A
4jn9_B	3fbs_A
4jn9_B	4ntd_A
4jn9_B	4ntd_A
4jn9_B	4ntc_A
4jn9_B	4ntc_A
4jn9_B	5ode_A
4jnd_A	4jnd_A
4jno_A	4jno_A
4jou_A	4jou_A
4jph_A	4jph_A
4jre_A	4jre_A
4jre_A	4jr9_A
4jre_A	4u4t_A
4jrf_A	4jrf_A
4jrn_A	4jrn_A
4jrn_A	4lv8_A
4jrn_A	3q60_A
4jrn_A	3q60_A
4jrn_A	4lv8_A
4js1_A	4js1_A
4js1_A	4js1_A
4js1_A	4js2_A
4js1_A	6qvt_A
4jwp_B	4jwp_B
4jwp_B	4jwp_A
4jwp_B	2j8r_A
4jwp_B	3dr8_A
4jwp_B	4jxr_B
4jwp_B	4mbu_A
4jwp_B	2jlm_F
4jwp_B	5t7d_C
4jwp_B	5t7e_C
4jwp_B	6m7g_A
4jx0_A	4jx0_A
4jyb_A	4jyb_A
4jyb_A	4jyb_A
4jyb_A	4jyc_C
4jyb_A	8gju_F
4jzt_A	4jzt_A
4k08_A	4k08_A
4k0d_B	4k0d_B
4k17_C	4k17_C
4k17_C	4k17_B
4k1c_A	4k1c_A
4k2h_D	4k2h_D
4k2h_D	4mnt_A
4k2h_D	3bwe_A
4k2h_D	4p35_A
4k2h_D	6af5_A
4k2h_D	6afg_A
4k2h_D	6f2f_C
4k2h_D	6f2f_A
4k2h_D	2vrn_A
4k30_B	4k30_B
4k30_B	4nex_A
4k39_A	4k39_A
4k39_A	4k36_A
4k3n_A	4k3n_A
4k3n_A	8ez4_C
4k55_A	4k55_A
4k55_A	4jkw_A
4k55_A	6nm7_A
4k6b_B	4k6b_B
4k6n_A	4k6n_A
4k70_A	4k70_A
4k7i_A	4k7i_A
4k7i_A	4k7n_C
4k7i_A	2vl2_C
4k7i_A	4k7n_A
4k7i_A	4k7o_A
4k7i_A	4mmm_A
4k7r_A	4k7r_A
4k7r_A	4mt4_A
4k7r_A	4mt4_B
4k7r_A	5azp_C
4k7r_A	5azp_A
4k80_A	4k80_A
4k80_A	4k85_A
4k80_A	4kbr_B
4k81_B	4k81_B
4nyq_A	4nyq_A
4nyq_A	7bkx_AAA
4nyz_A	4nyz_A
4nyz_A	2e9r_X
4nyz_A	2e9z_A
4nyz_A	2e9z_A
4nyz_A	2f8e_X
4nyz_A	4wyl_A
4nyz_A	4wyw_A
4nyz_A	3ola_I
4nyz_A	2ily_A
4nyz_A	3cdu_A
4nyz_A	3n6m_A
4nyz_A	3n6n_A
4nyz_A	3n6n_A
4nyz_A	4k4y_A
4nyz_A	6lse_A
4nyz_A	7w9s_A
4nyz_A	1tp7_A
4nyz_A	3ur0_B
4nyz_A	3qid_A
4nyz_A	3upf_A
4nyz_A	3upf_B
4nyz_A	1sh3_B
4nyz_A	3bsn_A
4nyz_A	1sh0_A
4nyz_A	3bso_A
4nyz_A	3nai_A
4nyz_A	3sfu_B
4nyz_A	4lq9_A
4nyz_A	5tsn_A
4nz3_A	4nz3_A
4nz3_A	4nyu_A
4nz6_A	4nz6_A
4nz6_A	4nz6_B
4nzd_A	4nzd_A
4o0m_B	4o0m_B
4o0m_B	4o0m_A
4o0m_B	2gbl_F
4o0m_B	8fwj_A
4o30_A	4o30_A
4o30_A	4o30_A
4o48_A	4o48_A
4o48_A	4osx_A
4o48_A	4pvr_A
4o48_A	4osx_A
4o4s_A	4o4s_A
4o5v_A	4o5v_A
4o5v_A	5zr6_A
4o5v_A	7b20_B
4o5v_A	1bi0_A
4o5v_A	1fx7_A
4o62_B	4o62_B
4o65_A	4o65_A
4o6m_A	4o6m_A
4o6m_A	4o6m_B
4o6m_A	4o6m_B
4o6m_A	4o6n_B
4o6m_A	5d91_A
4o6m_A	6wmv_A
4o6m_A	6wm5_A
4o7g_A	4o7g_A
4o7g_A	4o7g_B
4o7g_A	5zlg_A
4o7g_A	5zle_A
4o7l_A	4o7l_A
4o7l_A	3u54_A
4o7l_A	4o7t_A
4o7l_A	4o84_A
4o7l_A	4o86_A
4o7l_A	3nua_A
4o7l_A	4fe2_B
4o7l_A	2ywv_A
4o7l_A	4fe2_A
4o7l_A	4fgr_B
4o7l_A	2gqr_A
4o7l_A	2z02_B
4o7l_A	2yzl_A
4o7l_A	2z02_A
4o8j_A	4o8j_A
4o8j_A	4o8j_A
4o8j_A	3kgd_B
4o8j_A	1qmh_A
4o8j_A	1qmh_B
4o8j_A	1qmh_B
4o8j_A	3tut_A
4o8j_A	3tut_A
4o8j_A	3tw3_A
4o8m_A	4o8m_A
4o8m_A	4ovt_A
4o8m_A	4p8b_A
4o8m_A	4pfb_A
4o8m_A	4pai_A
4o8m_A	4pak_A
4o8m_A	4n91_A
4o8m_A	7bcr_A
4o8m_A	7bbr_A
4o8m_A	7bcp_A
4o8m_A	3b50_A
4o8m_A	2cex_B
4o8m_A	2cey_A
4o8m_A	2v4c_A
4o8m_A	2wx9_A
4o8m_A	4pcd_A
4o8m_A	4pc9_A
4o8m_A	7a5q_B
4o8m_A	4mag_A
4o8m_A	4n8g_A
4o8m_A	2vpo_B
4o8m_A	2vpn_B
4o8m_A	3gyy_D
4o8m_A	3fxb_A
4o8m_A	4mij_A
4o8m_A	4oan_A
4o8m_A	4ovp_A
4o8m_A	4nx1_A
4oa3_A	4oa3_A
4oa5_A	4oa5_A
4oa5_A	4pca_A
4oa5_A	2hnk_A
4oa5_A	3c3y_A
4oa5_A	1sus_A
4oa5_A	8uke_A
4oa5_A	8gxn_B
4oa5_A	3cbg_A
4oa5_A	3cbg_A
4oa5_A	5log_A
4oa5_A	3tr6_A
4oa5_A	4ymg_B
4oa5_A	4ymg_A
4oa5_A	4qvk_B
4oa5_A	4ymg_A
4oa5_A	4ymh_A
4oa5_A	6jcl_G
4oa5_A	3duw_A
4oa5_A	3duw_B
4oa5_A	8c9s_A
4oa5_A	5n5d_A
4oa5_A	8c9v_A
4oag_B	4oag_B
4oag_B	4nxv_C
4oag_B	4nxu_C
4oag_B	4nxx_A
4oaq_A	4oaq_A
4oaq_A	4oaq_B
4oaq_A	4oaq_A
4oaq_A	1piw_A
4oaq_A	1piw_A
4oaq_A	2cf6_A
4oaq_A	1yqx_B
4oaq_A	1yqx_A
4oaq_A	5z0c_A
4oaq_A	3two_A
4oaq_A	3two_B
4oaq_A	7bu3_A
4oav_D	4oav_D
4oav_D	4oau_C
4oav_D	4oau_A
4oav_D	6m13_b
4oav_D	6m11_b
4oav_D	6m12_b
4oav_D	7dts_b
4oav_D	4o1p_B
4oav_D	4o1p_C
4oay_A	4oay_A
4oay_A	4oay_A
4oay_A	4oay_B
4oay_A	4oay_C
4rfq_A	4rfq_A
4rfu_A	4rfu_A
4rg1_A	4rg1_A
4rgg_A	4rgg_A
4rgg_A	4l92_B
4rgg_A	4l97_A
4rgg_A	4rga_A
4rgp_A	4rgp_A
4rgq_B	4rgq_B
4rgq_B	4rfl_A
4rgq_B	4rgv_B
4rgq_B	3ce9_A
4rgq_B	5fb3_F
4rgu_B	4rgu_B
4rgu_B	4rgs_A
4rgu_B	4rgs_B
4rgu_B	4rgs_A
4rhh_C	4rhh_C
4rhh_C	4c1p_A
4rhz_A	4rhz_A
4rhz_B	4rhz_B
4ri1_B	4ri1_B
4ri1_B	4ri1_A
4ri3_A	4ri3_A
4ri3_A	4ri2_A
4ric_B	4ric_B
4rkd_A	4rkd_A
4rkd_A	4rkd_B
4rkd_A	4rkd_C
4rkd_A	6zup_A
4rkd_A	6zur_A
4rkd_A	6zvg_A
4rkd_A	2d5y_A
4rkd_A	4f5h_B
4rkd_A	1ahe_A
4rkd_A	1ahe_B
4rkd_A	1ahf_A
4rkd_A	1ahf_B
4rkd_A	1ahf_A
4rkd_A	1ahg_A
4rkd_A	1ahx_A
4rkd_A	1ahx_B
4rkd_A	1ahx_A
4rkd_A	1ahy_A
4rkd_A	1ahy_B
4rkd_A	1aia_A
4rkd_A	1aia_B
4rkd_A	1aib_A
4rkd_A	1aic_A
4rkd_A	1aic_B
4rkd_A	1amq_A
4rkd_A	1amr_A
4rkd_A	1ams_A
4rkd_A	1arg_A
4rkd_A	1arg_B
4rkd_A	1arh_A
4rkd_A	1arh_B
4rkd_A	1ari_A
4rkd_A	1ari_B
4rkd_A	1ars_A
4rkd_A	1asa_A
4rkd_A	1asc_A
4rkd_A	1asd_A
4rkd_A	1asm_A
4rkd_A	1asm_B
4rkd_A	1asn_A
4rkd_A	1asn_B
4rkd_A	1b4x_A
4rkd_A	1c9c_A
4rkd_A	1c9c_A
4rkd_A	1cq6_A
4rkd_A	1cq7_A
4rkd_A	1cq7_A
4rkd_A	1cq8_A
4rkd_A	1cq8_A
4rkd_A	1czc_A
4rkd_A	1cze_A
4rkd_A	1g4v_A
4rkd_A	1g4x_A
4rkd_A	1g7w_A
4rkd_A	1g7x_A
4rkd_A	1ix6_A
4rkd_A	1ix7_A
4rkd_A	1ix8_A
4rkd_A	1qir_A
4rkd_A	1qis_A
4rkd_A	1qit_A
4rkd_A	1spa_A
4rkd_A	1x2a_A
4rkd_A	1yoo_A
4rkd_A	1yoo_A
4rkd_A	2d7z_A
4rkd_A	2qbt_A
4rkd_A	5eaa_A
4rkd_A	5vwr_A
4rkd_A	1aka_A
4rkd_A	1aka_B
4rkd_A	1akb_A
4rkd_A	1akc_A
4rkd_A	1akc_A
4rkd_A	1ama_A
4rkd_A	1ivr_A
4rkd_A	1map_A
4rkd_A	1maq_A
4rkd_A	1maq_A
4rkd_A	1oxo_A
4rkd_A	1oxo_B
4rkd_A	1oxo_A
4rkd_A	1oxp_A
4rkd_A	1tar_A
4rkd_A	1tar_B
4rkd_A	3pd6_A
4rkd_A	7aat_A
4rkd_A	7aat_B
4rkd_A	8aat_A
4rkd_A	8aat_B
4rkd_A	1ay4_A
4rkd_A	1ay4_B
4rkd_A	1ay5_A
4rkd_A	1ay5_B
4rkd_A	1ay8_A
4rkd_A	1ay8_B
4rkd_A	2ay1_A
4rkd_A	2ay1_B
4rkd_A	2ay2_A
4rkd_A	2ay2_B
4rkd_A	2ay3_A
4rkd_A	2ay3_B
4rkd_A	2ay4_A
4rkd_A	2ay4_B
4rkd_A	2ay5_A
4rkd_A	2ay5_B
4rkd_A	2ay6_A
4rkd_A	2ay6_B
4rkd_A	2ay6_A
4rkd_A	2ay7_A
4rkd_A	2ay7_B
4rkd_A	2ay7_A
4rkd_A	2ay8_A
4rkd_A	2ay8_B
4rkd_A	2ay9_A
4rkd_A	2ay9_B
4rkd_A	1yaa_B
4rkd_A	1yaa_A
4rkd_A	3fsl_A
4rkd_A	3meb_A
4rkd_A	4w5k_B
4rkd_A	4w5k_A
4rkd_A	7tur_B
4rkd_A	1ajs_A
4rkd_A	1ajs_B
4rkd_A	2cst_A
4rkd_A	2cst_B
4rkd_A	6dnb_A
4rkd_A	3k7y_A
4rkd_A	4emy_A
4rkd_A	4emy_B
4rkd_A	4emy_A
4rkd_A	3rq1_A
4rkh_D	4rkh_D
4rkk_A	4rkk_A
4rkn_A	4rkn_A
4rkn_A	4rkm_B
4rks_B	4rks_B
4rks_B	4rkz_A
4rks_B	4rks_A
4rks_B	4rkz_A
4rks_B	5gmd_A
4rks_B	4z7c_A
4rks_B	5gmd_A
4rks_B	2hke_A
4rks_B	6e2u_A
4rks_B	4dpu_A
4rks_B	6e2v_A
4rks_B	5v2l_A
4rks_B	6n0x_C
4rks_B	6xr5_D
4rks_B	6n10_A
4rkx_A	4rkx_A
4rkx_A	4d8e_A
4rl8_C	4rl8_C
4rlc_A	4rlc_A
4rlr_A	4rlr_A
4rml_A	4rml_A
4rml_A	4wxs_A
4rml_A	4wxq_A
4rn3_A	4rn3_A
4rnw_A	4rnw_A
4rp8_A	4rp8_A
4rp8_A	4rp9_A
4rpm_A	4rpm_A
4rpo_A	4rpo_A
4rpo_A	4rpn_A
4rpo_A	1utb_B
4rqo_B	4rqo_B
4rr2_D	4rr2_D
4rru_A	4rru_A
4tm7_A	4tm7_A
4tm7_A	2j0e_A
4tm7_A	3e7f_B
4tm7_A	3eb9_B
4tmt_B	4tmt_B
4tnb_A	4tnb_A
4tnb_A	3nyn_A
4tnb_A	4l9i_B
4tnb_A	4yhj_B
4toi_A	4toi_A
4tpl_A	4tpl_A
4tpu_A	4tpu_A
4tq3_B	4tq3_B
4tq3_B	4tq4_D
4tr2_B	4tr2_B
4tsd_B	4tsd_B
4tsh_A	4tsh_A
4ttb_B	4ttb_B
4ttb_B	4ttb_A
4ttb_B	3gh8_B
4ttb_B	3gh8_A
4ttb_B	3tnz_A
4tuf_A	4tuf_A
4tuf_A	2zun_B
4tuf_A	2zum_A
4tuf_A	3vvg_A
4tv6_A	4tv6_A
4tv6_A	4tv5_A
4tvd_A	4tvd_A
4tvd_A	3hz3_A
4tvd_A	6szi_A
4tvd_A	6hvg_A
4tvd_A	8fjc_A
4tvr_A	4tvr_A
4txa_A	4txa_A
4txd_A	4txd_A
4txi_A	4txi_A
4txi_A	6ici_A
4txm_A	4txm_A
4txm_A	3eue_A
4txm_A	3euf_A
4txm_A	3euf_B
4txm_A	3euf_C
4txm_A	3ku4_B
4txm_A	3kuk_A
4txm_A	3kuk_B
4txm_A	3kuk_B
4txm_A	3kvr_A
4txm_A	3kvy_B
4txm_A	3p0f_A
4txm_A	3p0f_A
4txw_A	4txw_A
4u08_A	4u08_A
4u08_A	4u09_B
4u0o_B	4u0o_B
4u0o_B	4u0p_A
4u0o_B	5exk_A
4u0u_A	4u0u_A
4u0u_A	4u0s_A
4u0u_A	4u0z_C
4u0u_A	7b7z_A
4u0w_A	4u0w_A
4u0w_A	4u0v_A
4u1r_A	4u1r_A
4u1r_A	7lw1_A
4u1r_A	3o8o_B
4u3e_A	4u3e_A
4u3e_A	4coj_B
4u3e_A	4con_B
4u3e_A	4coj_B
4u3e_A	4coj_B
4u3e_A	4coj_A
4u3e_A	4con_A
4u3j_B	4u3j_B
4u3j_B	2bto_B
4u3j_B	3cb2_A
4u3j_B	5s4x_D
4u3j_B	4f6r_B
4u3j_B	5ca1_A
4u3j_B	5itz_B
4u3j_B	5s5a_C
4u3j_B	5itz_A
4u3j_B	5s52_A
4u3j_B	5s5i_C
4u3j_B	5s5n_C
4u3j_B	5s5y_C
4u3j_B	5s65_C
4u3m_L4	4u3m_L4
4u3m_L4	8g5y_LC
4u3m_M5	4u3m_M5
4u3m_M5	3jcs_M
4xym_A	4xym_A
4xym_A	4xyl_A
4xym_A	4xz3_A
4xym_A	4y8v_A
4xym_A	4yak_C
4xym_A	5hbr_A
4xz6_A	4xz6_A
4xzj_A	4xzj_A
4xzj_A	4xzj_A
4xzj_A	4xzk_A
4y12_A	4y12_A
4y12_A	6ya7_A
4y12_A	4f9a_A
4y12_A	6ya8_A
4y2i_A	4y2i_A
4y48_A	4y48_A
4y48_A	3pb5_A
4y48_A	7qlu_A
4y48_A	1ent_A
4y48_A	1epq_A
4y48_A	1epr_A
4y48_A	1gvv_A
4y48_A	1od1_A
4y48_A	1oew_A
4y48_A	3pb5_A
4y48_A	3pbd_A
4y48_A	3pcw_A
4y48_A	3pcz_A
4y48_A	3pi0_A
4y48_A	3pld_A
4y48_A	3prs_A
4y48_A	3pww_A
4y48_A	3urj_A
4y48_A	4er1_A
4y48_A	4y36_A
4y48_A	4y38_A
4y48_A	4y3d_A
4y48_A	4y3g_A
4y48_A	4y3j_A
4y48_A	4y3l_A
4y48_A	4y3l_A
4y48_A	4y3s_A
4y48_A	4y3x_A
4y48_A	4y3y_A
4y48_A	4y47_A
4y48_A	4y4d_A
4y48_A	4y4g_A
4y48_A	4y4j_A
4y48_A	4y50_A
4y48_A	4y51_A
4y48_A	4y54_A
4y48_A	4y56_A
4y48_A	4y5c_A
4y48_A	4y5k_A
4y48_A	4y5m_A
4y48_A	4y5p_A
4y48_A	4yd3_A
4y48_A	4yd5_A
4y48_A	4zea_A
4y48_A	5dpz_A
4y48_A	5dr8_A
4y48_A	5is4_A
4y48_A	5lws_A
4y48_A	5qbb_A
4y48_A	5qbg_A
4y48_A	5r1t_A
4y48_A	5r1u_A
4y48_A	5r1v_A
4y48_A	5r1w_A
4y48_A	5r1x_A
4y48_A	5r1y_A
4y48_A	5r20_A
4y48_A	5r21_A
4y48_A	5r23_A
4y48_A	5r24_A
4y48_A	5r25_A
4y48_A	5r27_A
4y48_A	5r28_A
4y48_A	5r2a_A
4y48_A	5r2c_A
4y48_A	5r2d_A
4y48_A	5rbp_A
4y48_A	5rbq_A
4y48_A	5rbs_A
4y48_A	5rbw_A
4y48_A	5rbz_A
4y48_A	5rc7_A
4y48_A	7adg_A
4y48_A	7bku_A
4y48_A	1ibq_B
4y48_A	1ibq_A
4y48_A	1ize_A
4y48_A	1apv_A
4y48_A	1apw_A
4y48_A	1bxq_A
4y48_A	1bxq_A
4y48_A	1ppl_A
4y48_A	1ppm_A
4y48_A	2web_A
4y48_A	2wec_A
4y48_A	3tne_A
4y48_A	3tne_B
4y48_A	3tne_A
4y48_A	1zap_A
4y48_A	1eag_A
4y48_A	2h6s_A
4y48_A	3pvk_A
4y4o_1F	4y4o_1F
4y4o_1y	4y4o_1y
4y4v_A	4y4v_A
4y7o_A	4y7o_A
4y7s_A	4y7s_A
4y7v_A	4y7v_A
4y7v_A	4y7u_A
4y7v_A	1wvc_A
4y8a_A	4y8a_A
4y8a_A	4y88_A
4yan_A	4yan_A
4ybg_A	4ybg_A
4ybg_A	5af0_C
4ybh_A	4ybh_A
4ybn_A	4ybn_A
4ybn_A	4ybn_B
4ybn_A	4ybn_A
4yc4_A	4yc4_A
4yc4_A	5i0n_A
4yd9_B	4yd9_B
5ol7_A	5ol7_A
5olk_A	5olk_A
5olp_A	5olp_A
5olq_C	5olq_C
5olq_C	5olr_C
5olq_C	5ols_A
5olu_A	5olu_A
5olu_A	6khm_Q
5onl_A	5onl_A
5onl_A	3a9l_A
5ono_A	5ono_A
5ono_A	5onm_A
5ono_A	5onn_A
5onu_A	5onu_A
5onu_A	8i8r_A
5oo4_A	5oo4_A
5oob_B	5oob_B
5oob_B	1h2u_X
5oob_B	1n52_B
5oob_B	1n52_B
5oob_B	6d0y_A
5opz_A	5opz_A
5ot1_A	5ot1_A
5ouo_A	5ouo_A
5ow0_A	5ow0_A
5ow3_C	5ow3_C
5owo_A	5owo_A
5oxt_A	5oxt_A
5oxt_A	2yor_A
5oxt_A	2yor_B
5oxt_A	5oy2_A
5oxt_A	6ekw_A
5oxt_A	6ekx_A
5oxt_A	6ekz_A
5oxt_A	6el0_A
5oxt_A	6el4_A
5oy3_A	5oy3_A
5oy3_A	4ask_A
5oy3_A	5fp3_A
5oy3_A	6ful_A
5oy3_A	3zpo_A
5oy3_A	3zpo_A
5oy3_A	4uf0_A
5oy3_A	5fxv_A
5oy3_A	5fxw_A
5oy3_A	5fxx_A
5oy3_A	5fy1_A
5oy3_A	5fym_B
5oy3_A	6fuk_A
5oy3_A	6g8f_A
5oyj_C	5oyj_C
5pwd_B	5pwd_B
5pwd_B	4ptb_A
5pwd_B	5pwc_A
5pwd_B	6g5n_A
7s3l_A	7s3l_A
7s45_A	7s45_A
7s45_A	7s3w_A
7s4x_A	7s4x_A
7s5k_I	7s5k_I
7s5k_I	7s5k_C
7s5o_C	7s5o_C
7s7x_A	7s7x_A
7s7x_A	6v1r_A
7s7x_A	1sw1_A
7s7x_A	6eyh_A
7s7x_A	3ppr_A
7s7x_A	3ppr_A
7s7x_A	3r6u_A
7s7x_A	5nxy_A
7s7x_A	6eyl_A
7s7x_A	7txl_A
7s8t_J	7s8t_J
7s8t_J	5n5e_A
7scd_A	7scd_A
7sf0_A	7sf0_A
7sf0_A	7sez_A
7sf2_A	7sf2_A
7sfr_X	7sfr_X
7sgl_B	7sgl_B
7sgl_C	7sgl_C
7sgr_H	7sgr_H
7shg_A	7shg_A
7shw_B	7shw_B
7sil_A	7sil_A
7sil_A	7m3g_A
7sil_A	8tao_A
7sj2_B	7sj2_B
7sj2_B	7s6n_B
7skk_D	7skk_D
7skk_D	7ski_A
7skk_D	7sky_A
7sn8_I	7sn8_I
7sn8_K	7sn8_K
7sp5_A	7sp5_A
7sp8_A	7sp8_A
7spq_A	7spq_A
7sq6_A	7sq6_A
7sq6_A	7sq9_A
7sr2_B	7sr2_B
7sr6_F	7sr6_F
7sr6_F	7sr6_A
7sr6_F	2yng_A
7sr6_F	1c1c_A
7sr6_F	1ep4_A
7sr6_F	1fk9_A
7sr6_F	1ikx_A
7sr6_F	1jkh_A
7sr6_F	1rth_A
7sr6_F	1t05_A
7sr6_F	1vru_A
7sr6_F	2be2_A
7sr6_F	2iaj_A
7sr6_F	2ic3_A
7sr6_F	2jle_A
7sr6_F	2ykm_A
7sr6_F	3dmj_A
7sr6_F	3dol_A
7sr6_F	3v4i_A
7sr6_F	4icl_A
7sr6_F	4id5_A
7sr6_F	4ifv_A
7sr6_F	4ig3_A
7sr6_F	5hp1_A
7sr6_F	5txl_A
7sr6_F	5txm_A
7sr6_F	6ik9_A
7sr6_F	6kdj_A
7sr6_F	6kdk_A
7sr6_F	6p2g_A
7sr6_F	6wph_A
7sr6_F	6wpj_A
7sr6_F	7lrx_A
7sr6_F	7lry_A
7sr6_F	8dx3_A
7sr6_F	8dxb_A
7sr6_F	8dxh_A
7sr6_F	8dxk_A
7sr6_F	8dxl_A
7sr6_F	8dxm_A
7ssj_A	7ssj_A
7ssj_A	3ehj_A
7ssj_A	3ehj_B
7ssj_A	3gif_A
7sss_E	7sss_E
7ssy_A	7ssy_A
7ssy_A	3lnm_B
7ssy_A	8quc_A
7ssy_A	8f1d_A
7ssy_A	8qud_A
7ste_A	7ste_A
7ste_A	8dqw_A
7ste_A	7st9_A
7ste_B	7ste_B
7ste_B	7u1p_B
7ste_B	8fs3_B
7ste_B	7st9_C
7stz_C	7stz_C
7stz_C	5erd_B
7stz_C	5erp_A
7su7_D	7su7_D
7su7_D	2o90_A
7su7_D	6ojo_A
7su7_D	7su6_C
7su7_D	7su8_A
7sut_C	7sut_C
8aca_A	8aca_A
8acs_A	8acs_A
8ad2_A	8ad2_A
8adb_A	8adb_A
8adl_A	8adl_A
8adl_B	8adl_B
8adl_C	8adl_C
8adq_A	8adq_A
8adq_A	6r62_A
8adq_A	1dxe_A
8adq_A	2v5k_A
8adq_A	2vwt_A
8adq_A	4b5t_A
8adq_A	4b5v_A
8adq_A	4b5w_A
8adq_A	7et9_A
8adq_A	7etb_A
8adq_A	7etd_A
8adq_A	7etf_A
8adq_A	7eti_A
8adq_A	1izc_A
8aeh_AA1	8aeh_AA1
8aeh_AA1	8epv_A
8agb_B	8agb_B
8agb_C	8agb_C
8agb_D	8agb_D
8agb_F	8agb_F
8agb_F	8age_F
8age_A	8age_A
8age_E	8age_E
8age_G	8age_G
8ai3_B	8ai3_B
8ai3_B	8ai2_B
8aic_A	8aic_A
8ajp_A	8ajp_A
8ajq_A	8ajq_A
8akh_A	8akh_A
8akh_A	8aji_A
8amy_A	8amy_A
8anp_B	8anp_B
8anp_B	8alk_A
8anv_A	8anv_A
8aol_A	8aol_A
8ap0_AAA	8ap0_AAA
8ap7_e	8ap7_e
8ap7_q	8ap7_q
8as8_A	8as8_A
8atj_AAA	8atj_AAA
8au6_A	8au6_A
8avi_A	8avi_A
8avi_A	8avh_B
8avi_A	3lgn_A
8avi_A	2zdp_A
8avq_B	8avq_B
8avq_B	8asa_B
8avt_A	8avt_A
8aw5_A	8aw5_A
8axi_B	8axi_B
8axi_B	8axs_A
8axp_A	8axp_A
8axp_A	4djj_A
8axp_A	4dhw_A
8axp_A	5y9a_A
8axp_A	4jwk_A
8axp_A	4jx9_A
8axp_A	6ix6_A
8ayn_A	8ayn_A
8ayn_I	8ayn_I
8ayr_A	8ayr_A
8ayr_A	5k9h_A
1c4k_A	1c4k_A
1c4k_A	2vyc_A
1c4k_A	3n75_A
1c4u_A	1c4u_A
1c4u_A	1ny2_A
1c4u_A	1c4v_A
1c4u_C	1c4u_C
1c4v_C	1c4v_C
1c7d_A	1c7d_A
1c7d_A	1abw_A
1c7k_A	1c7k_A
1c7k_A	4hx3_A
1c7s_A	1c7s_A
1c7s_A	1c7s_A
1c7z_A	1c7z_A
1c7z_A	1c80_A
1c7z_A	1c80_B
1c7z_A	1c80_A
1c7z_A	1c81_A
1c7z_A	1tip_A
1c7z_A	1tip_B
1c7z_A	3gp3_C
1c7z_A	3gp5_A
1c7z_A	2h4z_A
1c7z_A	2f90_A
1c7z_A	7thi_A
1c7z_A	1qhf_A
1c7z_A	1bq3_A
1c7z_A	1bq4_A
1c7z_A	1qhf_B
1c7z_A	1qhf_A
1c7z_A	5pgm_E
1c7z_A	5y2u_B
1c7z_A	5y2i_B
1c7z_A	4gpi_C
1c7z_A	1yjx_D
1c8y_A	1c8y_A
1c8y_A	6ve1_C
1c9k_B	1c9k_B
1c9k_B	1c9k_B
1c9k_B	1c9k_C
1c9o_A	1c9o_A
1c9o_A	2es2_A
1cb7_A	1cb7_A
1cb7_A	1cb7_C
1cb7_A	1cb7_A
1cb7_A	1ccw_A
1cb7_A	1ccw_C
1cb7_A	1ccw_A
1cb7_A	1i9c_A
1cb7_B	1cb7_B
1cb7_B	1cb7_D
1cb7_B	1cb7_B
1cb7_B	1ccw_B
1cb7_B	1ccw_D
1cb7_B	1ccw_B
1cb7_B	1i9c_B
1cb7_B	1i9c_B
1cb7_B	6h9e_B
1cb7_B	6h9f_B
3avy_A	3avy_A
3avy_A	3avt_A
3awo_A	3awo_A
3awo_A	3anv_A
3awo_A	3wqc_B
3awo_A	4v15_A
3awo_A	6qkb_A
3awo_A	7yqa_B
3ax1_A	3ax1_A
3ayv_D	3ayv_D
3b08_K	3b08_K
3b2e_C	3b2e_C
3b42_B	3b42_B
3b55_A	3b55_A
3b6c_A	3b6c_A
3b6c_A	3b6a_A
3b6c_A	3b6c_B
3b6c_A	5ojx_A
3b6c_A	5ojy_A
3b6c_A	2y30_A
3b6c_A	2y30_B
3b6c_A	2y30_A
3b6c_A	4d7m_A
3b6c_A	2trt_A
3b6c_A	2vpr_A
3b6c_A	4ac0_A
3b6c_A	6yr2_AAA
3b6z_A	3b6z_A
3b6z_A	3b70_A
3b89_A	3b89_A
3b89_A	3fri_A
3b89_A	3lcu_A
3b89_A	3lcu_A
3b89_A	3lcv_B
3cu1_A	3cu1_A
3cuz_A	3cuz_A
3cuz_A	3cv1_A
3cuz_A	3cv2_A
3cuz_A	3cv2_B
3cvj_A	3cvj_A
3cvz_A	3cvz_A
3cwq_A	3cwq_A
3cwq_A	3cwq_A
3cxl_A	3cxl_A
3cyq_D	3cyq_D
3czx_A	3czx_A
3d00_A	3d00_A
3d03_A	3d03_A
3d03_A	2dxn_A
3d03_A	2zo9_B
3d19_A	3d19_A
3d19_A	3dby_C
3d1c_A	3d1c_A
3d2e_A	3d2e_A
3d2e_A	7odd_A
3d2e_A	4b9q_A
3d2n_A	3d2n_A
3d2p_A	3d2p_A
3d2p_A	2r8v_A
3d2p_A	3b8g_A
3d2p_A	3d2m_A
3d2p_A	3d2m_A
3d3x_B	3d3x_B
3d40_A	3d40_A
3d40_A	3qvf_A
3d40_A	3d41_A
3d40_A	3quo_A
3d45_A	3d45_A
3d45_A	3d45_A
3d48_P	3d48_P
3d48_P	1bp3_A
3d48_R	3d48_R
3d48_R	1bp3_B
3d4b_A	3d4b_A
3d4b_A	1ici_A
3d4b_A	1m2k_A
3d4b_A	4twi_A
3d4b_A	1ici_B
3d4b_A	1m2g_A
3d4b_A	1m2h_A
3d4b_A	1m2j_A
3d4b_A	1m2k_A
3d4b_A	1yc2_A
3d4b_A	1yc2_A
3d4b_A	6eo0_B
3d4b_A	5bwl_A
3d4b_A	6ace_A
3d4b_A	2b4y_C
3d4b_A	2nyr_A
3d4b_A	2nyr_B
3d4b_A	2nyr_A
3d4b_A	3riy_A
3d4b_A	4g1c_A
3d4b_A	4hda_B
3d4b_A	4uua_A
3d4b_A	5bwl_A
3d4b_A	5xhs_A
3d4b_A	6eqs_D
3d4b_A	6ljk_A
3d4b_A	3jwp_A
3d4b_A	8ak9_A
3d4b_A	6hoy_A
3d4b_A	6qcd_A
3d4b_A	6zu4_B
3d4b_A	8ak5_A
3d4b_A	8ak6_A
3d4b_A	8ak8_A
3d4b_A	8aka_A
3d4b_A	8akb_A
3d4b_A	8akc_A
3d4b_A	8akd_A
3d4b_A	8akf_A
3d4b_A	8akg_A
3d4b_A	3zg6_A
3d4b_A	3zg6_A
3d4b_A	5y2f_A
3d68_A	3d68_A
3d6y_A	3d6y_A
3d73_B	3d73_B
3d73_B	3cz0_A
3d73_B	3cab_A
3d73_B	3bfa_A
3d73_B	3d73_A
3d89_A	3d89_A
3d8f_A	3d8f_A
3d8n_A	3d8n_A
3d8p_A	3d8p_A
3kif_B	3kif_B
3kif_B	3kif_A
3kih_B	3kih_B
3kiv_A	3kiv_A
3kiv_A	1ceb_A
3kiv_A	1ceb_A
3kiv_A	6dcm_A
3kkf_A	3kkf_A
3kkj_A	3kkj_A
3kkj_A	3kkj_A
3kkj_A	4zcc_D
3kkj_A	4zcd_A
3kkj_A	5krq_A
3kkz_A	3kkz_A
3kkz_A	3t0i_A
3kkz_A	3f4k_A
3kkz_A	3kkz_A
3kkz_A	3sxj_A
3kkz_A	3t0i_A
3kkz_A	3t7t_A
3kl0_A	3kl0_A
3kl0_A	3kl3_B
3kl0_A	4uqc_A
3kl0_A	5a6m_A
3kl7_A	3kl7_A
3kl7_A	3x30_A
3kl7_A	7e3w_B
3klc_B	3klc_B
3klc_B	3klc_A
3klc_B	7ovg_A
3klc_B	1uf8_A
3klc_B	1uf5_A
3klc_B	5h8l_C
3klc_B	5h8j_C
3klc_B	5ny2_A
3klc_B	4izu_A
3klc_B	4izs_A
3klc_B	4izv_A
3klc_B	5ny7_A
3klc_B	5nyc_A
3klj_A	3klj_A
3klj_A	3klj_A
3klo_A	3klo_A
3km5_A	3km5_A
3kme_A	3kme_A
3kme_A	2oi0_A
3kmt_A	3kmt_A
3kmt_A	3kmt_A
3kmv_E	3kmv_E
3kn1_A	3kn1_A
3kn3_B	3kn3_B
3kn3_B	3cvg_A
3kol_A	3kol_A
3kp0_A	3kp0_A
3kp0_B	3kp0_B
3kp0_B	3kow_B
3kp5_A	3kp5_A
3kp5_A	3kp2_A
3kp5_A	3kp4_B
3kp5_A	3kp4_A
3kp5_A	3kp5_B
3kp5_A	4ejw_B
3kpb_B	3kpb_B
3kpb_B	3kpb_A
3kpb_B	3kpc_A
3kpb_B	5ks7_A
3kpb_B	5ks7_B
3kpb_B	5ks7_A
3kpe_A	3kpe_A
3kpe_B	3kpe_B
3kpt_B	3kpt_B
3krg_A	3krg_A
3krg_A	2nzm_A
4ktz_A	4ktz_A
4ku0_D	4ku0_D
4kub_A	4kub_A
4kub_A	3pgp_A
4kub_A	3pgp_A
4kub_A	4kot_A
4kub_A	4kox_A
4kub_A	4koy_A
4kub_A	4oad_A
4kug_A	4kug_A
4kug_A	1f12_A
4kug_A	1f0y_A
4kug_A	1f0y_B
4kug_A	1f12_B
4kug_A	1il0_A
4kug_A	1il0_B
4kug_A	2hdh_A
4kug_A	2hdh_B
4kug_A	3had_A
4kug_A	3hdh_B
4kug_A	4pzd_A
4kug_A	4dyd_A
4kug_A	4dyd_A
4kug_A	4om8_A
4kuj_B	4kuj_B
4kvl_A	4kvl_A
4kvl_A	4kvj_A
4kvl_A	4hhr_A
4kvm_B	4kvm_B
4kvm_B	4kvm_E
4kvm_B	4kvx_A
4kvm_B	4kvx_B
4kvm_B	5c88_A
4kvm_B	4lx9_A
4kvm_B	4r3k_A
4kvm_B	5c88_A
4kvm_B	5k18_B
4kvm_B	6zmp_A
4kvz_A	4kvz_A
4kvz_A	5dm0_B
4kx6_D	4kx6_D
4kx6_D	1kf6_D
4kxc_A	4kxc_A
4kxc_A	4kxa_A
4kxc_A	2yd0_A
4kxc_A	3q7j_A
4kxc_A	4fyr_A
4kxc_A	4fkh_A
4kxc_A	4fkk_A
4kxc_A	6buy_A
4kxc_A	6bv0_A
4kxc_A	6bv1_A
4kxc_A	6bv2_A
4kxc_A	6bv3_A
4kxc_A	6bv4_A
4kxc_A	7pfs_A
4kxc_A	5ab0_A
4kxc_A	6ea4_A
4kxc_A	4jbs_A
4kyr_A	4kyr_A
4kzn_A	4kzn_A
4kzn_A	3qtk_F
4l0j_A	4l0j_A
4l36_A	4l36_A
4l36_A	4l36_A
4l36_A	5d3u_A
4l36_A	4aw3_B
4l36_A	8u2m_B
4l36_A	8u3n_A
4l36_A	8u2m_B
4l36_A	8u3n_B
4l36_A	3r9c_A
4l36_A	1egy_A
4l36_A	1eup_A
4l36_A	1jin_A
4l36_A	1jio_A
4l36_A	1jip_A
4l36_A	2whf_A
4l36_A	2xbk_A
4l36_A	2z3u_A
4l36_A	2zbz_A
4l36_A	3a51_A
4l36_A	8fib_A
4l36_A	4b7d_A
4l36_A	3zkp_A
4l36_A	4tuv_A
4l36_A	1f4t_A
4l36_A	4ubs_A
4l36_A	4xe3_A
4l36_A	4wq0_A
4l36_A	5it1_B
4l36_A	3aba_A
4l36_A	5it1_A
4l36_A	8hge_B
4l36_A	7ant_B
4l36_A	7ao7_E
4l36_A	8b2p_B
4l36_A	2d09_A
4l36_A	1pkf_A
4l36_A	2dkk_A
4l36_A	4ep6_A
4l36_A	4j6b_A
4l36_A	8c9i_A
4l36_A	3p3z_A
4l36_A	3wec_A
4l36_A	3wec_A
4l36_A	4fmx_A
4l36_A	5ex8_A
4l36_A	5y5f_A
4l36_A	1ged_A
4l36_A	1gei_A
4l36_A	1xqd_A
4l36_A	1xqd_A
4l36_A	6dcd_A
4l36_A	6g5q_B
4l36_A	6g71_A
4l36_A	6ro8_A
4l36_A	7nqm_A
4l36_A	1n4g_A
4l36_A	2ij7_A
4l36_A	4ict_A
4l36_A	8abo_A
4l36_A	7pq1_A
4l36_A	3nc5_A
4l36_A	8g36_A
4l36_A	4egn_A
4l36_A	7qjl_A
4l36_A	7p5t_A
4l36_A	7qq7_A
4l36_A	6f8a_A
4l36_A	5liv_A
4l36_A	6f88_A
4l36_A	4kky_X
4l36_A	4jx1_F
4l36_A	2h7s_A
4l36_A	1akd_A
4l36_A	1dz6_A
4l36_A	1dz8_A
4l36_A	1dz9_A
4l36_A	1geb_A
4l36_A	1gjm_A
4l36_A	1iwi_A
4l36_A	1iwj_A
4l36_A	1j51_A
4l36_A	1lwl_A
4l36_A	1mpw_A
4l36_A	1noo_A
4l36_A	1o76_A
4l36_A	1phb_A
4l36_A	1phe_A
4l36_A	1phf_A
4l36_A	1phg_A
4l36_A	1qmq_A
4l36_A	2cp4_A
4l36_A	2h7r_A
4l36_A	3cp4_A
4l36_A	3cpp_A
4l36_A	3p6p_A
4l36_A	4cp4_A
4l36_A	4cpp_A
4l36_A	4jws_B
4l36_A	4jwu_A
4l36_A	4jx1_A
4l36_A	5cp4_A
4l36_A	6cp4_A
4l36_A	7cpp_A
4l36_A	8cpp_A
4l36_A	3nv6_A
4l36_A	3oft_A
4l36_A	3ofu_A
4l36_A	3ofu_A
4l36_A	4c9p_A
4l36_A	5ncb_A
4l36_A	5omr_A
4l36_A	5oms_A
4l36_A	5omu_A
4l36_A	6yct_A
4l36_A	7aba_A
4l36_A	7zic_A
4l36_A	2x5w_A
4l36_A	7qwn_A
4l36_A	7zgl_A
4l36_A	2wm4_A
4l3k_A	4l3k_A
4l63_A	4l63_A
4l7v_A	4l7v_A
4l7v_A	3lbf_A
4l7v_A	4o29_A
4l7v_A	1jg1_A
4l7v_A	1jg2_A
4l7v_A	1jg2_A
4l7v_A	1jg3_A
4l7v_A	1jg4_A
4l7v_A	1jg4_A
4l87_A	4l87_A
4l87_A	2dq0_A
4l87_A	3lss_B
4l8h_B	4l8h_B
4l8w_G	4l8w_G
4l8w_G	4l8f_B
5n2q_A	5n2q_A
5n2q_A	4lvl_A
5n5p_B	5n5p_B
5n6n_C	5n6n_C
5n6x_B	5n6x_B
5n7l_A	5n7l_A
5n8p_A	5n8p_A
5na6_A	5na6_A
5na6_A	5yfd_A
5na6_A	5e33_A
5na6_A	5e2q_A
5nci_B	5nci_B
5nci_B	5nci_A
5nci_B	5nch_B
5nci_B	5ncj_A
5nci_B	7dzz_B
5nci_B	7e09_A
5nci_B	8h81_A
5nci_B	3obz_A
5nci_B	4q5o_A
5ndk_C8	5ndk_C8
5nf3_A	5nf3_A
5nfj_A	5nfj_A
5nfj_A	4jwf_A
5nfj_A	4jwj_A
5nfj_A	4jwj_A
5nfl_A	5nfl_A
5nfl_A	5nfm_A
5ngl_B	5ngl_B
5ngl_B	2xwe_B
5ngl_B	2xwe_A
5ngl_B	6ytr_AAA
5nh2_A	5nh2_A
5nh2_A	2jk8_A
5nh4_A	5nh4_A
5nh4_A	5nh5_A
5nh4_A	5nh6_A
5nh4_A	5nh7_A
5nh4_A	5nha_A
5nh4_A	5nhc_A
5nh4_A	5yn3_A
5nhk_B	5nhk_B
5nhk_B	6h1c_B
5njb_A	5njb_A
5njb_A	5nj5_A
5nkk_F	5nkk_F
5nkk_F	5nkk_D
5nl9_A	5nl9_A
5nm7_G	5nm7_G
5nmr_A	5nmr_A
5nnt_A	5nnt_A
5nnt_A	5nnm_A
5nnw_D	5nnw_D
5nnw_D	5no9_B
5nnw_D	3st1_A
5npl_A	5npl_A
5nqz_A	5nqz_A
5nv1_A	5nv1_A
5nv1_A	2xmf_A
5nv9_A	5nv9_A
5nyn_A	5nyn_A
5nyw_J	5nyw_J
5nz8_B	5nz8_B
6r3u_A	6r3u_A
6r43_A	6r43_A
6r46_A	6r46_A
6r46_A	6r48_B
6r4n_C	6r4n_C
6r4v_C	6r4v_C
6r4v_C	2dh4_B
6r4v_C	2e8u_B
6r4v_C	2dh4_A
6r4v_C	2e8t_A
6r4v_C	2e8w_A
6r4v_C	2e8x_B
6r4v_C	2e90_B
6r4v_C	2e91_A
6r4v_C	2e92_A
6r4v_C	2e93_B
6r4v_C	2e95_A
6r4v_C	2z4v_A
6r4v_C	2z7h_A
6r4v_C	2z7h_A
6r4v_C	5ero_C
6r4v_C	5ero_A
6r4v_C	6kd7_A
6r4z_A	6r4z_A
6r5q_g	6r5q_g
6r5q_g	8pv1_Lg
6r5y_C	6r5y_C
6r6m_B	6r6m_B
6r6n_A	6r6n_A
6r6u_A	6r6u_A
6r77_A	6r77_A
6r77_A	4j9x_A
6r77_A	4k7g_D
6r77_A	4q2h_A
6r77_A	4lb0_B
6r77_A	6j7c_A
6r77_A	1w62_A
6r77_A	6hjg_B
6r7u_B	6r7u_B
6r9n_A	6r9n_A
6r9n_A	6qwo_B
6ras_I	6ras_I
6rd4_M	6rd4_M
6req_B	6req_B
6req_B	1req_D
6req_B	5req_D
6req_B	7req_D
6rfl_A	6rfl_A
6rfl_A	8wat_o
6rfl_A	4c3i_A
6rfl_A	6xlj_D
6rfl_A	7vba_A
6rfl_A	8q3b_A
6rfl_I	6rfl_I
6rgr_A	6rgr_A
6rgr_A	5c9p_A
6rgr_A	5c9l_A
6rgr_A	7b7c_A
6rgr_A	5mxf_A
6rgr_A	5mxh_A
6rgr_A	6rgj_A
6rgr_A	6rgu_A
6rgs_B	6rgs_B
6rgs_B	3nz4_A
6rgs_B	3nz4_B
6ric_J	6ric_J
6rim_F	6rim_F
6rky_A	6rky_A
6rky_A	6rb0_A
6rmd_D	6rmd_D
6rmd_D	8jb3_A
6rmr_A	6rmr_A
6rmr_A	1nt4_A
6rmr_A	7z2s_A
6rmr_A	1dko_A
6rmr_A	1dkl_A
6rmr_A	1dkp_A
6rmr_A	1dkq_A
6rmr_A	4tsr_A
6rmr_A	7z2t_A
6rmr_A	4arv_A
6rn5_A	6rn5_A
6rp4_D	6rp4_D
6rrp_A	6rrp_A
6rrp_A	6eyv_A
6rtg_A	6rtg_A
6rtg_A	3srz_A
6rtg_A	5uql_A
6rtg_A	7lou_A
6rtg_A	2bvl_A
6rtg_A	7so5_A
6rtg_A	2bvl_A
6rtg_A	2vkd_A
6rtg_A	2vkd_A
6rtg_A	2vkh_A
6rtg_A	2vl8_A
6rtg_A	5uqt_A
6rtg_A	6oq7_A
6rtg_A	7lov_A
6rtw_A	6rtw_A
6rui_Q	6rui_Q
6rus_A	6rus_A
6rus_B	6rus_B
6rv8_B	6rv8_B
6rv8_B	6rv8_A
6rw4_L	6rw4_L
6rw4_O	6rw4_O
6ry0_A	6ry0_A
6ry0_A	6ry1_A
6ry0_A	6ry5_A
6ry0_A	6ry6_A
6ry0_A	6ry7_A
6ryk_A	6ryk_A
6ryo_A	6ryo_A
6s04_B	6s04_B
6s04_B	6s0e_A
6s04_B	6s00_B
6s04_B	6s0f_A
6s08_B	6s08_B
6s0v_B	6s0v_B
6s0v_B	6s0s_B
6s0v_B	6s0w_F
6s2j_A	6s2j_A
6s2j_A	4j91_B
6s2j_A	6s5c_A
6s2p_N	6s2p_N
6s2z_A	6s2z_A
6s2z_A	2dre_C
6s38_A	6s38_A
6s38_A	6s18_A
6s3a_A	6s3a_A
6s3a_A	5grb_B
6s48_A	6s48_A
6s4c_A	6s4c_A
6s6d_C	6s6d_C
6s6d_C	3r7w_B
6s6d_C	3r7w_B
6s6d_C	3r7w_C
6s6d_C	6s6d_B
6s6d_C	6s6d_A
6s84_E	6s84_E
6s84_E	6n9a_E
6s84_E	6s84_B
6sag_A	6sag_A
6san_A	6san_A
6scp_A	6scp_A
6sda_B	6sda_B
6sda_B	4y9j_B
6sda_B	4y9l_A
6sda_B	4y9l_B
6zu2_AAA	6zu2_AAA
6zu2_AAA	6zrw_D
6zu5_LH0	6zu5_LH0
6zu5_LH0	4v88_DH
6zu5_LH0	4u4q_l9
6zuq_A	6zuq_A
6zwf_A	6zwf_A
6zwo_F	6zwo_F
6zxa_A	6zxa_A
6zxb_A	6zxb_A
6zxe_y	6zxe_y
6zxg_z	6zxg_z
6zxu_A	6zxu_A
6zzj_A	6zzj_A
6zzj_A	6zzk_B
6zzj_A	1eaf_A
6zzj_A	2ii5_A
6zzx_M	6zzx_M
7a0k_B	7a0k_B
7a1f_L	7a1f_L
7a1f_L	5q22_A
7a1f_L	5nzx_A
7a1f_L	5nzy_A
7a1f_L	5q1j_A
7a1f_L	5q1k_A
7a1f_L	5q1m_A
7a1f_L	5q1n_A
7a1f_L	5q1o_A
7a1f_L	5q1p_A
7a1f_L	5q1q_A
7a1f_L	5q1r_A
7a1f_L	5q1t_A
7a1f_L	5q1v_A
7a1f_L	5q1w_A
7a1f_L	5q1x_A
7a1f_L	5q1y_A
7a1f_L	5q1z_A
7a1f_L	5q20_A
7a1f_L	5q23_A
7a1f_L	5q25_A
7a1f_L	5q26_A
7a1f_L	5q27_A
7a1f_L	5q28_A
7a1f_L	5q29_A
7a1f_L	8cg9_A
7a1f_L	7apv_A
7a1f_L	7sgl_D
7a1r_A	7a1r_A
7a26_CCC	7a26_CCC
7a5o_A	7a5o_A
7a62_C	7a62_C
7a62_C	7nge_D
7a62_C	2d0t_B
7a62_C	4u72_A
7a62_C	5ek3_B
7a62_C	5wmv_A
7a62_C	6e40_D
7a62_C	6f0a_A
7a62_C	7nge_A
7a62_C	7z2l_B
7a73_A	7a73_A
7a7b_C	7a7b_C
7a7b_C	7a76_A
7ac8_B	7ac8_B
7ad7_B	7ad7_B
7ad7_B	3hs0_F
7ad7_B	2wii_A
7ad7_B	5fob_A
7ads_A	7ads_A
7ae1_P	7ae1_P
7ae5_c	7ae5_c
7ae9_A	7ae9_A
7ae9_A	7ae6_A
7ae9_G	7ae9_G
7aer_A	7aer_A
7aer_A	7bxo_E
7ag4_C	7ag4_C
7agm_A	7agm_A
7agv_A	7agv_A
7agv_A	7agv_F
7ah8_C	7ah8_C
7ah8_D	7ah8_D
7ak9_B	7ak9_B
7ak9_B	7zg5_A
7ak9_B	5fvj_A
7aky_A	7aky_A
7aky_A	6jo0_A
7alc_I	7alc_I
7alj_A	7alj_A
7alj_A	1dx5_I
7alj_A	4d90_A
7alj_A	5fm9_A
7amk_A	7amk_A
7oms_AAA	7oms_AAA
7oms_AAA	4uzs_A
7oms_AAA	4oif_A
7oms_AAA	6lvw_A
7oms_AAA	8ibs_A
7oms_AAA	8ibt_A
7omu_AAA	7omu_AAA
7omy_AAA	7omy_AAA
7omy_AAA	7omw_AAA
7omy_AAA	7omz_AAA
7onj_A	7onj_A
7onu_E	7onu_E
7onu_E	4g23_A
7onu_E	4g24_A
7onu_E	4g26_A
7onu_E	6bv5_A
7ook_A	7ook_A
7oon_B	7oon_B
7op6_B	7op6_B
7op6_B	7op7_B
7op6_B	4uoj_A
7op6_B	6ddt_A
7op6_B	2vzs_A
7oqx_A	7oqx_A
7oqy_Y	7oqy_Y
7os3_AAA	7os3_AAA
7osa_eL30	7osa_eL30
7osa_eL30	1nmu_B
7ose_A	7ose_A
7ouf_B	7ouf_B
7oui_a	7oui_a
7oui_o	7oui_o
7ovs_A	7ovs_A
7ovs_A	6fv5_B
7ovu_A	7ovu_A
7oxd_A	7oxd_A
7oxy_A	7oxy_A
7oxy_A	5lrt_A
7oxy_A	7oyf_A
7oxy_A	7oyh_A
7oxy_A	4bjr_A
7oz8_AAA	7oz8_AAA
7oz8_AAA	2vqr_A
7oz8_AAA	2w8s_B
7oz8_AAA	4uph_A
7oz8_AAA	3b5q_B
7oz8_AAA	5g2t_A
7oz8_AAA	5g2t_B
7oz8_AAA	4upl_A
7oz8_AAA	6pt9_B
7oz8_AAA	6pt4_B
7oz8_AAA	6pt6_A
7oz8_AAA	7pth_A
7oz8_AAA	6g5z_A
7oz8_AAA	7ptj_A
7oz8_AAA	1e2s_P
7oz8_AAA	1auk_A
7oz8_AAA	4cyr_A
7oz8_AAA	4cys_A
7oz8_AAA	6s20_C
7oz8_AAA	7anb_AAA
7oz8_AAA	7oqd_AAA
7oz8_AAA	7an1_AAA
7oz8_AAA	7oze_AAA
7oz8_AAA	7p26_AAA
7oz8_AAA	8eg3_A
7oz8_AAA	4mhx_B
7oz8_AAA	4miv_A
7oz8_AAA	7lj2_A
7oz8_AAA	5g2v_A
7oz8_AAA	7ebp_A
7oz8_AAA	7p24_AAA
7oz8_AAA	6b0j_C
7oz8_AAA	6b0j_A
7oz8_AAA	6hr5_A
7oz8_AAA	1fsu_A
7oz8_AAA	6psm_C
7oz8_AAA	7all_AAA
7oz8_AAA	7oz9_BBB
7oz8_AAA	7oza_CCC
7p04_A	7p04_A
7p0h_A	7p0h_A
7p1f_A	7p1f_A
7p1f_A	4m4v_A
7p1f_A	2xzk_A
7p1f_A	5tsp_A
7p1f_A	2vk6_A
7p1f_A	3h72_B
7p1f_A	2ya7_C
7p1f_A	2ya8_A
7p1f_A	3h72_A
7p1f_A	7a5x_A
7p1f_A	4x6k_A
7p1n_A	7p1n_A
7p1n_aa	7p1n_aa
7p1y_AAA	7p1y_AAA
7p32_AAA	7p32_AAA
7p37_A	7p37_A
7p4l_B	7p4l_B
7p56_A	7p56_A
7p56_A	8b3b_G
7p59_A	7p59_A
7p59_A	8ok6_A
1at3_B	1at3_B
1at3_B	1at3_A
1at3_B	4v08_B
1atp_B	1atp_B
1atp_B	1cdk_B
1atp_B	1jbp_B
1atp_B	1l3r_B
1atp_B	1q24_B
1atp_B	1stc_B
1atp_B	1svh_B
1atp_B	1yds_B
1atp_B	2f7z_B
1atp_B	2jdt_B
1atp_B	2uzv_A
1atp_B	3dnd_B
1atp_B	3ow3_B
1au1_B	1au1_B
1au1_B	1au1_A
1axk_B	1axk_B
1ayo_B	1ayo_B
1b0b_A	1b0b_A
1b0b_A	8oup_B
1b0b_A	2fal_A
1b0b_A	1dm1_A
1b0b_A	2fam_A
1b0b_A	5mba_A
1b0b_A	3pt7_B
1b0n_A	1b0n_A
1b0n_B	1b0n_B
1b0p_A	1b0p_A
1b0p_A	1kek_A
1b0p_A	2c3o_A
1b11_A	1b11_A
1b11_A	4fiv_A
1b11_A	4fiv_A
1b33_N	1b33_N
1b42_A	1b42_A
1b42_A	1bky_A
1b42_A	1eam_A
1b42_A	1eqa_A
1b42_A	1eqa_A
1b42_A	1jte_A
1b42_A	1jtf_A
1b42_A	1p39_A
1b42_A	1p39_A
1b42_A	1v39_A
1b42_A	1vp3_A
1b42_A	1vp9_A
1b42_A	1vpt_A
1b42_A	1vpt_A
1b42_A	2vp3_A
1b42_A	3mag_A
1b42_A	3mct_A
1b42_A	4dcg_A
1b42_A	8b07_B
1b42_A	8oiv_A
1b42_A	8oiv_B
1i1h_A	1i1h_A
1i2a_A	1i2a_A
1i2a_A	4reo_A
1i2a_A	3u4m_A
1i2a_A	8p2k_Bv
1i36_A	1i36_A
1i36_A	1i36_A
1i3j_A	1i3j_A
1i4d_B	1i4d_B
1i4d_B	1i4d_A
1i4f_C	1i4f_C
1i52_A	1i52_A
1i52_A	1h3m_A
1i52_A	1h3m_B
1i52_A	1h3m_B
1i52_A	1ini_A
1i52_A	1ini_A
1i52_A	2xwn_B
1i52_A	2xwm_B
1i52_A	3q80_A
1i52_A	2yc5_A
1i52_A	4nai_A
1i52_A	1w77_A
1i52_A	4nak_A
1i52_A	4nak_A
1i52_A	4nal_A
1i52_A	5hs2_A
1i52_A	5ddt_B
1i52_A	2yc3_A
1i52_A	2yc3_A
1i52_A	6xhs_E
1i58_A	1i58_A
1i58_A	1i58_B
1i58_A	1i59_A
1i58_A	1i59_B
1i58_A	1i59_A
1i58_A	1i5a_A
1i58_A	1i5a_B
1i58_A	1i5a_A
1i58_A	1i5b_A
1i58_A	1i5b_B
1i58_A	1i5c_A
1i58_A	1i5c_B
1i58_A	1i5d_A
1i5e_A	1i5e_A
1i5e_A	1jlr_A
1i5e_A	1bd4_A
1i5e_A	1jls_A
1i5e_A	1jls_B
1i5e_A	1jls_C
1i5e_A	1jls_D
1i5e_A	1jls_B
1i5e_A	1upf_A
1i5e_A	1upu_B
1i5e_A	1upu_A
1i5e_A	1xtu_A
1i5e_A	3g6w_A
1i5e_A	3g6w_B
1i5e_A	3g6w_C
1i5e_A	3g6w_D
1i5e_A	3g6w_A
1i5e_A	3g6w_D
1i5e_A	6wn8_F
1i5e_A	6wn8_E
1i5e_A	7rh8_A
1i72_B	1i72_B
1i72_B	1i72_B
1i72_B	1i79_B
1i72_B	1i79_B
1i72_B	1i7b_B
1i72_B	1i7b_B
1i72_B	1i7c_B
1i72_B	1i7c_B
1i72_B	1i7m_B
1i72_B	1i7m_D
1i72_B	1i7m_B
1i72_B	3dz2_B
1i72_B	3dz4_B
1i72_B	3dz5_B
1i72_B	3dz6_B
1i72_B	3dz7_B
1i72_B	3h0v_B
1i72_B	3h0v_B
1i72_B	3h0w_B
1i7a_B	1i7a_B
1i7a_D	1i7a_D
1i7a_D	1i7a_A
2pkp_A	2pkp_A
2pli_A	2pli_A
2ply_B	2ply_B
2pms_C	2pms_C
2pmv_A	2pmv_A
2pmv_A	4kkj_A
2pmv_A	4zrp_A
2pmv_A	7qbf_A
2pmv_A	2bb6_A
2pnq_A	2pnq_A
2pnq_A	6v0t_A
2pom_A	2pom_A
2pqj_A	2pqj_A
2pqj_A	4fbc_A
2pqj_A	4fba_A
2pqj_A	1d6a_A
2pqj_A	1pag_A
2pqj_A	1pag_B
2pqj_A	1pag_A
2pqj_A	1qci_A
2pqj_A	1qcj_A
2pqj_A	1lpc_A
2pqj_A	1lpc_A
2pqj_A	1rzo_C
2pqj_A	1rtc_A
2pqj_A	4q2v_A
2pqj_A	1br6_A
2pqj_A	1br6_A
2pqj_A	1ifs_A
2pqj_A	1ifu_A
2pqj_A	1ifu_A
2pqj_A	1il3_A
2pqj_A	1il4_A
2pqj_A	1j1m_A
2pqj_A	1obt_A
2pqj_A	2pjo_A
2pqj_A	2r2x_A
2pqj_A	4mx1_A
2pqj_A	4q2v_A
2pqj_A	6urw_A
2pqj_A	6urx_A
2pqj_A	7kd0_A
2pqj_A	1yf8_A
2pqj_A	3d7w_A
2pqj_A	1m2t_A
2pqj_A	1onk_A
2pqj_A	2r9k_A
2pqj_A	2r9k_A
2pqj_A	4jkx_A
2pqj_A	3bwh_A
2pqj_A	1gis_A
2pqj_A	1ahb_A
2pqj_A	1gis_A
2pqj_A	1giu_A
2pqj_A	1mrh_A
2pqj_A	1mrj_A
2pqj_A	1mrj_A
2pqj_A	1mrk_A
2pqj_A	1nli_A
2pqj_A	1tcs_A
2pqj_A	3my6_A
2pqj_A	3n1d_A
2pqj_A	3n31_A
2pqj_A	3n5d_A
2pqj_A	3nfm_A
2pqj_A	3q4p_A
2pqj_A	3qji_A
2pqj_A	3u6t_A
2pqj_A	3u8f_A
2pqj_A	4fxa_A
2pqj_A	4fz9_A
2pqj_A	4guw_A
2pqj_A	4h0z_A
2pqj_A	4jtp_A
2pqj_A	4k2z_A
2pqj_A	4kpv_A
2pqj_A	4lt4_A
2pqj_A	4lwx_A
2pqj_A	4m5a_A
2pqj_A	4o0o_A
2pqj_A	4o4q_A
2pqj_A	4o8e_A
2pqj_A	4q9f_A
2pqj_A	4yp2_B
2pqj_A	4zt8_A
2pqj_A	4zu0_A
2pqj_A	4zz6_A
2pqj_A	5cix_A
2pqj_A	5cso_A
2pqj_A	5cst_A
2pqj_A	5ilw_A
2pqj_A	5wv1_A
2pqj_A	6loq_A
2pqj_A	6lor_A
2pqj_A	6lov_A
2pqj_A	6loy_A
2pqj_A	3hiv_A
2pqj_A	3hit_A
2pr7_A	2pr7_A
2prn_A	2prn_A
2prn_A	1bh3_A
2prn_A	2por_A
2prn_A	2por_A
2prn_A	3por_A
2ps9_B	2ps9_B
2ps9_B	2xy4_A
2ps9_B	2o1e_A
2ps9_B	1pq4_B
2ps9_B	3mfq_A
2ps9_B	6r5s_A
2ps9_B	6ru4_A
2ps9_B	4uto_A
2ps9_B	1psz_A
2ps9_B	7me2_A
2ps9_B	5w56_A
2ps9_B	5w57_A
2psw_A	2psw_A
2psw_A	2ob0_C
2psw_A	6z00_A
2psw_A	4xnh_C
2psw_A	4xnh_C
2psw_A	6tgx_A
2psw_A	6th0_A
2psw_A	5icv_A
2psw_A	5hgz_A
2psw_A	5hh0_A
2ptf_A	2ptf_A
2ptf_A	2ptf_B
2ptf_A	2ptf_A
2ptm_A	2ptm_A
2ptm_A	3u10_A
2ptm_A	1q3e_A
2ptm_A	1q43_A
2ptm_A	1q5o_A
2ptm_A	3u0z_A
2ptm_A	4hbn_A
2ptm_A	5khg_A
2ptm_A	4d7s_A
2ptx_A	2ptx_A
2ptx_A	2akz_A
2ptx_A	3ujs_B
2ptx_A	7mbh_B
2ptx_A	3qtp_B
2ptx_A	1els_A
2ptx_A	1l8p_A
2ptx_A	1l8p_B
2ptx_A	1nel_A
2ptx_A	4enl_A
2ptx_A	5enl_A
2ptx_A	5enl_A
2ptx_A	6enl_A
2ptx_A	6enl_A
2ptx_A	7enl_A
2ptx_A	4z17_B
2ptx_A	6bfy_A
2ptx_A	3h8a_B
2ptx_A	6bfz_E
2pui_A	2pui_A
2pui_A	2pul_A
2pui_A	2pyw_B
2pui_A	2pyw_A
2pum_A	2pum_A
2pum_A	3fnl_A
2pum_A	3r55_A
2puo_A	2puo_A
2puo_A	7c3f_D
2pv7_B	2pv7_B
2pv7_B	2pv7_B
2pvz_A	2pvz_A
2pvz_A	2pw0_A
2pvz_A	5k87_A
2pw6_A	2pw6_A
2pxx_A	2pxx_A
3rk2_G	3rk2_G
3rku_B	3rku_B
3rku_B	3asv_A
3rku_B	6ixj_A
3rku_B	3e9q_B
3rku_B	3f1k_A
3rku_B	3f1k_A
3rku_B	3gy0_A
3rku_B	3gz4_A
3rku_B	3iah_B
3rku_B	1xg5_C
3rku_B	1y5r_A
3rku_B	1y5r_B
3rku_B	2bel_C
3rku_B	2ilt_A
3rku_B	3g49_A
3rku_B	4bb5_B
3rku_B	4iju_B
3rku_B	3l77_A
3rku_B	3p19_B
3rl3_A	3rl3_A
3rl3_A	3rl3_A
3rl3_A	3rl5_A
3rl7_A	3rl7_A
3rl7_A	3rl7_B
3rl7_A	2awx_B
3rl7_A	2r4h_C
3rl7_A	8b87_A
3rlb_B	3rlb_B
3rlb_B	4mes_B
3rlb_B	4mhw_A
3rmk_E	3rmk_E
3rmk_E	1t0s_B
3rmk_E	3q2a_B
3rmk_E	3q3m_B
3rmk_E	3q3o_B
3rmk_E	5tds_B
3rmq_A	3rmq_A
3rnj_A	3rnj_A
3rnl_A	3rnl_A
3rno_A	3rno_A
3rno_A	3ro7_A
3rno_A	3rog_A
3rno_A	3rox_A
3rno_A	3rox_A
3rno_A	3roz_A
3rpd_A	3rpd_A
3rq8_A	3rq8_A
3rqi_A	3rqi_A
3rqz_C	3rqz_C
3rqz_C	3qfo_A
3rqz_C	3qfm_A
3rsb_B	3rsb_B
3rsn_A	3rsn_A
3rss_A	3rss_A
3rss_A	3rrb_A
3rss_A	3rre_A
3rss_A	3rrf_A
3rss_A	3rrj_A
3rss_A	3rs8_A
3rss_A	3rs9_A
3rss_A	3rsf_A
3rss_A	3rsg_A
3rss_A	3rsq_A
3rss_A	3rt7_A
3rss_A	3rt9_A
3rss_A	3rta_A
3rss_A	3rtb_A
3rss_A	3ru2_A
3rv0_B	3rv0_B
3rx3_A	3rx3_A
3rx3_A	2pdf_A
3rx3_A	1xgd_A
3rx3_A	1ads_A
3rx3_A	1ah0_A
3rx3_A	1ah3_A
3rx3_A	1ah4_A
3rx3_A	1az1_A
3rx3_A	1c9w_A
3rx3_A	1eko_A
3rx3_A	1el3_A
3rx3_A	1frb_A
3rx3_A	1iei_A
3rx3_A	2acq_A
3rx3_A	2acq_A
3rx3_A	2acr_A
3rx3_A	2acr_A
3rx3_A	2acs_A
3rx3_A	2acu_A
3rx3_A	2f2k_A
3rx3_A	2ine_A
3rx3_A	2inz_A
3rx3_A	2iq0_A
3rx3_A	2iqd_A
3rx3_A	2is7_A
3rx3_A	2j8t_A
3rx3_A	3ghu_A
3rx3_A	3qkz_A
3rx3_A	3rx4_A
3rx3_A	3v36_A
3rx3_A	4gab_A
3rx3_A	4gq0_A
3rx3_A	4i5x_A
3rx3_A	4jii_X
3rx3_A	5ha7_A
3rx3_A	1hqt_A
3rx3_A	3fx4_A
3rx3_A	1k8c_B
3rx3_A	1k8c_A
3rx3_A	1mi3_A
3rx3_A	1mi3_B
3rx3_A	1mi3_A
3rx3_A	1ye4_A
3rx3_A	5zcm_A
3rx3_A	1xjb_A
3rx3_A	1afs_A
3rx3_A	1ihi_A
3rx3_A	1j96_A
3rx3_A	1mrq_A
3rx3_A	1q5m_A
3rx3_A	1ry8_A
3rx3_A	1s1p_A
3rx3_A	2fvl_A
3rx3_A	3cv6_A
3rx3_A	3gug_A
3rx3_A	3r94_A
3rx3_A	3ufy_A
3rx3_A	4jq1_A
3rx3_A	4jq4_A
3rx3_A	4jqa_B
3rx3_A	4jtq_A
3rx3_A	4jtq_B
3rx3_A	4jtr_A
3rx3_A	4jtr_B
3rx3_A	4xo6_A
3rx3_A	4yvp_A
3rx3_A	6ijx_A
3rx3_A	8i0c_B
3rx3_A	3uwe_A
3rx3_A	5uxf_A
3rx3_A	3ln3_A
3rx3_A	1zgd_A
3rx3_A	3bur_A
3rx3_A	3buv_A
3rx3_A	3cas_A
3rx3_A	3cav_A
3rx3_A	3cmf_A
3rx3_A	3cot_A
3rx3_A	3uzx_A
3rx3_A	3uzx_B
3rx3_A	3uzz_A
3rx3_A	3wcz_A
3rx3_A	5ket_A
3rx3_A	7f7m_A
3rx3_A	3h7r_A
3rx3_A	3h7u_A
3rx3_A	5jh2_A
3rx3_A	7s5f_A
3rx3_A	3wg6_A
3rx3_A	4fzi_A
3rx3_A	1m9h_A
3rx3_A	1a80_A
3rx3_A	1vp5_A
3rx3_A	2bgs_A
3rx3_A	2bgs_A
3rx3_A	2vdg_A
3rx3_A	2wzm_A
3rx3_A	2wzm_A
3rx3_A	3wbw_B
3rx3_A	3wbw_A
3rx3_A	4g5d_A
3rx3_A	4ijr_A
3rx3_A	4h8n_B
3rx3_A	4h8n_A
3rx3_A	5az1_A
3rx3_A	5c7h_A
3rxz_C	3rxz_C
3rxz_C	3cl7_A
4iao_A	4iao_A
4iao_A	4iao_B
4iao_B	4iao_B
4iau_A	4iau_A
4ib4_A	4ib4_A
4ib4_A	5iua_A
4ib4_A	8rqq_A
4ib4_A	7wc7_A
4ib4_A	7voe_A
4ib4_A	8jt8_A
4ib4_A	4iar_A
4ib4_A	4or2_A
4ib4_A	4or2_B
4ib4_A	4z34_A
4ib4_A	6iiv_A
4ib4_A	4n6h_A
4ib4_A	4ej4_A
4ib4_A	4pxz_A
4ic1_D	4ic1_D
4icq_A	4icq_A
4icq_A	4ics_A
4icq_A	1zjc_A
4id9_B	4id9_B
4id9_B	4id9_A
4id9_B	4id9_B
4ief_H	4ief_H
4ief_H	1cvr_A
4ief_H	4tkx_L
4ief_H	4rbm_A
4ief_H	6i9a_A
4iei_A	4iei_A
4iei_A	4iee_A
4iei_A	4iei_A
4iej_A	4iej_A
4ifd_J	4ifd_J
4ig8_A	4ig8_A
4ig8_A	4ig8_A
4ig8_A	4rwn_A
4ig8_A	4rwo_A
4ig8_A	1px5_B
4ig8_A	4rwn_A
4ihb_E	4ihb_E
4ii1_B	4ii1_B
4ii9_A	4ii9_A
4ii9_A	1ne9_A
4ii9_A	1p4n_A
4ii9_A	7z6k_A
4iik_A	4iik_A
4iil_A	4iil_A
4iil_A	4iil_A
4ilo_A	4ilo_A
4ilo_A	3na7_A
4im7_A	4im7_A
4im7_A	1lj8_A
4im7_A	1lj8_A
4im7_A	1m2w_A
4im7_A	1m2w_A
4im7_A	7rk5_B
4imm_A	4imm_A
4imm_A	4xga_A
4ind_A	4ind_A
6n0t_A	6n0t_A
6n0t_A	6n67_A
6n1b_A	6n1b_A
6n1b_A	6n1a_A
6n1f_D	6n1f_D
6n2b_B	6n2b_B
6n2b_B	4wa0_A
6n2c_B	6n2c_B
6n2c_B	6n2c_A
6n2o_D	6n2o_D
6n2o_D	6n2o_B
6n3p_D	6n3p_D
6n3p_D	2glp_A
6n3p_D	2gll_C
6n3p_D	2glp_B
6n3p_D	2gll_D
6n3p_D	3b7j_A
6n3p_D	3cf8_A
6n3p_D	3cf9_A
6n3p_D	3ed0_A
6n3p_D	4zjb_A
6n3p_D	6ihc_A
6n41_A	6n41_A
6n41_A	4mc5_C
6n41_A	2wr1_C
6n41_A	6ntf_A
6n41_A	6ijt_A
6n41_A	2yp4_A
6n63_A	6n63_A
6n87_A	6n87_A
6n87_A	4yiv_A
6n90_B	6n90_B
6nag_A	6nag_A
6nci_B	6nci_B
6ncs_A	6ncs_A
6ncx_B	6ncx_B
6ncx_B	6d6w_A
6ncx_B	6d41_A
6ncx_B	7vqm_A
6ncx_B	8ger_A
6ncx_B	6jz7_B
6ncx_B	5z18_C
6ncx_B	7kgy_A
6ncx_B	3lpf_A
6ncx_B	7pr6_AAA
6ncx_B	8ohx_AAA
6nf1_A	6nf1_A
6nf4_A	6nf4_A
6nff_A	6nff_A
6nfp_D	6nfp_D
6nfp_D	6nfp_A
6nfp_D	2cev_B
6nfp_D	5zef_B
6nfp_D	4q3t_A
6nfp_D	4q3q_A
6nfp_D	4q3u_A
6nfp_D	4q40_A
6nfp_D	4q41_B
6nfp_D	4q42_A
6nfp_D	6q92_A
6nfp_D	1hq5_A
6nfp_D	1hqg_A
6nfp_D	1hqg_B
6nfp_D	1hqg_C
6nfp_D	1hqg_A
6nfp_D	1p8r_A
6nfp_D	1t5g_A
6nfp_D	3gn0_A
6nfp_D	3mjl_A
6nfp_D	3th7_A
6nfp_D	4gsz_A
6nfp_D	6vst_F
6nfp_D	6vst_D
6nfp_D	7lol_A
6nfp_D	4dz4_B
6nfp_D	3nip_B
6nfp_D	3m1r_D
6nfp_D	7esr_A
6nfp_D	4g3h_C
6nhz_A	6nhz_A
6nhz_A	1vs0_B
6njd_B	6njd_B
6njw_A	6njw_A
6njy_A	6njy_A
6nkf_A	6nkf_A
6nlr_C	6nlr_C
6nlr_C	6nlr_A
6nlr_C	3dcp_A
6non_B	6non_B
6non_B	6nop_B
6noz_A	6noz_A
6npa_C	6npa_C
6npa_C	6npa_A
6npb_B	6npb_B
6npb_B	6npc_A
6npb_B	6npd_A
6npb_B	3o2g_A
6npb_B	3ms5_A
6npb_B	4bg1_A
7k9m_A	7k9m_A
7kb7_A	7kb7_A
7kbr_A	7kbr_A
7kbr_A	3pha_D
7kbr_A	3mkk_A
7kbr_A	6ca3_A
7kcv_A	7kcv_A
7kcv_A	5tw4_A
7kcv_A	6dz8_A
7kcv_A	3hun_A
7kcv_A	5tw4_A
7kcv_A	5tx9_B
7kcv_A	7kcw_A
7kcv_A	7kcx_A
7kcv_A	6ntz_A
7kcv_A	3bec_A
7kcv_A	1nzo_A
7kcv_A	3it9_A
7kcv_A	3ita_A
7kcv_A	3ita_D
7kcv_A	3mze_A
7kcv_A	3mzf_A
7kcv_A	5j8x_A
7kdx_B	7kdx_B
7kep_A	7kep_A
7kep_A	6pqc_A
7kh3_A	7kh3_A
7kh3_A	7kfo_A
7kh3_A	7kfq_A
7kh3_A	7kig_A
7kh3_A	7kk0_A
7kh3_A	7kkc_A
7kh3_A	7kki_A
7kif_Z	7kif_Z
7kii_A	7kii_A
7kik_A	7kik_A
7kiq_E	7kiq_E
7kiq_E	7kil_A
7kir_A	7kir_A
7kir_A	1inp_A
7kmf_G	7kmf_G
7kmf_G	3ecs_C
7kmf_G	7kma_C
7kmm_A	7kmm_A
7kmo_A	7kmo_A
7kmo_A	4d1j_D
7kmo_A	5jaw_A
7kmo_A	6tbi_A
7kpj_E	7kpj_E
7kq3_A	7kq3_A
7kq3_A	1r9d_A
7kq3_A	6nd3_D
7kq3_A	5faw_B
7kq3_A	7vua_A
7kq3_A	6lon_A
7kq3_A	2y8n_A
7kq3_A	2yaj_C
7kq3_A	5bwd_A
7kq3_A	5bwd_A
7kq3_A	6vxe_A
7kqg_A	7kqg_A
7kqr_A	7kqr_A
7ks4_B	7ks4_B
7ks4_B	4znl_B
7ksf_A	7ksf_A
7kv7_BBB	7kv7_BBB
7kv8_A	7kv8_A
7kwo_A	7kwo_A
7kxt_A	7kxt_A
7kxt_A	7qk4_A
7kxt_A	3jzg_A
7kyp_F	7kyp_F
7l1i_A	7l1i_A
7o0u_bn	7o0u_bn
7o0u_bn	7o0u_BB
7o0u_bn	6zxa_B
7o0u_bn	7oy8_Q
7o0u_bn	6z5r_6
7o0u_bn	7xxf_0
7o0u_bn	7pqd_ba
7o1z_A	7o1z_A
7o1z_A	7o1x_A
7o1z_A	7o2d_A
7o1z_A	7o2g_A
7o1z_A	5fuk_A
7o1z_A	7zcl_B
7o36_C	7o36_C
7o36_C	7uxz_A
7o36_C	7de1_A
7o36_C	7n0i_D
7o36_C	7uxz_AAA
7o36_C	7xxk_A
7o36_C	7xxk_E
7o36_C	6g13_B
7o4f_A	7o4f_A
7o4j_7	7o4j_7
7o4j_W	7o4j_W
7o71_2	7o71_2
7o71_2	6y79_2
7o71_K	7o71_K
7o71_K	6y79_K
7o71_K	6zkm_6
7o71_K	6ztq_B
7o71_K	7qsk_B
7o71_K	7v2c_C
7o71_K	7v2r_C
7o71_K	7p7l_B
7o71_K	7z7s_B
7o84_A	7o84_A
7o9q_B	7o9q_B
7oa7_A	7oa7_A
7ob6_A	7ob6_A
7ob9_I	7ob9_I
7obe_A	7obe_A
7obj_B	7obj_B
7obj_B	6ntb_C
7obj_B	6mm2_A
7obj_B	6mmc_A
7obj_B	6mmo_A
7obj_B	6mmq_B
7oc4_A	7oc4_A
7ocp_A	7ocp_A
7ocp_A	7ocn_A
7ocp_A	7ocr_B
7ocp_A	7ocq_B
7od1_A	7od1_A
7odj_AAA	7odj_AAA
7odr_i	7odr_i
7odr_v	7odr_v
7odr_v	7o9m_v
7ody_C	7ody_C
7oea_L	7oea_L
7oex_A	7oex_A
7ofu_AAA	7ofu_AAA
7ofx_B	7ofx_B
7og7_A	7og7_A
7ogr_D	7ogr_D
7oho_AAA	7oho_AAA
7oju_A	7oju_A
7ok5_A	7ok5_A
7om1_BBB	7om1_BBB
7om1_BBB	7ojo_BBB
7om1_BBB	7olj_BBB
7om1_BBB	7r3z_C
7qd0_A	7qd0_A
7qd0_A	6t6m_A
7qd0_A	3mg3_A
7qd0_A	6t6k_A
7qd0_A	5ui2_A
7qd0_A	6pq1_A
7qd0_A	8pzk_A
7qd0_A	8a0h_A
7qe3_BBB	7qe3_BBB
7qef_B	7qef_B
7qef_B	7qe2_B
7qef_B	7qg4_A
7qek_A	7qek_A
7qek_A	7qej_A
7qep_D7	7qep_D7
7qep_D7	8a98_Sc
7qfd_A	7qfd_A
7qfd_A	7dve_A
7qfi_B	7qfi_B
7qgt_B	7qgt_B
7qgt_B	3pc3_A
7qgt_B	3pc2_A
7qgt_B	3pc4_A
7qh2_C	7qh2_C
7qh2_C	3pm9_B
7qh2_C	3pm9_A
7qh2_C	6lpn_B
7qh2_C	6lpp_B
7qh2_C	6lpq_B
7qh2_C	6lpu_B
7qh2_C	6lpx_B
7qh2_C	8jdf_A
7qh2_C	8jdo_A
7qh2_C	8jdq_A
7qh2_C	8jds_A
7qh2_C	8jdt_A
7qh2_C	8jdu_A
7qh2_C	8jdv_A
7qh2_C	8jdx_A
7qh2_C	8jdy_A
7qh2_C	8jdz_A
7qha_B	7qha_B
7qhm_A	7qhm_A
7qhm_B	7qhm_B
7qhm_B	7rh5_E
7qhm_U	7qhm_U
7qhm_U	7rh5_c
7qi4_e	7qi4_e
7qi6_AE	7qi6_AE
7qiy_D	7qiy_D
7qiy_D	8evr_BD
7qlr_A	7qlr_A
7qm2_B	7qm2_B
7qoa_A	7qoa_A
7qop_A	7qop_A
7qop_A	4fm4_A
7qop_A	1ugp_A
7qop_A	4ob0_A
7qop_A	4ob1_A
7qop_A	4ob3_A
7qop_A	2cz6_A
7qop_A	2d0q_A
7qop_A	3x20_A
7qop_A	2zzd_L
7qop_A	2zzd_F
7qow_B	7qow_B
7qp1_A	7qp1_A
7qp1_A	7qp0_A
7qp3_A	7qp3_A
7qp5_B	7qp5_B
7qp9_A	7qp9_A
7qp9_A	7xxb_A
7qpr_D	7qpr_D
7qqd_A	7qqd_A
7qqg_B	7qqg_B
7qqg_B	7qqg_A
7qqg_B	7qqh_B
7qun_A	7qun_A
7qw6_A	7qw6_A
7qw6_A	8cxw_B
7qy3_B	7qy3_B
7qy3_B	6i9w_A
7qy5_B	7qy5_B
7qy9_A	7qy9_A
7qy9_A	6mrv_A
7qzn_A	7qzn_A
7qzn_A	7zbo_A
7qzn_A	7xdu_B
7qzr_F	7qzr_F
7r0e_A	7r0e_A
7r0e_A	6evk_A
7r0t_A	7r0t_A
7r0w_F	7r0w_F
7r0w_G	7r0w_G
7r0w_G	4i7z_G
7r1m_A	7r1m_A
7r1n_AAA	7r1n_AAA
7r2c_A	7r2c_A
7r2c_A	5i78_A
7r2c_A	5d8z_A
7r2c_A	7p6j_B
7r2c_A	6r2j_D
7r2e_A	7r2e_A
5tsx_B	5tsx_B
5tsx_B	6v2f_E
5tsx_B	6v2f_F
5tsx_B	5tsx_F
5tsx_B	3nte_A
5tsx_B	4xrq_A
5tsx_B	5tsv_B
5tsx_B	8eep_A
5tsx_B	8quh_A
5tsx_B	8qui_A
5tsx_B	8qul_A
5tsx_B	8qux_A
6co1_F	6co1_F
6co1_F	6vip_B
4xmq_B	4xmq_B
4xmq_B	6w3t_B
4xmq_B	4xmr_B
4xmq_B	6w3s_B
4xmq_B	6w3t_B
4xmq_B	6w3v_B
4xmq_B	6w3x_B
4xmq_B	6w3y_B
6wk9_E	6wk9_E
6wk9_E	8vxu_B
6wk9_E	6wk8_A
6wk9_E	6wk8_B
6wk9_E	6wk9_A
6wk9_E	6wk9_B
8jis_R	8jis_R
8jis_R	6x19_R
2x36_D	2x36_D
2x36_D	6x27_B
6x41_B	6x41_B
6x41_B	6x6r_B
6x41_B	2wn6_A
6x41_B	2wn7_A
6x41_B	3buz_A
6x41_B	4h03_A
6x41_B	6x6r_A
6x41_B	6x6r_B
6x41_B	6x6v_A
6x41_B	6x6x_A
6x41_B	1qs2_A
6x41_B	5h04_A
6x41_B	5wtz_A
6puv_A	6puv_A
6puv_A	6xiy_A
6puv_A	2ox8_A
6puv_A	2vuz_A
6puv_A	2vuv_A
6puv_A	6a7s_B
6puv_A	1tlg_A
6puv_A	1byf_A
6puv_A	3vpp_B
6puv_A	3wsr_A
6puv_A	4caj_B
6puv_A	4c9f_B
6puv_A	3t3a_A
6puv_A	4zet_A
6puv_A	4zes_A
6puv_A	4zrw_A
4kc0_A	4kc0_A
4kc0_A	6xnn_A
4kc0_A	6xnn_B
4kc0_A	4kc0_B
4kc0_A	4qxq_A
4kc0_A	4qxq_B
4kc0_A	8orw_A
4kc0_A	4lol_B
4kc0_A	4lol_A
4kc0_A	5cfn_B
4kc0_A	5cfn_A
6xq7_B	6xq7_B
6xq7_B	3cjj_A
6xqv_A	6xqv_A
6xqv_A	6xqx_B
6xqv_A	6p54_B
6xqv_A	6p55_B
6xqv_A	6xqv_A
6xqv_A	6i1f_A
6xqv_A	6i1g_B
6xqv_A	6i1h_A
3odn_A	3odn_A
3odn_A	6xtz_A
3odn_A	4ywt_B
1rq2_B	1rq2_B
1rq2_B	4kwe_A
1rq2_B	6kvq_A
1rq2_B	3wgn_A
1rq2_B	4dxd_A
1rq2_B	6rvm_C
1rq2_B	6rvp_A
1rq2_B	6rvq_A
1rq2_B	6ym9_A
1rq2_B	7ohk_A
1rq2_B	7ohn_A
1rq2_B	7ojz_A
1rq2_B	1w58_1
1rq2_B	1w5a_A
1rq2_B	1w5a_B
1rq2_B	1w5a_B
1rq2_B	2vap_A
1rq2_B	1ofu_B
1rq2_B	1ofu_A
1rq2_B	2r6r_A
1rq2_B	7yop_B
1rq2_B	6y1u_B
1rq2_B	6ym1_A
8bbc_A	8bbc_A
8bbc_A	6zam_A
8bbc_A	1blz_A
8bbc_A	1hb1_A
8bbc_A	1hb2_A
8bbc_A	1hb2_A
8bbc_A	1hb3_A
8bbc_A	1hb4_A
8bbc_A	1ips_A
8bbc_A	1obn_A
8bbc_A	1odm_A
8bbc_A	1odn_A
8bbc_A	1qiq_A
8bbc_A	1qjf_A
8bbc_A	2vbd_A
8bbc_A	6zak_A
8bbc_A	6zal_A
8bbc_A	6zan_A
8bbc_A	7p3l_A
8bbc_A	7psw_A
2czr_A	2czr_A
2czs_A	2czs_A
2d00_A	2d00_A
2d0c_A	2d0c_A
2d0c_A	2d0b_A
2d0o_C	2d0o_C
2d0o_C	2d0o_A
2d1c_A	2d1c_A
2d1c_A	2d1c_B
2d1c_A	2d1c_A
2d1e_A	2d1e_A
2d1e_A	4qcd_A
2d1e_A	7yk9_A
2d1g_A	2d1g_A
2d1y_A	2d1y_A
2d1y_A	7v0h_A
2d1y_A	4mow_A
2d1y_A	8hs4_A
2d1y_A	8hs6_H
2d1y_A	1ahi_B
2d1y_A	1ahh_A
2d1y_A	1ahh_B
2d1y_A	1ahi_A
2d1y_A	1fmc_A
2d1y_A	1fmc_B
2d1y_A	1e7w_B
2d1y_A	1p33_B
2d1y_A	1e7w_A
2d1y_A	1p33_A
2d1y_A	1w0c_A
2d1y_A	1e92_A
2d1y_A	2bfm_A
2d1y_A	2bfp_A
2d1y_A	3h4v_A
2d1y_A	7pxx_B
2d1y_A	1mxf_A
2d1y_A	1mxh_A
2d1y_A	3gn1_D
2d1y_A	2wd7_A
2d1y_A	3jqa_A
2d1y_A	3jqf_A
2d1y_A	3jqg_A
2d1y_A	5jdc_A
2d1y_A	6gd4_A
2d1y_A	6hnc_A
2d1y_A	7opj_A
2d1y_A	8of2_C
2d1y_A	4clo_B
2d1y_A	2ag5_B
2d1y_A	2ag5_A
2d1y_A	2dte_B
2d1y_A	3ai3_A
2d1y_A	3ai3_A
2d1y_A	3ai3_C
2d1y_A	3ijr_A
2d1y_A	3r3s_C
2d1y_A	3r3s_A
2d1y_A	5jyd_B
2d1y_A	3sx2_A
2d1y_A	3pgx_B
2d1y_A	1g0o_C
2d1y_A	1doh_A
2d1y_A	1doh_B
2d1y_A	1g0n_B
2d1y_A	1g0o_A
2d1y_A	1g0o_B
2d1y_A	1g0o_D
2d1y_A	1g0o_C
2d1y_A	1ybv_A
2d1y_A	3tsc_B
2d1y_A	3tox_A
2d1y_A	3zv5_A
2d1y_A	1bdb_A
2d1y_A	3zv6_A
2d1y_A	4b79_B
2d1y_A	1ipe_A
2d1y_A	1ae1_B
2d1y_A	1ipe_B
2d1y_A	1ipf_A
2d1y_A	2ae2_A
2d1y_A	2ae2_B
2d1y_A	4cr7_B
2d1y_A	4cr8_A
2d1y_A	4ure_B
2d1y_A	5bt9_C
2d1y_A	5bt9_A
2d1y_A	5jla_B
2d1y_A	5js6_A
2d1y_A	5l7y_A
2d1y_A	5ics_C
2d1y_A	5hs6_A
2d1y_A	5js6_A
2d1y_A	6gtu_A
2d1y_A	6qck_A
2d1y_A	6jhb_B
2d1y_A	6oz7_A
2d1y_A	6vsp_B
2d1y_A	6vsp_A
2d1y_A	6xew_A
2d1y_A	4eso_C
2d1y_A	3vc7_B
2d1y_A	4eso_C
2d1y_A	8sc0_A
2d1y_A	8u9a_A
2d1y_A	8sbv_B
2d1y_A	8sbz_A
2d1y_A	8u9a_A
2d1y_A	4bms_A
2d1y_A	4h16_A
2d1y_A	4h15_A
2d1y_A	4iqg_B
2d1y_A	1geg_E
2d1y_A	3u4c_A
2d1y_A	3u49_A
2d1y_A	3u4c_A
2d1y_A	1ja9_A
2d1y_A	1zem_A
2d1y_A	3o4r_D
2d1y_A	2zat_C
2d1y_A	5jy1_C
2d1y_A	7yb2_D
2d1y_A	3qwh_B
2d1y_A	3qwi_B
2d1y_A	4fj0_A
2d1y_A	4fj1_D
2d1y_A	4fj2_D
2d1y_A	3a28_A
2d1y_A	3ak4_D
2d1y_A	3uxy_C
2d1y_A	4fn4_C
2d1y_A	6pej_A
2d1y_A	6zzo_C
2d1y_A	1pr9_A
2d1y_A	1cyd_C
2d1y_A	1cyd_A
2d1y_A	3d3w_B
2d1y_A	1yb1_B
2d1y_A	1yb1_A
2d1y_A	1yb1_B
2d1y_A	8g84_A
2d1y_A	7wwx_A
2d1y_A	5wjs_A
2d1y_A	1pwz_A
2d1y_A	1zo8_A
2d1y_A	4ixt_A
2d1y_A	1uay_A
2d1y_A	1uay_A
2d1y_A	1e3w_D
2d1y_A	1e3s_A
2d1y_A	1e3s_B
2d1y_A	1e3s_C
2d1y_A	1e3s_D
2d1y_A	1e3w_C
2d1y_A	1e6w_A
2d1y_A	1e6w_B
2d1y_A	1e6w_C
2d1y_A	1e6w_D
2d1y_A	1e6w_C
2d1y_A	2o23_B
2d1y_A	3lf1_B
2d1y_A	3lf1_A
2d1y_A	3rkr_A
2d1y_A	4fda_A
2d1y_A	4fda_A
2d1y_A	4hbg_A
2d1y_A	4gvx_A
2d1y_A	6ds1_B
2d1y_A	1i5r_A
2d1y_A	1bhs_A
2d1y_A	1a27_A
2d1y_A	1a27_A
2d1y_A	1dht_A
2d1y_A	1dht_A
2d1y_A	1fds_A
2d1y_A	1fdt_A
2d1y_A	1i5r_A
2d1y_A	1iol_A
2d1y_A	1jtv_A
2d1y_A	1jtv_A
2d1y_A	1qyw_A
2d1y_A	1qyx_A
2d1y_A	3dhe_A
2d1y_A	3dhe_A
2d1y_A	6mne_A
2d1y_A	7x3z_A
2d1y_A	4nbu_D
2d1y_A	4nbu_B
2d1y_A	4nbt_A
2d1y_A	4nbw_A
2d1y_A	7krg_A
2d1y_A	3gdg_B
2d1y_A	4o0l_C
2d1y_A	7dlm_A
2d1y_A	1g6k_A
2d1y_A	1g6k_B
2d1y_A	1gco_A
2d1y_A	1gco_B
2d1y_A	1gee_B
2d1y_A	3aut_B
2d1y_A	1nff_A
2d1y_A	1nfq_A
2d1y_A	1nfq_B
2d1y_A	1nfq_C
2d1y_A	1nfq_D
2d1y_A	1nfr_A
2d1y_A	1nfr_B
2d1y_A	1nfr_C
2d1y_A	1nfr_D
2d1y_A	1vl8_B
2d1y_A	2ekp_A
2d1y_A	5epo_D
2d1y_A	5epo_C
2d1y_A	1xkq_D
2d1y_A	1xhl_A
2d1y_A	1xhl_B
2d1y_A	2b4q_A
2d1y_A	2bd0_D
2d1y_A	2bd0_A
2d1y_A	2bd0_D
2d1y_A	2bgl_A
2d1y_A	2bgl_A
2d1y_A	4is3_B
2d1y_A	6zyz_A
2d1y_A	2ewm_B
2d1y_A	4wec_C
2d1y_A	5t2v_A
2d1y_A	5t2u_C
2d1y_A	3o03_A
2d1y_A	3uic_A
2d1y_A	3ndr_B
2d1y_A	2gdz_A
2d1y_A	2hsd_C
2d1y_A	3pk0_B
2d1y_A	2jah_A
2d1y_A	2wsb_A
2d1y_A	3lqf_B
2d1y_A	3lqf_A
2d1y_A	3geg_B
2d1y_A	3s55_B
2d1y_A	3pxx_A
2d1y_A	4cql_A
2d1y_A	4dmm_A
2d1y_A	3sj7_A
2d1y_A	3oic_D
2d1y_A	3oid_A
2d1y_A	3oid_B
2d1y_A	2cfc_B
2d1y_A	4gh5_C
2d1y_A	4hp8_B
2d1y_A	4k6f_D
2d1y_A	2q2v_B
2d1y_A	3w8d_A
2d1y_A	2yz7_C
2d1y_A	1wmb_A
2d1y_A	2ztl_C
2d1y_A	2ztl_A
2d1y_A	3vdq_A
2d1y_A	3vdr_A
2d1y_A	3w8d_A
2d1y_A	3w8f_A
2d1y_A	3sju_B
2d1y_A	4dbz_A
2d1y_A	4cql_B
2d1y_A	1edo_A
2d1y_A	4n5n_A
2d1y_A	4qed_A
2d1y_A	5jo9_A
2d1y_A	6uhx_B
2d1y_A	8jfg_A
2d1y_A	4wuv_A
2d1y_A	4z3d_A
2d1y_A	1n5d_A
2d1y_A	1wma_A
2d1y_A	2hrb_A
2d1y_A	3bhm_A
2d1y_A	5u1p_A
2d1y_A	5tqv_A
2d1y_A	5idw_A
2d1y_A	1sny_A
2d1y_A	1sny_A
2d1y_A	3wxb_A
2d1y_A	5wqp_A
2d1y_A	5wqo_A
2d1y_A	3o26_A
2d1y_A	5b1y_A
2d1y_A	4rf5_A
2d1y_A	7ejj_D
2d1y_A	1zjz_A
2d1y_A	1zk1_A
2d1y_A	4rf2_B
2d1y_A	7ejh_A
2d1y_A	4bmv_A
2d1y_A	4bmv_B
2d1y_A	4kwi_B
2d1y_A	7bsx_A
2d1y_A	5iz4_A
2d1y_A	5va8_A
2d1y_A	5idy_B
2d1y_A	1o5i_B
2d33_A	2d33_A
2d33_A	2d32_A
2d3a_B	2d3a_B
2d3a_B	2d3a_A
2d3a_B	8ecy_A
2d3a_B	2ojw_C
2d3a_B	2qc8_A
2d3a_B	2qc8_B
2d3a_B	2qc8_A
2d3a_B	2uu7_A
2d3a_B	7cpr_A
2d3d_A	2d3d_A
2d3k_B	2d3k_B
2d4q_A	2d4q_A
2d4q_A	3p7z_B
2d5f_B	2d5f_B
2d5f_B	3fz3_B
2d5f_B	5wxu_B
2d5m_A	2d5m_A
2d5m_A	3bnk_B
2d5m_A	3bnk_A
2d5m_A	3bnk_B
2d5m_A	3fge_A
2d74_A	2d74_A
2d74_A	4rcy_A
2d74_A	6h6k_A
2d74_A	2pmd_A
2d74_A	3pen_A
2d74_A	3sjz_A
2d74_A	4m2l_A
2d74_A	1b23_P
2d74_A	1eft_A
2d74_A	1exm_A
2d74_A	1ha3_A
2d74_A	1d8t_A
2d74_A	8fr3_A
2d74_A	3u6k_A
2d74_A	1dg1_A
2d74_A	1dg1_B
2d74_A	1efc_A
2d74_A	2hcj_B
2d74_A	4pc3_A
2d74_A	8g7p_z
2d74_A	5w75_C
2d74_A	7vmx_B
2d74_A	8ppl_It
2d81_A	2d81_A
2d81_A	2d81_A
2db4_A	2db4_A
2db4_A	2bl2_A
2dcm_A	2dcm_A
2dcm_A	4q1v_A
2dcm_A	4ffw_A
2dcm_A	1orw_A
2dcm_A	1tkr_B
2dcm_A	2ajc_A
2dcm_A	3g0d_B
2dcm_A	5yp3_A
2dcm_A	5yp4_A
2dd4_H	2dd4_H
2ddg_A	2ddg_A
2ddg_A	2d3y_A
2dds_A	2dds_A
2dds_A	2ddr_C
2dds_A	2ddt_A
2de4_A	2de4_A
2de6_B	2de6_B
2de6_B	3vmh_C
2de6_B	4nbh_B
2de6_B	6ll0_B
2de6_B	6llh_A
2de6_B	7bug_A
2de6_B	7bug_B
2de6_B	1z03_A
2de6_B	1z01_A
2dfj_A	2dfj_A
4p7q_A	4p7q_A
4p7q_A	4p7n_A
4p7u_A	4p7u_A
4p86_A	4p86_A
4p86_A	1xz8_A
4p86_A	1xz8_A
4p86_A	2igb_B
4p86_A	5iao_A
4p8l_A	4p8l_A
4p8l_A	4f4q_A
4p8l_A	4fdn_A
4p8l_A	4p8t_A
4p8r_D	4p8r_D
4p8r_D	4lsm_B
4p8r_D	4mvj_B
4p8r_D	4p8r_C
4p8r_D	1gpd_A
4p8r_D	3e5r_A
4p8r_D	6utm_B
4p8r_D	1dc6_A
4p8r_D	1dc4_A
4p8r_D	1dc6_A
4p8r_D	1dc6_B
4p8r_D	1dss_A
4p8r_D	1dss_B
4p8r_D	1gad_A
4p8r_D	1gad_B
4p8r_D	1gae_A
4p8r_D	1ihx_A
4p8r_D	1ihy_A
4p8r_D	1j0x_A
4p8r_D	1szj_A
4p8r_D	1szj_G
4p8r_D	1znq_A
4p8r_D	1znq_B
4p8r_D	2vyn_B
4p8r_D	2vyn_C
4p8r_D	3e5r_B
4p8r_D	4o59_A
4p8r_D	4o59_B
4p8r_D	4z0h_A
4p8r_D	4z0h_B
4p8r_D	5tso_R
4p8r_D	5za0_A
4p8r_D	6io6_A
4p8r_D	6iq6_A
4p8r_D	6lgm_A
4p8r_D	6m61_O
4p8r_D	6quq_R
4p8r_D	4k9d_A
4p8r_D	2vyv_D
4p8r_D	3pfw_O
4p8r_D	4k9d_B
4p8r_D	5c7o_A
4p8r_D	1hdg_A
4p8r_D	2ep7_A
4p8r_D	1k3t_A
4p8r_D	1a7k_D
4p8r_D	1a7k_A
4p8r_D	1k3t_B
4p8r_D	1k3t_C
4p8r_D	1k3t_D
4p8r_D	1ml3_A
4p8r_D	1ml3_B
4p8r_D	1ml3_C
4p8r_D	1ml3_D
4p8r_D	1ml3_B
4p8r_D	3ids_A
4p8r_D	3ids_D
4p8r_D	1dbv_A
4p8r_D	1dbv_B
4p8r_D	1dbv_C
4p8r_D	1dbv_D
4p8r_D	1gd1_A
4p8r_D	1gd1_B
4p8r_D	1gd1_C
4p8r_D	1gd1_D
4p8r_D	1npt_A
4p8r_D	1npt_B
4p8r_D	1npt_C
4p8r_D	1npt_D
4p8r_D	1nq5_A
4p8r_D	1nq5_B
4p8r_D	1nqa_A
4p8r_D	1nqa_B
4p8r_D	1nqa_C
4p8r_D	1nqa_D
4p8r_D	1nqo_A
4p8r_D	1nqo_B
4p8r_D	1vc2_A
4p8r_D	2dbv_A
4p8r_D	2dbv_B
4p8r_D	2dbv_C
4p8r_D	2dbv_D
4p8r_D	3dbv_A
4p8r_D	3dbv_B
4p8r_D	4dbv_A
4p8r_D	4dbv_B
4p8r_D	4dbv_C
4p8r_D	4dbv_D
4p8r_D	2b4t_A
4p8r_D	2b4r_O
4p8r_D	3gnq_B
4p8r_D	1obf_O
4p8r_D	3gnq_A
4p8r_D	7zq3_R
4p8r_D	2pkr_A
4p8r_D	2pkr_B
4p8r_D	3b1j_A
4p8r_D	3b1j_A
4p8r_D	3b20_A
4p8r_D	3b20_B
4p8r_D	3k2b_A
4p8r_D	3k2b_B
4p8r_D	3qv1_A
4p8r_D	3qv1_B
4p8r_D	3zdf_A
4p8r_D	4boy_B
4p8r_D	3cif_D
4p8r_D	3cif_A
4p8r_D	3cps_A
4p8r_D	3doc_A
4p8r_D	3doc_B
4p8r_D	3l0d_B
4p8r_D	3hja_B
4p8r_D	3hja_A
4p8r_D	3l4s_B
4p8r_D	3l4s_A
4p8r_D	5t73_A
4p8r_D	3pym_A
4p8r_D	3pym_A
4p8r_D	5jya_D
4p8r_D	5utm_A
4p8r_D	5m6d_A
4p8r_D	7bex_A
4p8r_D	8hmn_D
4p92_A	4p92_A
4p9d_F	4p9d_F
4p9d_F	4p9c_A
4p9d_F	5c2o_A
4p9d_F	2hvw_A
4p9d_F	7fh9_A
4p9d_F	7fh4_A
4p9g_A	4p9g_A
4p9g_A	5bpx_A
4pa5_A	4pa5_A
4pag_A	4pag_A
4pag_A	3psh_A
4pag_A	3psa_A
4paw_A	4paw_A
4pb2_A	4pb2_A
4pb2_A	3tij_A
4pb2_A	4pd5_A
4pb2_A	4pd6_A
4pb2_A	4pda_A
4pde_A	4pde_A
4pdn_A	4pdn_A
4pdn_A	3wtr_A
4pdy_A	4pdy_A
4pe7_A	4pe7_A
4pe7_A	3cr5_X
4pe7_A	3lk0_D
4pe7_A	4pdz_A
4pe7_A	4pe1_B
4pe7_A	5er5_A
4pe7_A	3ko0_B
4pe7_A	3ko0_A
4pe7_A	3ko0_C
4pe7_A	3ko0_D
4pe7_A	3ko0_H
4pe7_A	2y5i_C
4pe7_A	1ig5_A
4pe7_A	4ggf_A
4pe7_A	5hlo_B
4pe7_A	1odb_A
4pe7_A	1irj_D
4pe7_A	1irj_A
4pe7_A	1irj_B
4pe7_A	1irj_C
4pe7_A	1irj_B
4pe7_A	6zdy_A
4pe7_A	4ggf_L
4pe7_A	2wor_A
4pe7_A	2psr_A
4pe7_A	8s9w_A
4peu_A	4peu_A
4pev_A	4pev_A
4pex_B	4pex_B
4pex_B	4tz5_A
4pex_B	4tyv_A
4pfp_C	4pfp_C
4pfp_C	4pjj_A
4pfp_C	4pk4_A
4pfp_C	1kk8_A
4pfp_C	1d1a_A
4pfp_C	1mma_A
4pfp_C	1vom_A
4pfp_C	1vom_A
4pfp_C	3myk_A
4pfp_C	3myl_X
4pfp_C	1d1b_A
4pfp_C	1d0y_A
4pfp_C	1d1c_A
4pfp_C	1lvk_A
4pfp_C	1d0z_A
4pfp_C	1lvk_A
4pfp_C	1lvk_A
4pfp_C	1mmd_A
4pfp_C	1mmg_A
4pfp_C	1fmw_A
4pfp_C	1fmw_A
4pfp_C	1mmn_A
4pfp_C	1kqm_A
4pfp_C	1kqm_A
4pfp_C	2jhr_A
4pfp_C	2aka_A
4pfp_C	2xo8_A
4pfp_C	3mnq_A
4pfp_C	4db1_A
4pfp_C	4db1_B
4pfp_C	5n69_B
4pfp_C	5w1a_A
4pfp_C	1w7i_A
4pfp_C	8cdq_A
4pfw_A	4pfw_A
4pfw_A	4pfu_B
4pfw_A	1zu0_A
4pfw_A	6lzq_A
4pfw_A	4jsd_A
4pfw_A	2o7i_A
4pfx_A	4pfx_A
4pg7_A	4pg7_A
4pgl_A	4pgl_A
4pgl_A	4pfh_A
4pgl_A	4pgl_B
4pgl_A	4pgl_A
4pgl_A	4xsm_C
4pgl_A	4ytu_C
4pgl_A	2hk1_A
4pgl_A	7cj5_A
4pgl_A	5b80_A
4pgl_A	5b7y_A
4pgl_A	5h1w_A
4pgl_A	7ero_B
4pgl_A	7dz4_C
4phl_A	4phl_A
4phl_A	1xos_A
4phl_A	1ro6_A
4phl_A	6feb_A
4phl_A	7f2m_B
4phl_A	1oyn_A
4phl_A	1oyn_B
4phl_A	1oyn_C
4phl_A	1oyn_D
4phl_A	1q9m_A
4phl_A	1q9m_B
4phl_A	1q9m_C
4phl_A	1q9m_D
4phl_A	1ro9_A
4phl_A	3iak_A
4phl_A	3tvx_A
4phl_A	3tvx_A
4phl_A	4kp6_A
4phl_A	6akr_B
4phl_A	6ezu_A
4phl_A	6kjz_B
4phl_A	7aag_C
4phl_A	8k4h_A
4phl_A	8w4q_A
4phl_A	8w4r_A
4phl_A	1soj_A
4phl_A	1soj_B
4phl_A	3dy8_A
4phl_A	3dyl_A
4phl_A	3dys_B
4phl_A	7cwa_A
4phl_A	3ecn_A
4phl_A	7l29_A
4phl_A	7l28_C
4phl_A	7l29_D
4phl_A	1zkl_A
4phl_A	3v93_F
4phl_A	3v94_A
4phl_A	3v94_B
4phl_A	4g2w_A
4phl_A	1t9r_A
4phl_A	2h42_A
4phl_A	1xoz_A
4phl_A	3jwq_C
4phl_A	4c1i_A
4phl_A	1z1l_A
4phl_A	4c1i_A
4phl_A	8w4s_A
4pht_Y	4pht_Y
4pib_B	4pib_B
4pj2_B	4pj2_B
4pk0_A	4pk0_A
4pk0_A	148l_E
4pk0_A	182l_A
4pk0_A	183l_A
4pk0_A	185l_A
4pk0_A	186l_A
4pk0_A	187l_A
4pk0_A	1c61_A
4pk0_A	1c62_A
4pk0_A	1c66_A
4pk0_A	1epy_A
4pk0_A	1lgw_A
4pk0_A	1lgx_A
4pk0_A	1li3_A
4pk0_A	1li3_A
4pk0_A	1nhb_A
4pk0_A	1xep_A
4pk0_A	1zwn_A
4pk0_A	1zyt_A
4pk0_A	225l_A
4pk0_A	260l_A
4pk0_A	2rb1_X
4pk0_A	3dmx_A
4pk0_A	3dn4_A
4pk0_A	3sb8_A
4pk0_A	4lzm_A
4pk0_A	4w53_A
4pk0_A	4w54_A
4pk0_A	4w55_A
4pk0_A	4i7p_A
4pk0_A	3guj_A
4pk0_A	3gun_A
4pk0_A	3guo_A
4pk0_A	3gup_A
4pk0_A	3ht6_A
4pk0_A	3ht9_A
4pk0_A	3hu9_A
4pk0_A	4ekp_A
4pk0_A	4ekq_A
4pk0_A	4ekr_A
4pkb_A	4pkb_A
4pkf_B	4pkf_B
4pkl_B	4pkl_B
4pkl_B	4pkl_A
4pkm_A	4pkm_A
4pl0_A	4pl0_A
4pl0_A	4pl0_B
4pl4_A	4pl4_A
4pl4_A	6w3c_C
4pl4_A	4yz9_C
4pl4_A	4yzc_A
4pl4_A	2rio_B
5c22_B	5c22_B
5c2v_A	5c2v_A
5c2v_A	5c2v_D
5c2v_B	5c2v_B
5c2v_C	5c2v_C
5c2y_A	5c2y_A
5c3c_B	5c3c_B
5c3c_B	6l1q_A
5c4i_A	5c4i_A
5c4i_A	5exd_A
5c4i_A	5exd_C
5c4i_A	5exd_D
5c4i_A	5exe_A
5c4i_C	5c4i_C
5c4i_C	5exd_B
5c4i_C	5exd_F
5c4i_C	5exe_C
5c4i_E	5c4i_E
5c4n_A	5c4n_A
5c4n_A	4x7g_A
5c6p_A	5c6p_A
5c6x_A	5c6x_A
5c6x_A	5v0f_A
5c79_A	5c79_A
5c7t_A	5c7t_A
5c7t_A	5c7t_B
5c7t_A	5c8l_A
5c7t_A	1vhz_A
5c7t_A	1vhz_B
5c7t_A	1vhz_A
5c7t_A	3bm4_A
5c7t_A	2dsc_A
5c7t_A	2dsd_A
5c7t_A	3ac9_A
5c7t_A	3aca_A
5c7t_A	3bm4_B
5c7t_A	3bm4_A
5c7t_A	3l85_A
5c7t_A	5qj4_A
5c7t_A	5qj5_A
5c7t_A	5qj6_B
5c7t_A	5qj7_A
5c7t_A	5qj9_A
5c7t_A	5qja_A
5c7t_A	5qjc_A
5c7t_A	5qjd_A
5c7t_A	5qje_A
5c7t_A	5qjg_A
5c7t_A	5qjh_A
5c7t_A	5qji_A
5c7t_A	5qjj_D
5c7t_A	5qjl_A
5c7t_A	5qjm_A
5c7t_A	5qjo_A
5c7t_A	5qjp_A
5c7t_A	5qjq_A
5c7t_A	5qjs_A
5c7t_A	5qju_A
5c7t_A	5qjw_A
5c7t_A	5qjx_A
5c7t_A	5qk1_A
5c7t_A	5qk2_B
5c7t_A	5qk3_A
5c7t_A	5qk4_A
5c7t_A	5qk8_A
5c7t_A	5qka_B
5c7t_A	3x0l_A
5c7t_A	1v8l_A
5c7t_A	1v8t_A
5c8d_C	5c8d_C
5c8d_C	5c8d_D
5c8d_C	5c8d_E
5c8w_B	5c8w_B
5c8w_B	5c6c_A
5c8w_B	5c8w_A
5c8w_B	3ogj_C
5c8w_B	5jd7_A
5c8w_B	4ku8_A
5c8w_B	4qx5_A
5c8w_B	5jix_A
5c8w_B	5bv6_A
5c8w_B	4ofg_A
5c8z_A	5c8z_A
5c8z_A	6jr2_A
5c8z_A	6jr9_A
5cb2_A	5cb2_A
5cb2_A	5ca9_A
5cb3_A	5cb3_A
5cb3_A	5lau_A
5cb3_A	5lcc_A
5cb3_A	2bfq_A
5cb3_A	7wr6_B
5ccx_A	5ccx_A
5ccx_A	5ccx_A
5ccx_A	5erg_B
5cd6_A	5cd6_A
5ce3_B	5ce3_B
5ced_A	5ced_A
5cfe_A	5cfe_A
5cfe_A	6mkk_A
5cfe_A	4qh9_A
5cfe_A	5wn2_A
5cfe_A	6wcd_A
5cfe_A	8igi_A
5cfe_A	8ka4_B
5cfe_A	8ka5_A
5cfe_A	6fke_A
5cfe_A	6fk5_A
5cfs_A	5cfs_A
5cfs_A	4wqk_A
5cfs_A	4wql_A
5cfs_A	4xje_A
5cfs_A	5cft_A
5cfs_A	5cfu_A
5cg9_A	5cg9_A
5cge_E	5cge_E
5cge_E	1esq_C
5cge_E	1esq_C
5cge_E	1c3q_A
5cge_E	1c3q_B
5cge_E	1c3q_C
5cgz_A	5cgz_A
1al8_A	1al8_A
1al8_A	1gox_A
1al8_A	1huv_A
1al8_A	3giy_A
1al8_A	2w0u_A
1al8_A	7m2o_A
1al8_A	7r4n_A
1al8_A	1fcb_B
1al8_A	1kbj_A
1al8_A	1kbj_B
1al8_A	5ebu_D
1ao0_A	1ao0_A
1ao0_A	1ao0_A
1ao0_A	1gph_1
1ao0_A	1ecf_B
1ao0_A	1ecf_A
1ao0_A	1ecc_B
1ao0_A	1ecb_C
1ao0_A	1ecc_A
1ao0_A	1ecc_B
1ao0_A	1ecc_A
1ao0_A	1ecc_B
1ao0_A	1ecf_A
1ao0_A	1ecf_B
1ao0_A	1ecg_A
1ao0_A	1ecg_B
1ao0_A	1ecj_A
1ao0_A	1ecj_B
1ao0_A	1ecj_A
1ao0_A	6czf_A
1aom_B	1aom_B
1aom_B	1e2r_B
1aom_B	1gq1_A
1aom_B	6rtd_B
1aor_A	1aor_A
1aor_A	1aor_B
1aor_A	1aor_A
1aor_A	1b4n_A
1aor_A	1b25_A
1aor_A	6x1o_C
1aor_A	4z3w_C
1aor_A	4z3y_A
1aor_A	4z3z_A
1apv_B	1apv_B
1apv_B	1apw_B
1apv_B	1obh_B
1arc_A	1arc_A
1arx_A	1arx_A
1arx_A	1c8i_A
1arx_A	1ck6_A
1arx_A	1ck6_A
1arx_A	1hsr_A
1arx_A	1hsr_A
1arx_A	1yyd_A
1arx_A	4czo_A
1arx_A	4g05_A
1arx_A	3fkg_A
1arx_A	5abn_A
1arx_A	6a6q_A
1arx_A	1qpa_B
1arx_A	7oo5_A
1as4_B	1as4_B
1as4_B	6hgi_B
1as4_B	6ftp_B
1as4_B	6hgd_B
1as4_B	5om3_B
1as4_B	6ftp_B
1as4_B	6hgf_B
1as4_B	6hgj_B
1as4_B	6hgk_B
1as4_B	6hgl_B
2zcz_A	2zcz_A
2ze3_A	2ze3_A
2ze3_A	4lsb_B
2ze5_A	2ze5_A
2ze5_A	2ze6_A
2ze5_A	2ze7_A
2ze5_A	2ze8_A
2zeb_D	2zeb_D
2zeb_D	2zeb_B
2zeb_D	1fdp_A
2zeb_D	1dfp_A
2zeb_D	1dfp_A
2zeb_D	1dfp_B
2zeb_D	1dic_A
2zeb_D	6n4t_A
2zeb_D	3bn9_A
2zeb_D	1eax_A
2zeb_D	8f7v_B
2zeb_D	1qrz_C
2zeb_D	1c5w_B
2zeb_D	1w12_U
2zeb_D	3oy6_U
2zeb_D	1c5z_B
2zeb_D	1f5k_A
2zeb_D	1f5l_A
2zeb_D	1fv9_A
2zeb_D	1gi7_B
2zeb_D	1gi8_B
2zeb_D	1gj7_B
2zeb_D	1gj7_B
2zeb_D	1gj8_B
2zeb_D	1gj9_B
2zeb_D	1gja_B
2zeb_D	1gjb_B
2zeb_D	1gjb_B
2zeb_D	1gjc_B
2zeb_D	1gjd_B
2zeb_D	1owh_A
2zeb_D	4fu8_A
2zeb_D	4fub_A
2zeb_D	4x0w_U
2zeb_D	4x1r_U
2zeb_D	5xg4_U
2zeb_D	5yc6_U
2zeb_D	1rtf_B
2zeb_D	4d8n_A
2zeb_D	1ppg_E
2zeb_D	8g25_H
2zeb_D	1b0f_A
2zeb_D	1ppg_A
2zeb_D	7cbk_D
2zeb_D	1fuj_A
2zeb_D	3e0p_B
2zeb_D	3dfj_A
2zeb_D	1bit_A
2zeb_D	1hj8_A
2zeb_D	1mbq_A
2zeb_D	2tbs_A
2zeb_D	1h4w_A
2zeb_D	1a0j_A
2zeb_D	1a0j_B
2zeb_D	1a0j_C
2zeb_D	1a0j_D
2zeb_D	1anc_A
2zeb_D	1and_A
2zeb_D	1az8_A
2zeb_D	1bju_A
2zeb_D	1bjv_A
2zeb_D	1btw_A
2zeb_D	1btx_A
2zeb_D	1bty_A
2zeb_D	1c1n_A
2zeb_D	1c1q_A
2zeb_D	1c1r_A
2zeb_D	1c1t_A
2zeb_D	1c2d_A
2zeb_D	1c2e_A
2zeb_D	1c2h_A
2zeb_D	1c2i_A
2zeb_D	1c2j_A
2zeb_D	1c2k_A
2zeb_D	1c5p_A
2zeb_D	1c5q_A
2zeb_D	1c5r_A
2zeb_D	1c5s_A
2zeb_D	1c5t_A
2zeb_D	1c5u_A
2zeb_D	1ce5_A
2zeb_D	1dpo_A
2zeb_D	1eb2_A
2zeb_D	1f0t_A
2zeb_D	1f0t_A
2zeb_D	1f0u_A
2zeb_D	1g36_A
2zeb_D	1g3b_A
2zeb_D	1g3c_A
2zeb_D	1g3d_A
2zeb_D	1g3e_A
2zeb_D	1gbt_A
2zeb_D	1ghz_A
2zeb_D	1gi0_A
2zeb_D	1gi1_A
2zeb_D	1gi2_A
2zeb_D	1gi3_A
2zeb_D	1gi4_A
2zeb_D	1gi5_A
2zeb_D	1gi6_A
2zeb_D	1gj6_A
2zeb_D	1hj9_A
2zeb_D	1j14_A
2zeb_D	1j15_A
2zeb_D	1j16_A
2zeb_D	1j8a_A
2zeb_D	1k1j_A
2zeb_D	1k1j_A
2zeb_D	1k1l_A
2zeb_D	1k1m_A
2zeb_D	1lqe_A
2zeb_D	1max_A
2zeb_D	1mtu_A
2zeb_D	1n6x_A
2zeb_D	1n6y_A
2zeb_D	1o2h_A
2zeb_D	1o2i_A
2zeb_D	1o2j_A
2zeb_D	1o2k_A
2zeb_D	1o2l_A
2zeb_D	1o2m_A
2zeb_D	1o2n_A
2zeb_D	1o2o_A
2zeb_D	1o2p_A
2zeb_D	1o2q_A
2zeb_D	1o2r_A
2zeb_D	1o2s_A
2zeb_D	1o2t_A
2zeb_D	1o2v_A
2zeb_D	1o2w_A
2zeb_D	1o2x_A
2zeb_D	1o2y_A
2zeb_D	1o2z_A
2zeb_D	1o30_A
2zeb_D	1o31_A
2zeb_D	1o32_A
2zeb_D	1o33_A
2zeb_D	1o34_A
2zeb_D	1o35_A
2zeb_D	1o36_A
2zeb_D	1o37_A
2zeb_D	1o38_A
2zeb_D	1o39_A
2zeb_D	1o3a_A
2zeb_D	1o3b_A
2zeb_D	1o3c_A
2zeb_D	1o3d_A
2zeb_D	1o3e_A
2zeb_D	1o3f_A
2zeb_D	1o3g_A
2zeb_D	1o3h_A
2zeb_D	1o3i_A
2zeb_D	1o3j_A
2zeb_D	1o3k_A
2zeb_D	1o3l_A
2zeb_D	1o3m_A
2zeb_D	1o3n_A
2zeb_D	1o3o_A
2zeb_D	1oyq_A
2zeb_D	1ppc_A
2zeb_D	1ppc_E
2zeb_D	1pph_A
2zeb_D	1pph_E
2zeb_D	1qa0_A
2zeb_D	1qb1_A
2zeb_D	1qcp_A
2zeb_D	1ql9_A
2zeb_D	1tio_A
2zeb_D	1tnh_A
2zeb_D	1tni_A
2zeb_D	1tnj_A
2zeb_D	1tnk_A
2zeb_D	1tnl_A
2zeb_D	1tpp_A
2zeb_D	1tps_A
2zeb_D	1trm_A
2zeb_D	1trm_B
2zeb_D	1trn_A
2zeb_D	1trn_B
2zeb_D	1xug_A
2zeb_D	1xui_A
2zeb_D	1yyy_A
2zeb_D	1zzz_A
2zeb_D	2bza_A
2zeb_D	2tgd_A
2zeb_D	2tio_A
2zeb_D	3plp_A
2zeb_D	1fiw_A
2zeb_D	2bdi_B
2zeb_D	2bdi_A
2zeb_D	3sor_A
2zeb_D	2zp0_A
2zeb_D	1cvw_A
2zeb_D	1jbu_A
2zeb_D	1kli_A
2zeb_D	3e3t_A
2zeb_D	2oqu_A
2zeb_D	1eau_A
2zeb_D	1elb_A
2zeb_D	1elc_A
2zeb_D	1ele_A
2zeb_D	1elf_A
2zeb_D	1elg_A
2zeb_D	1esb_A
2zeb_D	1est_A
2zeb_D	1fzz_A
2zeb_D	1hv7_A
2zeb_D	1jim_A
2zeb_D	1qgf_A
2zeb_D	5est_A
2zeb_D	7est_E
2zeb_D	8est_A
2zeb_D	9est_A
2zeb_D	1bru_A
2zeb_D	1pyt_C
2zeb_D	1dlk_B
2zeb_D	1gcd_A
2zeb_D	1k2i_A
2zeb_D	1iau_A
2zeb_D	3s0n_A
2zeb_D	1nn6_A
2zeb_D	1t31_A
2zeb_D	1t31_A
2zeb_D	4k2y_A
2zeb_D	1au8_A
2zeb_D	1cgh_A
2zeb_D	1t32_A
2zeb_D	3p70_B
2zeb_D	1jwt_A
2zeb_D	4hfp_B
2zeb_D	3bv9_B
2zeb_D	1a2c_A
2zeb_D	1a46_A
2zeb_D	1a4w_A
2zeb_D	1a5g_A
2zeb_D	1ae8_A
2zeb_D	1afe_A
2zeb_D	1aht_A
2zeb_D	1ai8_A
2zeb_D	1aix_A
2zeb_D	1awf_A
2zeb_D	1ay6_A
2zeb_D	1b5g_A
2zeb_D	1bcu_A
2zeb_D	1c1u_A
2zeb_D	1c1v_A
2zeb_D	1c1w_A
2zeb_D	1c5n_A
2zeb_D	1c5o_A
2zeb_D	1d3d_B
2zeb_D	1d3p_B
2zeb_D	1d3p_B
2zeb_D	1d4p_B
2zeb_D	1d4p_B
2zeb_D	1d6w_A
2zeb_D	1d9i_A
2zeb_D	1eb1_C
2zeb_D	1eoj_A
2zeb_D	1eol_A
2zeb_D	1etr_A
2zeb_D	1etr_H
2zeb_D	1ets_A
2zeb_D	1ett_A
2zeb_D	1ett_H
2zeb_D	1fpc_A
2zeb_D	1g30_B
2zeb_D	1g32_B
2zeb_D	1g37_A
2zeb_D	1ghv_A
2zeb_D	1ghw_A
2zeb_D	1ghx_A
2zeb_D	1ghy_A
2zeb_D	1gj4_A
2zeb_D	1gj5_A
2zeb_D	1h8d_A
2zeb_D	1h8i_A
2zeb_D	1iht_A
2zeb_D	1k21_A
2zeb_D	1k22_A
2zeb_D	1k22_H
2zeb_D	1kts_B
2zeb_D	1ktt_B
2zeb_D	1lhc_A
2zeb_D	1lhd_A
2zeb_D	1lhe_A
2zeb_D	1lhf_A
2zeb_D	1lhg_A
2zeb_D	1nm6_A
2zeb_D	1no9_A
2zeb_D	1nt1_A
2zeb_D	1o2g_A
2zeb_D	1qbv_B
2zeb_D	1qhr_B
2zeb_D	1qj1_B
2zeb_D	1qj6_B
2zeb_D	1qj7_B
2zeb_D	1qur_A
2zeb_D	1tbz_A
2zeb_D	1tom_A
2zeb_D	1uma_A
2zeb_D	1uvt_A
2zeb_D	1uvt_H
2zeb_D	3c1k_A
2zeb_D	3c27_B
2zeb_D	3p70_A
2zeb_D	4ayv_B
2zeb_D	4bak_B
2zeb_D	1g2l_A
2zeb_D	1ezq_A
2zeb_D	1ezq_A
2zeb_D	1f0s_A
2zeb_D	1fjs_A
2zeb_D	1fjs_A
2zeb_D	1ksn_A
2zeb_D	1lqd_B
2zeb_D	1mq5_A
2zeb_D	1mq5_A
2zeb_D	1mq6_A
2zeb_D	1mq6_A
2zeb_D	1nfu_A
2zeb_D	1nfw_A
2zeb_D	1nfx_A
2zeb_D	1nfy_A
2zeb_D	1xka_A
2zeb_D	1xkb_B
2zeb_D	2y5h_A
2zeb_D	1ny2_B
2zeb_D	1c4u_B
2zeb_D	1c4v_B
2zeb_D	2v3h_A
2zeb_D	3f68_A
2zeb_D	3qdz_A
2zeb_D	6qsx_BBB
2zet_C	2zet_C
2zew_B	2zew_B
2zew_B	2zex_A
2zew_B	2zey_A
2zew_B	3oea_B
2zf4_A	2zf4_A
2zf4_A	2zf3_F
2zf4_A	2zf4_A
2zf4_A	2zf4_E
2zfu_A	2zfu_A
2zfu_A	2zfu_A
2zgi_D	2zgi_D
2zhz_B	2zhz_B
2zhz_B	3ci1_A
2zhz_B	3ci3_A
2zhz_B	3ci4_A
2zhz_B	3gah_A
2zhz_B	2idx_B
2zhz_B	2idx_C
2zif_B	2zif_B
2zif_B	2zif_B
2zif_B	1boo_A
2zif_B	1boo_A
2zif_B	8s9m_A
2zja_A	2zja_A
2zja_A	2zj5_A
2zja_A	2zja_A
2zja_A	5aga_A
2zja_A	5aga_A
2zkt_B	2zkt_B
2zmz_B	2zmz_B
2zmz_B	5z0d_B
2znz_A	2znz_A
2znz_A	2cyy_A
2znz_A	2zny_A
2znz_A	2yx7_A
2znz_A	2e7x_A
2znz_A	2cg4_A
2znz_A	2p5v_G
2znz_A	2p6s_G
2znz_A	2p6t_G
2znz_A	2vbw_A
2znz_A	2vbx_A
2znz_A	2vby_A
2znz_A	2vbz_A
2znz_A	2vc0_A
2znz_A	2vc1_A
2znz_A	2w24_A
2znz_A	7fby_A
2zoz_B	2zoz_B
2zoz_B	2zoz_A
2zoz_B	2zoz_B
2zpa_A	2zpa_A
2zpa_A	2zpa_A
2zpa_A	2zpa_B
2zqn_A	2zqn_A
2zqn_A	2ds0_A
2zqn_A	2zqo_A
2zs0_D	2zs0_D
2zs0_D	3wct_C
2ztg_A	2ztg_A
2ztg_A	2zze_A
2zti_A	2zti_A
2zti_A	2dvo_A
2zti_A	2mjp_A
2zti_A	2mjp_A
2zti_A	2j4e_D
2zti_A	2j4e_B
2zti_A	2j4e_G
2zti_A	3tqu_A
2zti_A	2pyu_A
2zti_A	2q16_A
2zti_A	1k7k_A
2zti_A	2q16_A
2zti_A	2q16_A
2zts_B	2zts_B
2zts_B	2zts_A
2zts_B	2dr3_E
2zts_B	2dr3_D
2zts_B	4tl6_B
2zts_B	4tlb_D
2zts_B	4tle_E
2zts_B	4tle_F
2zts_B	2w0m_A
2zts_B	4yds_A
2zu9_A	2zu9_A
2zu9_A	2zu8_B
2zu9_A	2wvl_A
2zu9_A	2wvk_A
2zu9_A	2wvm_B
4u3m_M7	4u3m_M7
4u3m_N1	4u3m_N1
4u3m_N1	7cpu_LT
4u3m_N7	4u3m_N7
4u3m_N9	4u3m_N9
4u3m_O1	4u3m_O1
4u3m_O1	8c3a_AE
4u3m_O3	4u3m_O3
4u3m_O3	6qzp_Lf
4u3m_O7	4u3m_O7
4u3m_O7	6zu5_LJJ
4u3m_S9	4u3m_S9
4u3m_c3	4u3m_c3
4u3m_c3	7pwo_N1
4u3m_c5	4u3m_c5
4u3m_c5	8c3a_R
4u3m_c5	8evr_BP
4u3m_d3	4u3m_d3
4u3m_l3	4u3m_l3
4u3m_m0	4u3m_m0
4u3m_m0	7osm_uL16
4u3m_m0	8ife_2D
4u3m_n8	4u3m_n8
4u3m_n8	4u3m_N8
4u3m_q2	4u3m_q2
4u3m_q2	7mpj_Ao
4u3m_q2	8ifd_2i
4u3m_q2	8ife_2i
4u3m_s8	4u3m_s8
4u3m_s8	4v88_AI
4u3m_s8	8evr_BI
4u3u_L6	4u3u_L6
4u3u_SM	4u3u_SM
4u3u_n6	4u3u_n6
4u52_M8	4u52_M8
4u52_M8	8glp_LQ
4u52_M8	6az3_P
4u52_l7	4u52_l7
4u52_l7	7qiw_I
4u52_n3	4u52_n3
4u52_n3	4u4q_n3
4u54_A	4u54_A
4u54_A	4u54_A
4u54_A	3tpo_A
4u5g_A	4u5g_A
4u5i_B	4u5i_B
4u5i_B	1cen_A
4u5i_B	3azr_A
4u5i_B	3amg_A
4u5i_B	3aof_A
4u5i_B	3azs_A
4u5i_B	3mmw_A
4u5i_B	7vt5_A
4u6i_C	4u6i_C
4u6i_C	4tme_C
4u6p_A	4u6p_A
4u6p_A	6brx_A
4u6p_A	6cst_A
4u7t_C	4u7t_C
4u7t_C	4u7t_C
4u7w_A	4u7w_A
4u7w_A	4u7w_B
4u8h_D	4u8h_D
4u99_A	4u99_A
4u99_A	4u9j_A
4u99_A	4u9k_A
4u9r_A	4u9r_A
4u9v_B	4u9v_B
4u9v_B	4u9v_A
4u9v_B	4u9w_B
4u9v_B	7kd7_A
4ua3_A	4ua3_A
4ua3_A	4ua3_B
4uab_A	4uab_A
4uab_A	4xf5_A
4uac_A	4uac_A
4uac_A	4ua8_A
4uap_A	4uap_A
4uas_A	4uas_A
4uas_A	4uau_A
4uas_A	4uav_A
4uas_A	1te2_A
4uas_A	2hcf_A
4uas_A	3qyp_B
4uas_A	3dv9_A
4uas_A	2qlt_A
4uas_A	3s6j_E
4uas_A	6w04_A
4uas_A	4ex7_A
4uas_A	4een_A
4ubf_C	4ubf_C
4uc1_A	4uc1_A
4uc1_A	8e7w_B
4uc1_A	5duo_C
4uc1_A	4uc1_C
4uc1_A	4uc3_A
4uc1_A	8e7w_A
4uc1_A	8e7y_A
4ucy_A	4ucy_A
4ucy_A	4uci_B
4ucy_A	4uck_A
4ucy_A	4uck_B
4ucy_A	4ucz_A
4ucy_A	4ucz_B
5jda_A	5jda_A
5jdj_B	5jdj_B
5jdj_B	1waa_C
5je1_A	5je1_A
5je1_A	5je0_A
5je1_A	5je2_A
5jg4_A	5jg4_A
5jgl_A	5jgl_A
5jgl_A	5egp_A
5jgp_A	5jgp_A
5jgp_A	5iji_A
5jh8_A	5jh8_A
5jig_A	5jig_A
5jig_A	5xbn_A
5jio_A	5jio_A
5jio_A	5k41_A
5jio_A	5k42_A
5jio_A	5l3k_D
5jio_A	5tvg_A
5jio_A	1gz5_A
5jio_A	1gz5_B
5jio_A	1gz5_C
5jio_A	1gz5_D
5jio_A	1uqu_A
5jio_A	1uqt_A
5jio_A	2wtx_D
5jio_A	5uof_B
5jio_A	5v0t_E
5jio_A	6jbr_A
5jio_A	5hut_A
5jio_A	5huu_A
5jio_A	5hvl_A
5jip_A	5jip_A
5jj5_A	5jj5_A
5jjs_A	5jjs_A
5jjs_A	4k6m_A
5jju_B	5jju_B
5jju_B	5cet_A
5jju_B	3w5w_A
5jju_B	5o25_B
5jju_B	5o4z_A
5jju_B	5o7f_A
5jju_B	8ioo_A
5jk8_A	5jk8_A
5jk8_A	5jk5_A
5jk8_A	5den_D
5jki_A	5jki_A
5jm8_A	5jm8_A
5jne_A	5jne_A
5jne_C	5jne_C
5jnq_A	5jnq_A
5jov_A	5jov_A
5jov_A	7knc_A
5jov_A	2xvl_A
5joy_A	5joy_A
5joy_A	5jox_A
5joy_A	5z5f_A
5joy_A	2exj_A
5joy_A	7k1r_A
5joy_A	5zqx_A
5jpt_A	5jpt_A
5jpt_A	2xau_A
5jpt_A	6zm2_A
5jpt_A	6up4_A
5jpt_A	6up3_A
5jpt_A	6up2_A
5jpt_A	5vhc_D
5jqb_A	5jqb_A
5jqh_A	5jqh_A
5jqh_A	5jqh_B
5jqk_A	5jqk_A
5jqk_A	4s2r_P
5jqp_B	5jqp_B
5jqs_A	5jqs_A
5jrc_A	5jrc_A
5jrc_A	5jre_A
5jrc_A	5jre_C
5jrh_A	5jrh_A
5jrh_A	1pg3_A
5jrh_A	1pg4_A
5jrh_A	4rlf_B
5jrh_A	4rm3_B
5jrh_A	4rmn_A
5jrh_A	4rmn_B
5jrh_A	4zjz_B
5jrh_A	6m2t_A
5jrh_A	5k8f_A
5jrh_A	7l4g_B
5jrh_A	5k8f_C
5jrh_A	5ifi_A
5jrh_A	8v4r_A
5jrh_A	3b7w_A
5jrh_A	3day_A
5jrh_A	2wd9_C
5jrh_A	3b7w_A
5jrh_A	3c5e_A
5jrh_A	3day_A
5jrh_A	3eq6_A
5jrh_A	3eq6_A
5jrh_A	3gpc_A
5jrh_A	4wd1_A
5jrh_A	8biq_B
5jrh_A	8biq_A
5jrk_A	5jrk_A
5jsd_A	5jsd_A
5jug_A	5jug_A
5juh_A	5juh_A
5jxd_A	5jxd_A
5jy8_A	5jy8_A
5jy8_A	3hwo_A
5jy8_A	5jxz_A
6bdd_A	6bdd_A
6be0_A	6be0_A
6be6_C	6be6_C
6bea_A	6bea_A
6beh_B	6beh_B
6beh_B	6bec_B
6beh_B	6bed_A
6bgc_B	6bgc_B
6bgc_B	6bgd_A
6bka_A	6bka_A
6bka_A	3bw2_A
6bka_A	4qit_A
6bka_A	4q4k_B
6bme_A	6bme_A
6bml_B	6bml_B
6bml_B	6bmm_A
6bml_B	7khm_A
6bq3_A	6bq3_A
6bq3_A	6bq4_A
6bq3_A	6bq7_A
6bq3_A	3anx_B
6bq3_A	3anx_B
6bqc_A	6bqc_A
6bqc_A	7qos_B
6bqc_A	7qos_A
6bqc_A	5z9o_A
6bqz_A	6bqz_A
6br8_A	6br8_A
6brm_B	6brm_B
6bs3_B	6bs3_B
6bs4_A	6bs4_A
6bs4_A	6bs3_A
6bsu_A	6bsu_A
6bsu_A	6bsv_A
6bsu_A	6bsw_A
6bt2_B	6bt2_B
6bt2_B	6nf0_A
6bt9_B	6bt9_B
6btg_A	6btg_A
6btg_A	4c25_A
6btg_A	1jdi_A
6btg_A	2fua_A
6btg_A	4fua_A
6btg_A	4fua_A
6btg_A	7x78_A
6btg_A	8il8_A
6bw6_B	6bw6_B
6bwh_A	6bwh_A
6bwq_A	6bwq_A
6bxm_B	6bxm_B
6bxm_B	6bxo_A
6bxm_B	3lzd_A
6bxm_B	6bxk_A
6bxm_B	6bxl_A
6bxw_A	6bxw_A
6bz3_A	6bz3_A
6bz3_A	7w9u_A
6bza_C	6bza_C
6bza_C	6bzz_A
6bza_C	6bzi_C
6bza_C	6bzn_D
6bza_C	7v0b_A
6c0b_A	6c0b_A
6c0z_A	6c0z_A
6c0z_A	5cx7_H
6c0z_A	5cx7_E
6c10_A	6c10_A
6cpt_A	6cpt_A
6cpt_A	6cpu_A
6cqg_A	6cqg_A
6cqg_A	2pmu_E
6cqg_A	5ju7_A
6csl_A	6csl_A
6csm_D	6csm_D
6cu2_A	6cu2_A
6cv7_A	6cv7_A
6cw3_E	6cw3_E
6cwy_D	6cwy_D
6cwy_D	1y8q_A
6cx6_B	6cx6_B
6cx6_B	4fr0_A
6cx6_B	4fr0_A
6cx6_B	4kw7_A
6cx6_B	4rsr_A
6cxh_B	6cxh_B
6cxh_B	7s4m_B
6cxh_C	6cxh_C
6cxo_A	6cxo_A
6cxo_A	3ojy_B
6cxo_A	8b0f_E
6cyy_A	6cyy_A
6cyy_A	6cyj_A
6cyy_A	6d2s_A
6cyz_A	6cyz_A
6cyz_A	1h72_C
6cyz_A	1fwk_C
6cyz_A	1fwk_A
6cyz_A	1h72_A
6cyz_A	1h72_C
6cyz_A	1h73_A
6cyz_A	1h73_A
6cyz_A	1h74_A
6cyz_A	1h74_B
6d0j_B	6d0j_B
6d0j_C	6d0j_C
6d0j_C	6wk9_C
6d0j_C	7szt_F
6d0j_C	8f0m_B
6d0j_C	5mtm_B
6d0j_C	7l0f_H
6d0j_C	5v7p_D
6d0j_C	5a43_C
6d2c_A	6d2c_A
6d2c_A	6d3u_A
6d2v_A	6d2v_A
6d2y_A	6d2y_A
6d2y_A	3orj_A
6d4g_A	6d4g_A
6d4g_A	3c5h_A
6d63_J	6d63_J
6d6n_C	6d6n_C
6d6n_C	4ng2_A
6d6n_C	6mvn_A
6d6y_A	6d6y_A
6d71_A	6d71_A
6d8i_A	6d8i_A
6d8p_A	6d8p_A
6d97_A	6d97_A
6d9f_B	6d9f_B
6d9m_A	6d9m_A
6d9m_A	7mwz_B
6qcl_B	6qcl_B
6qcl_B	6hxl_A
6qcl_B	6z2h_B
6qcl_B	6hxl_B
6qcl_B	6z2h_C
6qcl_B	6hxl_F
6qcl_B	6hxp_A
6qdi_A	6qdi_A
6qe4_A	6qe4_A
6qfd_B	6qfd_B
6qfo_A	6qfo_A
6qfo_A	3ecq_B
6qfo_A	5a57_A
6qfo_A	5a58_A
6qfs_B	6qfs_B
6qgn_A	6qgn_A
6qgn_A	4ftw_A
6qgn_A	5kre_A
6qgy_C	6qgy_C
6qhg_A	6qhg_A
6qig_A	6qig_A
6qio_B	6qio_B
6qio_B	6c98_A
6qio_B	6c99_A
6qio_B	6r2u_B
6qio_B	1gzq_A
6qio_B	1onq_A
6qio_B	3t8x_A
6qio_B	7m72_A
6qio_B	6ojp_A
6qio_B	2akr_A
6qio_B	6xng_A
6qio_B	4zfz_A
6qio_B	7s7e_A
6qio_B	3x13_A
6qio_B	1i4f_A
6qio_B	2x4o_A
6qio_B	3vri_A
6qio_B	5ib3_A
6qio_B	5mer_A
6qio_B	6lah_A
6qio_B	6q3k_A
6qio_B	6tdq_A
6qio_B	6vqy_A
6qio_B	6xqa_D
6qio_B	3p73_A
6qio_B	4pg2_A
6qio_B	7zt7_A
6qio_B	4lcw_A
6qio_B	5u16_A
6qio_B	5u72_C
6qio_B	6pue_A
6qio_B	7ufj_A
6qio_B	7zt8_A
6qio_B	7zt9_A
6qja_D	6qja_D
6qo6_B	6qo6_B
6qo6_B	6qo2_A
6qo6_B	6qod_B
6qo6_B	6qof_B
6qo6_B	6qoh_B
6qo6_B	6qop_B
6qo6_B	6qos_B
6qo6_B	6qot_A
6qo6_B	6qov_A
6qo6_B	1uam_A
6qo6_B	1p9p_A
6qo6_B	1uak_A
6qo6_B	1uam_A
6qo6_B	3axz_A
6qo6_B	4mcd_A
6qo6_B	4mcd_A
6qo6_B	4ypz_A
6qo6_B	4yvj_B
6qo6_B	4h3z_B
6qo6_B	4h3y_A
6qo6_B	4h3y_B
6qo6_B	4ig6_A
6qo6_B	6jki_B
6qp0_A	6qp0_A
6qp4_A	6qp4_A
6qp8_A	6qp8_A
6qrj_A	6qrj_A
6qrl_A	6qrl_A
6qse_A	6qse_A
6qse_A	6qsf_B
6qse_A	6rek_A
6qse_A	6ren_A
6qta_A	6qta_A
6qti_A	6qti_A
6qu3_A	6qu3_A
6qu3_A	3f5m_A
6qu3_A	3f5m_B
6qu3_A	6sy7_A
6qv5_A	6qv5_A
6qv5_A	6qva_A
6qvm_A	6qvm_A
6qw5_A	6qw5_A
6qw5_A	6qvv_A
6qw6_U	6qw6_U
6qx1_A	6qx1_A
6qx1_A	5iwi_A
6qx1_A	2y3p_B
6qx1_A	2y3p_A
6qx1_A	2y3p_B
6qx1_B	6qx1_B
6qx1_B	3k9f_C
6r0f_A	6r0f_A
6r0f_A	3gpo_A
6r0f_A	3gqo_A
6r1b_B	6r1b_B
6r1b_B	4aq4_A
6r1b_B	6x84_A
6r1b_B	4aq4_A
6r1b_B	5ci5_A
6r1b_B	5ysd_B
6r1b_B	5yse_A
6r1b_B	5ysb_B
6r1b_B	5ysb_A
6r1b_B	5ysf_A
6r1b_B	7v09_A
6r1b_B	7c0k_B
6r1b_B	7c0k_A
6r1b_B	7c0o_B
6r1g_A	6r1g_A
6r2q_A	6r2q_A
6r2q_B	6r2q_B
6r3m_A	6r3m_A
6xxq_A	6xxq_A
6xxq_A	6xz0_A
6xxq_A	5luh_B
6xxq_A	5lpa_A
6xxq_A	7uy4_A
6xya_B	6xya_B
6xyc_A	6xyc_A
6y01_DDD	6y01_DDD
6y09_D	6y09_D
6y0k_AAA	6y0k_AAA
6y0k_AAA	1sox_A
6y0k_AAA	1sox_B
6y0k_AAA	3hbp_A
6y0k_AAA	4pw9_A
6y20_D	6y20_D
6y2c_B	6y2c_B
6y2x_A	6y2x_A
6y2x_A	6y3j_A
6y2x_A	6y5p_B
6y4f_A	6y4f_A
6y75_A	6y75_A
6y79_R	6y79_R
6y79_R	6yj4_n
6y79_X	6y79_X
6y79_b	6y79_b
6y7e_B	6y7e_B
6y7e_B	3sbr_D
6y7e_B	2iwk_A
6y7e_B	2iwf_A
6y7e_B	1fwx_A
6y7e_B	5i5m_B
6y7f_B	6y7f_B
6y7o_A	6y7o_A
6y7o_A	6y7p_A
6y7o_A	3sn6_B
6y7o_A	1a0r_B
6y7o_A	1gg2_B
6y7o_A	1gp2_B
6y7o_A	8bb5_D
6y7o_A	7jto_B
6y7o_A	7jtp_A
6y7o_A	7q2j_D
6y7o_A	8bb2_B
6y7o_A	8bb4_Q
6y7o_A	8evs_Bg
6y7o_A	4u3m_SR
6y7o_A	8evr_Bg
6y8f_A	6y8f_A
6y8f_A	5agd_B
6y8f_A	4boj_C
6y8f_A	4d4c_B
6y8f_A	4d4d_B
6y8f_A	6zbx_A
6y8s_A	6y8s_A
6y8s_A	6y9c_A
6yak_BBB	6yak_BBB
6yak_BBB	1umc_D
6yak_BBB	1dtw_B
6yak_BBB	2j9f_B
6yak_BBB	1qs0_B
6yak_BBB	3duf_A
6yak_BBB	3duf_B
6yak_BBB	3dv0_B
6yak_BBB	3dv0_D
6yak_BBB	6cer_D
6yak_BBB	1ni4_B
6yak_BBB	1ni4_D
6yak_BBB	3exh_D
6yak_BBB	6cfo_B
6yav_E	6yav_E
6yb5_A	6yb5_A
6yb9_A	6yb9_A
6yb9_A	6yb8_A
6ybb_F	6ybb_F
6ydp_B5	6ydp_B5
6ydp_BQ	6ydp_BQ
6ydp_Be	6ydp_Be
6ydp_Bt	6ydp_Bt
6yf6_A	6yf6_A
6yfm_AA	6yfm_AA
6yfv_B	6yfv_B
6ygb_A	6ygb_A
6ygf_A	6ygf_A
6ygf_A	6ygg_A
6ygf_A	6ygg_B
6ygf_A	8pmr_B
6yhn_A	6yhn_A
6yig_A	6yig_A
6yii_A	6yii_A
6yj1_A	6yj1_A
6yj4_R	6yj4_R
6yj9_A	6yj9_A
6yj9_A	6yj7_A
6yj9_A	6yja_A
6yj9_A	6zza_A
6yjv_AAA	6yjv_AAA
6yjv_AAA	8ce3_A
6yjv_AAA	5zic_B
6yjv_AAA	5zic_B
6yjv_AAA	6yjt_AAA
6yk9_A	6yk9_A
6yk9_A	6yk9_B
6yk9_A	6yk9_E
6yk9_A	5ok4_A
6yk9_A	4jjf_A
6yk9_A	3h65_A
6yk9_A	2b0j_A
6yk9_A	3daf_A
6yk9_A	3f47_A
6yk9_A	3h65_A
6yk9_A	3h65_A
6yk9_A	6hae_A
1cma_A	1cma_A
1cma_A	1cmc_A
1cma_A	1cmc_B
1cma_A	1cmc_A
1cma_A	1mj2_B
1cma_A	1mjl_A
1cma_A	1mjl_B
1com_C	1com_C
1com_C	1com_J
1com_C	3zo8_B
1com_C	1com_K
1com_C	3zo8_C
1com_C	1com_A
1com_C	1com_B
1com_C	1com_C
1com_C	1dbf_A
1com_C	2cht_C
1com_C	2cht_F
1com_C	3zp4_B
1com_C	3zp4_C
1com_C	3zp7_A
1coz_B	1coz_B
1coz_B	7pya_A
1coz_B	7q3w_A
1coz_B	4zcs_A
1cp6_A	1cp6_A
1cp6_A	1ft7_A
1cp6_A	1igb_A
1cp6_A	1lok_A
1cp6_A	1xry_A
1cp6_A	2prq_A
1cp6_A	3b3t_A
1cp6_A	3b3v_A
1cp6_A	3vh9_A
1cp6_A	7oez_A
1cpo_A	1cpo_A
1cpo_A	2civ_A
1cpo_A	2ciw_A
1cpo_A	2ciy_A
1cpo_A	2ciz_A
1cpo_A	2cj0_A
1cr5_A	1cr5_A
1cr5_A	1cr5_A
1csb_A	1csb_A
1csb_A	1sp4_A
1csc_A	1csc_A
1csc_A	1csc_A
1csc_A	2csc_A
1csc_A	3csc_A
1csc_A	3csc_A
1csc_A	4csc_A
1csc_A	5cts_A
1csc_A	2cts_A
1csc_A	1amz_A
1csc_A	1csh_A
1csc_A	1csi_A
1csc_A	1csi_A
1csc_A	1csr_A
1csc_A	1css_A
1csc_A	2cts_A
1csc_A	3enj_A
1csc_A	6csc_A
1csc_A	6csc_B
1csc_A	5uqr_A
1ct9_A	1ct9_A
1ct9_A	6gq3_A
1cu1_A	1cu1_A
1cu1_A	3o8d_A
1cu1_A	4b6e_B
1cv8_A	1cv8_A
1cv8_A	1cv8_A
1cvj_H	1cvj_H
1cvm_A	1cvm_A
1cvm_A	1h6l_A
1cvm_A	1qlg_A
1cvm_A	3amr_A
1cvu_C	1cvu_C
1cw0_A	1cw0_A
3cis_G	3cis_G
3cis_G	3cis_A
3cis_G	3cis_B
3cjp_A	3cjp_A
3cjt_A	3cjt_A
3cjt_A	3cjt_G
3cjt_A	2nxj_A
3cjt_A	3cjr_A
3cjt_A	3cjt_A
3cjt_B	3cjt_B
3cjt_B	3cjt_F
3cjt_B	5d8h_C
3cjy_A	3cjy_A
3ck2_A	3ck2_A
3ckg_A	3ckg_A
3clr_B	3clr_B
3clr_B	1o97_B
3clr_B	3clr_D
3clr_B	4kpu_A
3clt_C	3clt_C
3clt_C	1o97_A
3clt_C	3clr_A
3clt_C	1efp_B
3clt_C	1efv_B
3clt_C	5ow0_B
3clt_C	4l2i_B
3clt_C	4kpu_B
3clt_C	7koe_A
3cmm_C	3cmm_C
3cmm_C	7zh9_A
3cmm_C	4ii3_A
3cmm_C	6o82_A
3cmm_C	7sol_A
3cmm_C	7pvn_A
3cmq_A	3cmq_A
3cmq_A	3hfv_A
3cmq_A	3teg_A
3cmq_A	5mgu_A
3cng_C	3cng_C
3cni_A	3cni_A
3cnm_B	3cnm_B
3cnm_B	3dzl_B
3cnm_B	3juq_A
3cnn_A	3cnn_A
3cnx_C	3cnx_C
3co6_C	3co6_C
3coq_A	3coq_A
3cox_A	3cox_A
3cox_A	1coy_A
3cox_A	3b3r_A
3cox_A	1b4v_A
3cox_A	1b8s_A
3cox_A	1cbo_A
3cox_A	1cc2_A
3cox_A	1ijh_A
3cox_A	1mxt_A
3cox_A	1n1p_A
3cox_A	2gew_A
3cox_A	4u2l_A
3cox_A	4u2s_A
3cp0_A	3cp0_A
3cp5_A	3cp5_A
3cq3_A	3cq3_A
3cqj_A	3cqj_A
3cqo_A	3cqo_A
3cr3_B	3cr3_B
3cr3_B	3pnl_B
3cr3_B	2btd_A
3cr3_B	3pnl_B
3cr3_B	4lrz_A
3cr3_D	3cr3_D
3cr7_A	3cr7_A
3cr7_A	1m7h_B
3cr7_A	1m7h_A
3cr7_A	1m7g_C
3cr7_A	3cr7_B
3cr7_A	3uie_B
3cr7_A	4bzq_B
3cr7_A	5cb6_A
3cr7_A	2ofx_A
3cr7_A	2ax4_A
3cr7_A	2pey_A
3crc_B	3crc_B
3crc_B	3crc_A
3crr_A	3crr_A
3csl_A	3csl_A
3csq_D	3csq_D
3csv_A	3csv_A
3ctr_A	3ctr_A
5f7h_A	5f7h_A
5f7h_A	7m41_B
5f7h_A	7kql_T
5f7h_A	3bib_X
5f7w_A	5f7w_A
5f7w_A	4zh7_A
5f7w_A	5f93_B
5f8e_A	5f8e_A
5f8e_A	5f8e_A
5f8e_A	5f8f_B
5fa1_A	5fa1_A
5fa1_A	8cse_A
5far_A	5far_A
5far_A	5far_D
5far_A	1rsd_A
5far_A	1u68_A
5far_A	2dhn_A
5far_A	2nm2_A
5fbs_A	5fbs_A
5fc6_A	5fc6_A
5fc6_A	5ebe_A
5fc6_A	5ebe_A
5fc6_A	5ebe_B
5fc6_A	5fcb_A
5fc6_A	8w6p_B
5fc9_A	5fc9_A
5fd3_A	5fd3_A
5fe1_A	5fe1_A
5fe1_A	4nqn_A
5fe1_A	5po4_A
5fe1_A	5n49_A
5fe1_A	5po4_B
5fe1_A	5n49_B
5fe1_A	5eq1_A
5fe1_A	7zar_AAA
5fe1_A	7bjy_A
5fe1_A	2rfj_B
5fe1_A	7mr7_A
5fe1_A	6g0s_A
5fe1_A	7mr7_B
5fe1_A	6g0s_B
5fe1_A	4e96_A
5fe1_A	4flp_A
5fe1_A	7khh_D
5fe1_A	7rek_B
5fe1_A	7zfn_AAA
5fe1_A	7zft_AAA
5fe1_A	7zfv_A
5fe1_A	7zfy_AAA
5fe1_A	8bds_D
5fe1_A	7l9k_A
5fe1_A	2e3k_B
5fe1_A	4uyg_A
5fe1_A	7znt_H
5fe1_A	8bdt_E
5fe1_A	8g46_C
5fe1_A	4ir5_A
5fe1_A	5cq6_A
5fe1_A	4qc1_B
5fe1_A	2l84_A
5fea_A	5fea_A
5ffd_A	5ffd_A
5ffd_A	5fej_B
5ffd_A	5ffc_A
5ffz_A	5ffz_A
5fgn_A	5fgn_A
5fgs_D	5fgs_D
5fgw_B	5fgw_B
5fib_A	5fib_A
5fib_A	5fi9_B
5fib_A	5fib_B
5fib_A	5i85_A
5fih_A	5fih_A
5fii_B	5fii_B
5fje_A	5fje_A
5fjm_A	5fjm_A
5fjm_A	5fjn_A
5fjm_A	5hxw_A
5fjm_A	5hxw_A
5fjm_A	3ad7_B
5fjm_A	1vrq_B
5fjm_A	2gag_B
5fjm_A	3ad8_B
5fk0_B	5fk0_B
5flj_C	5flj_C
5flj_C	5flh_A
5flj_C	5flj_A
5fm6_A	5fm6_A
5fm6_A	8oo7_C
5fmm_A	5fmm_A
5fmm_A	5fmm_A
5fnn_A	5fnn_A
5fnn_A	5fnp_A
5fnn_A	7be8_A
5fno_A	5fno_A
5foe_B	5foe_B
5for_A	5for_A
5fp1_A	5fp1_A
5fp1_A	6bpm_A
5fp1_A	6h7f_A
5fp9_A	5fp9_A
5fp9_A	5anq_A
5fp9_A	5phk_A
5fp9_A	4hon_B
5fp9_A	2p5b_A
5fp9_A	3njy_A
5fp9_A	4ai9_B
5fp9_A	4d6q_A
5fp9_A	4hon_A
5fp9_A	4lxl_A
5fp9_A	4xdo_A
5fp9_A	5fp4_A
5fp9_A	5fp8_A
5fp9_A	5fyh_A
5fp9_A	5ph1_A
5fp9_A	5ph2_A
5fp9_A	5ph3_A
5fp9_A	5ph5_A
5fp9_A	5ph6_A
5fp9_A	5ph7_A
5fp9_A	5ph8_A
5fp9_A	5ph9_A
5fp9_A	5pha_A
5fp9_A	5phc_A
5fp9_A	5phd_A
5fp9_A	5phe_A
5fp9_A	5phf_A
5fp9_A	5phh_A
5fp9_A	5phk_A
5fp9_A	5phl_A
5fp9_A	5phm_A
5fp9_A	5phn_A
5fpo_A	5fpo_A
5fpo_A	5fpo_A
5fpo_A	5fpr_A
5fpo_A	6ksc_A
5fpo_A	6lw8_A
5fpo_A	7k72_A
5fpo_A	7k72_C
5fpo_A	4lh7_A
5fpo_A	4lh6_A
5fpo_A	4ucu_A
5fpo_A	4uco_A
5fpo_A	4ucv_A
5fqg_A	5fqg_A
5fqg_A	5l7v_A
5fql_A	5fql_A
5frx_A	5frx_A
5frx_A	5frv_A
5frx_A	5frz_A
5frx_A	5fs0_A
5frx_A	5kbe_B
5frx_A	5kbg_A
5frx_A	5kbh_A
5frx_A	5kbi_A
5ft0_A	5ft0_A
5ftc_A	5ftc_A
5ftc_A	5ftb_A
5ftc_A	5ftc_A
5ftc_A	7oar_A
5ftc_A	6s3h_B
5ftc_A	6s3p_A
5ftc_A	6s3i_A
5ftc_A	6s3n_B
5ftc_A	5o6b_A
5fu2_B	5fu2_B
5fu2_B	5fu2_A
5fu2_B	5fu3_B
5fui_A	5fui_A
5fui_A	1uy1_A
5fui_A	1o8s_A
5fui_A	1uy3_A
5fui_A	1w9w_A
5fv0_A	5fv0_A
5fv0_A	4lya_A
5fv7_A	5fv7_A
5fv7_A	1a77_A
5fv7_A	1a76_A
5fv7_A	5uzv_Z
5fv7_A	5v0a_Z
5fv7_A	5v06_Z
5fv7_A	5v0a_Z
5fv7_A	7mxw_Z
5fv7_A	7mxx_Z
5fv7_A	4q0z_A
5fv8_E	5fv8_E
5fwt_A	5fwt_A
5fxt_A	5fxt_A
5fxt_A	5fve_A
5fxt_A	5g48_B
5fxt_A	5g4q_B
5fxt_A	3bep_B
5fxt_A	2xur_B
5fxt_A	3bep_B
5fxt_A	3d1g_A
5fxt_A	3qsb_A
5fxt_A	4k3l_B
5fxt_A	4mjr_A
5fxt_A	4n94_A
5fxt_A	4n95_A
5fxt_A	4n96_A
5fxt_A	6p81_A
5fxt_A	8cix_A
5fxt_A	8dt6_C
5fyr_D	5fyr_D
5fyr_D	5fyo_A
5fzp_A	5fzp_A
5g0j_A	5g0j_A
5g0j_A	7sgg_A
5g0j_A	5td7_A
5g0j_A	6uhv_A
5g0j_A	6uij_A
5g0j_A	7kuv_A
5g1w_A	5g1w_A
5g1w_A	5hss_A
5g26_A	5g26_A
5g3l_D	5g3l_D
5g4b_A	5g4b_A
5g4j_A	5g4j_A
5g4j_A	5g4i_A
5g4j_A	6tor_B
5g4j_A	3dxw_A
5g4j_A	3dxw_B
5g4j_A	5g2q_D
5g4j_A	5g0a_B
5g4j_A	7ypm_A
5g4j_A	4uox_D
5g4j_A	4uox_C
5g4j_A	4jf1_A
5g4j_A	4jf0_A
5g4j_A	4jf1_B
5g4j_A	4jf0_B
5g4j_A	4jf1_A
5g4j_A	4jf1_B
5g4j_A	1wkh_B
5g4j_A	1wkh_A
5g4j_A	4adc_A
5g4j_A	4adc_B
5g4j_A	1d7r_A
5g4j_A	1d7r_A
5g4j_A	1d7s_A
5g4j_A	1d7s_A
5g4j_A	1d7u_A
5g4j_A	1d7u_A
5g4j_A	1m0n_A
5g4j_A	1m0o_A
5g4j_A	1m0q_A
5g4j_A	1m0q_A
5g4j_A	1zc9_A
5g4j_A	1zob_A
5g4j_A	3du4_A
5g4j_A	2cin_A
5g4j_A	2cjd_A
5g4j_A	2cjg_A
5g4j_A	2cjh_A
5g4j_A	4y0i_A
5g4j_A	4y0h_D
5g4j_A	5dds_A
5g4j_A	5ddu_A
5g4j_A	6jc7_D
5g4j_A	6jc8_A
5g4j_A	6jc9_C
5g4j_A	8jt3_A
5g4j_A	6hbv_A
5g4j_A	7vo1_A
5g4j_A	7vnt_A
5g4j_A	5eqc_B
5g4j_A	4nog_A
5g4j_A	4zwm_A
5g4j_A	4zwm_B
5g4j_A	2oat_A
5g4j_A	1gbn_A
5g4j_A	1gbn_B
5g4j_A	1gbn_C
5g4j_A	2can_A
5g4j_A	2can_B
5g4j_A	2oat_B
5g4j_A	7jx9_A
5g4j_A	4atq_F
5g4j_A	5wyf_A
5gzk_A	5gzk_A
5gzk_A	5gzh_A
5gzs_A	5gzs_A
5h0o_A	5h0o_A
5h20_A	5h20_A
5h20_A	3f8c_A
5h20_A	3f8c_A
5h20_A	6fuu_A
5h20_A	6r1l_A
5h29_A	5h29_A
5h3z_B	5h3z_B
5h3z_B	5h40_A
5h3z_B	5h41_A
5h3z_B	5h42_B
5h4s_A	5h4s_A
5h5a_A	5h5a_A
5h63_A	5h63_A
5h63_A	5h62_B
5h63_A	5h61_B
5h63_A	5xhp_E
5h63_A	6dus_A
5h6b_A	5h6b_A
5h6b_A	7v3k_C
5h6j_B	5h6j_B
5h75_D	5h75_D
5h9f_A	5h9f_A
5h9i_A	5h9i_A
5h9i_A	1oe6_A
5h9i_A	1oe5_A
5h9i_A	1oe6_A
5h9y_A	5h9y_A
5hbn_A	5hbn_A
5hbn_A	8b3s_Z
5hc2_A	5hc2_A
5hc2_A	5hc4_A
5hc2_A	8pc7_C
5hc2_A	6z69_A
5hc2_A	6z69_B
5hc8_A	5hc8_A
5hc8_A	5hxq_C
5hc8_A	5hxp_A
5hc8_A	5hxq_A
5hc8_A	5hxp_C
5hc8_A	5hxq_C
5hc8_A	5hxt_B
5hc8_A	8x36_B
5hc8_A	2e98_A
5hc8_A	3sgv_A
5hc8_A	3qas_A
5hc8_A	1jp3_A
5hc8_A	1jp3_B
5hc8_A	1jp3_A
5hc8_A	1ueh_B
5hc8_A	2e9c_B
5hc8_A	3sgt_B
5hc8_A	3th8_B
5hc8_A	5cqj_A
5hc8_A	5zhe_B
5hc8_A	6szg_B
5hc8_A	7cav_B
5hc8_A	7car_A
5hc8_A	7cc3_H
5hc8_A	7vq9_A
5hc8_A	7vqb_A
5hc8_A	7vqc_B
5hc8_A	7vqd_B
5hc8_A	5xk6_A
5hc8_A	5xk8_A
5hc8_A	5xk9_C
5hc8_A	5ygk_C
5hcc_A	5hcc_A
5hcc_A	8cem_B
5hda_A	5hda_A
5hdt_A	5hdt_A
5he9_A	5he9_A
5hee_A	5hee_A
5hes_B	5hes_B
5hes_B	5hes_A
5hes_B	6es0_B
5hes_B	5ar2_B
5hes_B	5ar4_B
5hes_B	1jpa_A
5hes_B	1mqb_A
5hes_B	2vx0_A
5hes_B	2y6o_A
5hes_B	3dko_A
5hes_B	2ofv_B
5hes_B	3tub_A
5hes_B	4xg2_A
5hes_B	4fz7_A
5hes_B	1u59_A
5hes_B	1qpj_A
5hes_B	3lck_A
5hes_B	1qpd_A
5hes_B	4c3f_A
5hes_B	4mf1_A
5hes_B	3rep_A
5hes_B	3kmw_A
5hes_B	4k33_A
5hes_B	4qrc_A
5hes_B	3vhk_A
5hes_B	1vr2_A
5hes_B	3cjf_A
5hes_B	3hng_A
5hes_B	4f0i_A
5hes_B	5i8a_A
5hes_B	4aoj_C
5hes_B	4at4_A
5hes_B	2yjr_A
5hes_B	5iui_A
5hes_B	4ccu_A
5hes_B	6jqr_A
5hes_B	1rjb_A
5hes_B	3q6u_A
5hes_B	8an8_A
5hes_B	3a4p_A
5hes_B	1jqh_A
5hes_B	1jqh_A
5hes_B	1k3a_A
5hes_B	1opj_A
5hes_B	5hu9_A
5hes_B	2hyy_A
5hes_B	1fpu_A
5hes_B	1iep_A
5hes_B	2hzn_A
5hes_B	3gvu_A
5hes_B	3ue4_A
5hes_B	4xli_A
5hes_B	2qo9_A
5hes_B	2qoq_A
5hes_B	2ivv_A
5hes_B	2zv9_A
5hes_B	3a4o_A
5hes_B	3d7t_A
5hes_B	4w8e_A
5hes_B	3a7g_A
5hes_B	2xik_A
5hes_B	3a7j_A
5hes_B	3ggf_A
5hes_B	3i81_A
5hes_B	3l8p_A
5hes_B	6mwe_A
5hes_B	1fvr_A
5hes_B	3pls_A
5hes_B	4riy_A
5hes_B	8d76_A
5hes_B	2itx_A
5hes_B	6xl4_C
5hes_B	4u0i_A
5hes_B	3lcd_A
5hes_B	4v01_A
5hes_B	2fgi_A
5hes_B	4j97_A
5hes_B	5eg3_A
5hes_B	4nks_A
5hes_B	2fgi_B
5hes_B	4xlv_A
5hes_B	1p4o_B
5hes_B	1i44_A
5hes_B	1ir3_A
5hes_B	3bu5_A
5hes_B	4xv1_B
5hes_B	4xv9_A
5hes_B	5hid_B
5hes_B	5s7q_A
5hes_B	6i1s_A
5hes_B	3my0_A
5hes_B	3my0_B
5hes_B	5s76_B
5hes_B	5s7q_B
5hes_B	5s88_B
5hes_B	4c02_A
5hes_B	2wot_A
5hes_B	5e8y_A
5hes_B	6o5z_B
5hes_B	4mwi_A
5hes_B	7mon_A
5hes_B	5we8_B
5hes_B	5wdy_B
5hes_B	4pwn_A
5hes_B	6vgl_A
5hes_B	4aqc_A
5hes_B	6vnf_A
5hes_B	3pjc_A
5hes_B	4k77_A
5hes_B	4e1z_A
5hes_B	4gii_A
5hes_B	3vn9_A
5hes_B	4zjj_A
5hes_B	2bva_A
5hes_B	8ahg_A
5hes_B	2cdz_A
5hes_B	4ks7_A
5hes_B	2gcd_A
5hes_B	2hy8_A
5hes_B	1yhv_A
5hes_B	4equ_B
5hes_B	5hvj_A
5hes_B	5l6w_B
5hes_B	8fh4_B
5hes_B	7siu_A
5hes_B	6cqe_B
5hes_B	8fjz_A
5hes_B	2x7f_A
5hes_B	5w5q_A
5hes_B	4rvt_B
5hes_B	4lg4_D
5hes_B	8a66_A
5hes_B	4an2_A
5hes_B	4fr4_A
5hes_B	5uv4_A
5hfi_A	5hfi_A
5hfi_A	3kzq_B
5hh7_A	5hh7_A
5hh9_A	5hh9_A
5hhk_B	5hhk_B
5hio_A	5hio_A
5hio_A	2q0j_A
5hio_A	2vw8_A
5hio_A	3dh8_A
5hio_A	5hiq_A
5hio_A	5his_A
5hj1_A	5hj1_A
5hj5_B	5hj5_B
5hj5_B	5hj5_A
5hj5_B	4r7t_C
5hj5_B	1dea_A
5hj5_B	1fqo_A
5hj5_B	1hor_A
5hj5_B	1hor_B
5hj5_B	2wu1_A
5hj5_B	3hn6_A
5hj5_B	1ne7_A
5hjq_A	5hjq_A
5hkf_B	5hkf_B
5hkf_B	5hkl_A
5hl3_A	5hl3_A
7tuv_A	7tuv_A
7tvp_A	7tvp_A
7twa_D	7twa_D
7twa_D	7twa_B
7tx8_A	7tx8_A
7tx8_A	3dzt_A
7tx8_A	3dye_A
7tx8_A	6v4c_A
7u1y_A	7u1y_A
7u1y_A	7u1v_A
7u1y_A	7u1x_A
7u1y_A	5by0_A
7u1y_A	3pt1_A
7u1y_A	5f13_B
7u3d_A	7u3d_A
7u3d_A	1bf2_A
7u55_A	7u55_A
7u55_A	6su4_A
7u55_A	6su3_A
7u5q_A	7u5q_A
7u5q_A	6za0_A
7u5q_A	6on4_A
7u5q_A	2di3_A
7u5q_A	7xp1_A
7u6i_A	7u6i_A
7u6i_A	7jsd_B
7u6i_A	7u6h_A
7uac_H	7uac_H
7uac_H	4gwm_A
7ubk_B	7ubk_B
7uc3_A	7uc3_A
7ud6_A	7ud6_A
7ug9_A	7ug9_A
7ui4_A	7ui4_A
7uii_a	7uii_a
7uj4_B	7uj4_B
7uj4_B	3u88_B
7uj4_B	3u88_A
7uj4_B	4og8_A
7uk7_A	7uk7_A
7uni_B	7uni_B
7unj_A	7unj_A
7unu_7	7unu_7
7unu_7	4v9p_A3
7unv_D	7unv_D
7unv_x	7unv_x
7unv_x	1g7t_A
7unv_x	1g7s_A
7unv_x	7zah_7
7unv_x	6woo_1
7uo8_A	7uo8_A
7uo8_A	7uo3_A
7uoo_I	7uoo_I
7uot_A	7uot_A
7uq2_A	7uq2_A
7uqb_m	7uqb_m
7uqb_m	7ug6_m
7uqb_m	8fl2_NC
7uqn_A	7uqn_A
7uqw_A	7uqw_A
7urd_A	7urd_A
2oo0_A	2oo0_A
2oo0_A	1d7k_A
2oo0_A	2oo0_B
2oo0_A	1d7k_B
2oo0_A	2oo0_A
2oo0_A	2tod_A
2oo0_A	7odc_A
2oo0_A	7u6p_A
2oo0_A	1f3t_A
2oo0_A	1njj_A
2oo0_A	1njj_B
2oo0_A	1njj_C
2oo0_A	1njj_D
2oo0_A	1szr_D
2oo0_A	1f3t_B
2oo0_A	1f3t_B
2oo0_A	1szr_A
2oo0_A	2tod_B
2oo0_A	2tod_A
2oo0_A	4zgy_A
1sqs_A	1sqs_A
1sqs_A	2oys_A
1sqs_A	2oys_B
1sqs_A	1sqs_B
1sqs_A	2oys_A
2pe7_A	2pe7_A
2pe7_A	1thv_A
2pe7_A	2pe7_A
2pe7_A	3e3s_A
2pe7_A	4bal_A
2pe7_A	4bar_A
2pe7_A	4tvt_A
2pe7_A	5l4r_A
2pe7_A	5sw1_A
2pe7_A	5t3g_A
2pe7_A	6c6w_A
2pe7_A	6e0d_A
2q2r_A	2q2r_A
2q2r_A	7s2n_A
2q2r_A	2q2r_A
2bei_B	2bei_B
2bei_B	2q4v_A
2bei_B	2bei_A
2bei_B	2bei_B
2bei_B	2b4b_B
2bei_B	2b3v_A
2bei_B	2b58_A
2bei_B	2fxf_A
2bei_B	3bj8_A
2bei_B	3bj8_B
2bei_B	7ovv_B
2bei_B	7zkt_B
2bei_B	7zhc_A
2bei_B	7zkt_D
2bei_B	8a9n_B
2hvg_B	2hvg_B
2hvg_B	2qga_B
2hvg_B	2hvg_A
2hvg_B	2qga_C
2hvg_B	2ptq_A
2hvg_B	2ptq_B
2hvg_B	2ptq_A
2hvg_B	2ptr_B
2hvg_B	3gzh_A
2hvg_B	4efc_A
2hvg_B	5vkw_B
2hvg_B	5nxa_H
2hvg_B	5nx9_D
2v8k_A	2v8k_A
2v8k_A	2v8j_A
2v8k_A	2v8k_A
2v8k_A	5a29_A
2vrq_A	2vrq_A
2vrq_A	2vrk_B
2vrq_A	2vrq_A
2vyt_A	2vyt_A
2vyt_A	2r58_A
2vyt_A	2r57_A
2vyt_A	2biv_B
2w1a_C	2w1a_C
2w1a_C	2qbv_A
2w1a_C	2w1a_C
2w1a_C	5hud_E
2weu_A	2weu_A
2weu_A	2wet_A
2weu_A	2ar8_A
2weu_A	2aqj_A
2weu_A	2oal_B
2weu_A	2oa1_B
2weu_A	2oal_A
2weu_A	7ju0_B
2weu_A	5hy5_B
2weu_A	6y1w_A
2weu_A	7cu1_A
2weu_A	6slt_A
2weu_A	7aqu_A
2weu_A	7cu0_A
2weu_A	7cu2_A
2weu_A	8ad7_A
2wm3_A	2wm3_A
2wm3_A	2exx_B
2wm3_A	2exx_A
2wm3_A	2wm3_A
2wm3_A	2wm3_A
2x2t_A	2x2t_A
2x2t_A	2x2s_A
2x2t_A	2x2t_A
3me0_A	3me0_A
3me0_A	2xg4_A
1yl5_B	1yl5_B
1yl5_B	5tjz_A
1yl5_B	1c3v_A
1yl5_B	1c3v_B
1yl5_B	1c3v_A
1yl5_B	1p9l_A
1yl5_B	1p9l_A
1yl5_B	1yl5_A
1yl5_B	5ugv_A
1yl5_B	5ees_A
1yl5_B	5eer_A
1yl5_B	5wol_A
1yl5_B	1dih_A
1yl5_B	1arz_B
1yl5_B	1arz_A
1yl5_B	1arz_C
1yl5_B	1dru_A
1yl5_B	1dru_A
1yl5_B	1drv_A
1yl5_B	1drv_A
1yl5_B	1drw_A
1yl5_B	4ywj_A
1yl5_B	5z2f_A
1yl5_B	5z2e_A
1yl5_B	3ijp_A
1yl5_B	3ijp_B
1fe6_A	1fe6_A
1fe6_A	5vh0_C
1fe6_A	5vh0_D
1fe6_A	1fe6_D
1fe6_A	5jr5_B
5w27_A	5w27_A
5w27_A	5ujp_A
5w27_A	5w27_B
5w27_A	5ujp_B
5w27_A	5ujp_A
5w27_A	5umx_A
5w27_A	5w27_A
5w27_A	2a4x_A
5w27_A	2a4x_B
5w27_A	2a4x_A
3b49_A	3b49_A
3b49_A	5x5m_B
5x6y_C	5x6y_C
5x6y_C	5x6y_A
5x6y_C	5x6z_D
5x6y_C	5x6z_D
5x6y_C	5x71_A
5y3z_A	5y3z_A
5y3z_A	5y3z_B
2zvy_A	2zvy_A
5z43_A	5z43_A
5z43_A	5z46_B
5z43_A	5z43_A
5z43_A	5z46_B
5z43_A	5ynv_B
5z43_A	5ynt_B
5z43_A	5ynu_A
5z43_A	2xlq_A
5z43_A	4ee7_A
5z43_A	1zb6_A
5z43_A	1zdw_A
5z43_A	1zdw_A
5z43_A	1zdy_A
5z43_A	7fhb_A
5zfk_A	5zfk_A
5zfk_A	5ze7_B
5zfk_A	5zer_A
5zfk_A	5zfk_A
5zfk_A	4xsr_B
5zfk_A	4xsu_A
6a45_B	6a45_B
6a45_B	6a46_A
6a45_B	5yws_B
6a45_B	8hch_A
6a45_B	6w10_A
6a45_B	2ioc_B
6a45_B	2o4g_A
6a45_B	2oa8_B
6a45_B	3b6o_A
6a45_B	3b6p_A
6a45_B	3b6p_A
6a45_B	7u8y_A
6a45_B	8hcc_A
6a45_B	8hcd_C
6a45_B	8hcd_E
6a45_B	8hce_B
6a45_B	8hcf_B
6a45_B	8hch_B
1n3o_A	1n3o_A
1n3o_A	2gnm_A
1n3o_A	2gme_B
1n3o_A	1n3p_A
1n3o_A	1n3q_B
1n3o_A	1q8q_A
1n3o_A	3zyr_B
1n3o_A	1qf3_A
1n3o_A	6xt6_A
1n3o_A	3usu_A
1n3o_A	1wbl_A
1n3o_A	1wbl_B
1n3o_A	2du1_A
1n3o_A	3wog_B
1n3o_A	1bjq_B
1n3o_A	3ujo_A
1n3o_A	1dbn_A
1n3o_A	1jxn_A
1n3o_A	1jxn_B
1n3o_A	1jxn_A
1n3o_A	1lec_A
1n3o_A	1gsl_A
1n3o_A	1v00_B
1n3o_A	3n36_A
1n4h_B	1n4h_B
1n4h_B	1k4w_B
1n4k_A	1n4k_A
1n4k_A	1n4k_A
1n52_A	1n52_A
1n52_A	6d0y_C
1n5s_A	1n5s_A
1n5s_A	1n5s_B
1n5s_A	1n5t_A
1n5s_A	1n5t_B
1n5s_A	1n5v_A
1n5s_A	1n5v_B
1n67_A	1n67_A
1n67_A	3au0_A
1n6c_A	1n6c_A
1n6c_A	4jds_A
1n6c_A	1muf_A
1n6c_A	1mt6_A
1n6c_A	1mt6_A
1n6c_A	1n6a_A
1n6c_A	1n6c_A
1n6c_A	3m5a_A
1n6c_A	4j83_A
1n6c_A	5ylt_A
1n7u_A	1n7u_A
1n8v_A	1n8v_A
1n8v_A	1n8v_B
1n8v_A	1kx9_A
1na0_B	1na0_B
1na0_B	8bu0_A
1na3_A	1na3_A
1na3_A	6evl_A
1nb0_A	1nb0_A
1nb0_A	1nb9_A
1nb0_A	1p4m_A
1nb0_A	1q9s_A
1nb0_A	1n06_B
1nb0_A	1n08_A
1nb0_A	1n05_A
1nb0_A	1n06_A
1nb0_A	1n07_A
1nb0_A	1n07_A
1nb0_A	1n07_B
1nb0_A	1n08_A
1nb0_A	5a8a_A
1nb0_A	5a88_A
1nb0_A	5a89_A
1nba_A	1nba_A
1nbu_B	1nbu_B
1nbu_B	1nbu_C
1nbu_B	1nbu_A
1nc3_A	1nc3_A
1nc3_A	1nc1_A
1nc3_A	1nc3_B
1nc3_A	1nc3_A
1nc3_A	1y6r_A
1nc3_A	1y6r_B
1nc3_A	1y6r_A
1nc3_A	1z5n_A
1nc3_A	3o4v_A
1nc3_A	4f2w_B
1nc3_A	1zos_A
1nc3_A	1zos_B
1nc3_A	3mms_A
1nc3_A	3eei_B
1nc3_A	3eei_A
1nc3_A	4g41_B
1nc3_A	4qez_A
1nc3_A	4wkb_A
1nc3_A	3dp9_A
1nc3_A	3dp9_B
1nc3_A	4wkb_B
1nc3_A	5ue1_A
1nc3_A	6ays_E
1nc3_A	6aym_A
1nc3_A	6ays_F
1nc3_A	6aym_B
1nc3_A	4bmz_B
1nc3_A	4bmz_A
1nc3_A	4ffs_A
1nc3_A	5cce_A
1nc3_A	6dyu_A
1nc3_A	6dyv_A
1nc3_A	6dyw_A
1nc3_A	6dyy_A
1nc3_A	4jwt_A
1nc3_A	5b7g_A
1nc3_A	5b7n_A
1nc3_A	5b7p_A
1nd4_A	1nd4_A
1nd4_A	1nd4_B
1nd4_A	1nd4_A
1nd4_A	4gki_A
1nd4_A	4ej7_A
1nd4_A	4feu_A
1nd4_A	4feu_E
1nd4_A	4fev_D
1nd4_A	4few_A
1nd4_A	4gkh_F
1nd4_A	6fux_A
1nd4_A	1j7l_A
1nd4_A	1j7l_B
1nd4_A	1j7l_A
1nd4_A	1j7u_A
1nd4_A	1j7u_B
1nd4_A	1j7u_A
1nd4_A	1l8t_A
1nd4_A	2b0q_A
1nd4_A	2b0q_A
1nd4_A	3q2j_B
1ndf_A	1ndf_A
1ndf_A	1ndi_A
1ndf_A	1ndi_A
1ndf_A	1t7o_A
1ndf_A	2h3p_B
1ndf_A	1xl8_A
1ndf_A	2fy5_A
1ndf_A	2fy5_A
1ndf_A	2fy3_A
1ndf_A	2fw3_A
1ndf_A	2deb_A
1nek_B	1nek_B
1nek_B	1nen_B
1nek_B	2wp9_B
1nek_B	4ysx_F
1nek_B	1yq3_B
1nek_B	2fbw_O
1nek_B	3ae4_B
1nek_B	3aeb_B
1nek_B	3sfd_B
1nek_B	3sfd_B
1nek_B	3sfe_B
1nek_B	3vr8_B
1nek_B	3vrb_B
1nek_B	3vrb_B
1nek_B	4ytn_B
1nek_B	5c2t_F
1nek_B	5c3j_B
1nek_B	6myp_B
1nek_B	6myq_B
1nek_B	6myr_B
1nek_B	6mys_B
1nek_B	8gs8_B
1nek_B	8gym_sb
1nek_B	8b6g_CB
1nek_B	1qlb_B
1nek_B	4kx6_B
1nek_B	1kf6_B
1nek_B	7d6v_B
1nek_C	1nek_C
1nek_C	1nen_C
1nek_C	2wp9_C
1nek_C	2wp9_C
1nek_C	2wqy_C
1nek_C	1yq3_C
1nek_C	3ae4_C
1nek_C	3aeb_C
1nek_C	3sfd_C
1nek_C	3sfe_C
1nek_C	6myp_C
1nek_C	6myq_C
1nek_C	6myr_C
1nek_C	6mys_C
2rld_C	2rld_C
2rlf_B	2rlf_B
2rlf_B	2rlf_A
2rr1_C	2rr1_C
2rr1_C	1qju_C
2rr1_C	1aym_C
2rr1_C	4wm7_C
2rr1_C	6zck_C
2rr1_C	1eah_C
2rr1_C	1piv_D
2rr1_C	1pvc_D
2rr1_C	6zcl_C
2rr1_D	2rr1_D
2sar_A	2sar_A
2sar_A	1gmp_A
2sar_A	3d5i_B
2sar_A	1py3_C
2sar_A	3d5i_B
2sar_A	3dh2_C
2scp_A	2scp_A
2scp_A	2hps_A
2scp_A	2hq8_B
2scp_A	2hps_A
2scp_A	2hps_A
2sns_A	2sns_A
2sns_A	2of1_A
2sns_A	1snd_B
2sns_A	1nuc_A
2sns_A	1sth_A
2sns_A	5nuc_A
2uua_G	2uua_G
2uua_H	2uua_H
2uua_M	2uua_M
2uua_M	8evr_BS
2uua_M	4u3u_C8
2uua_Q	2uua_Q
2uur_A	2uur_A
2uuu_A	2uuu_A
2uuu_A	5adz_A
2uuu_A	4bby_A
2uuu_A	4bby_B
2uuu_A	4bc7_C
2uuu_A	4bc9_A
2uuu_A	5ae3_C
2uv5_A	2uv5_A
2uvf_A	2uvf_A
2uvi_A	2uvi_A
2uvi_A	2uvh_A
2uvi_A	5z6b_A
2uvi_A	5z6c_A
2uvi_A	5z6b_A
2uvi_A	6prg_A
2uvi_A	2heu_C
2uvi_A	6pre_A
2uvi_A	6pre_C
2uvi_A	4zze_A
2uvi_A	4zs9_A
2uvi_A	4zs9_B
2uvi_A	7ehq_A
3vb9_B	3vb9_B
3vbm_E	3vbm_E
3vbm_E	3vbj_C
3vbm_E	3vbk_C
3vbm_E	3vbl_C
3vc1_D	3vc1_D
3vc1_D	3vc1_A
3vc1_D	3vc2_D
3vc1_D	4f84_A
3vc1_D	4f86_F
3vc1_D	4f86_A
3vc1_D	4f86_B
3ves_A	3ves_A
3ves_A	3ven_A
3ves_A	3vet_A
3ves_A	3vet_A
3ves_A	7vx0_B
3ves_A	7vyj_A
3ves_A	7vyj_B
3ves_A	7vzy_B
3ves_A	7xb6_A
3vh4_A	3vh4_A
3vhx_B	3vhx_B
3viu_A	3viu_A
3viu_A	3viu_A
3viu_A	2hry_A
3viu_A	2hs4_A
3viu_A	2hs0_A
3vk6_A	3vk6_A
3vkb_B	3vkb_B
3vlj_A	3vlj_A
3vlj_A	3vll_B
3vlj_A	4c50_A
3vlj_A	3ut2_A
3vlj_A	3wxo_A
3vlj_A	3wnu_A
3vlj_A	5l05_A
3vlj_A	5sxr_B
3vlj_A	5l02_B
3vlj_A	5kqi_A
3vlj_A	5sxr_B
3vlj_A	5sxs_B
3vln_A	3vln_A
3vm4_A	3vm4_A
3vm4_A	3awm_A
3vm4_A	5m0o_C
3vm4_A	5m0p_A
3vm4_A	6fyj_A
3vm4_A	7wyg_B
3vm4_A	1izo_A
3vmm_A	3vmm_A
3vmm_A	3wo0_A
3vmm_A	3wo1_A
3vmo_A	3vmo_A
3vmo_A	3wnl_A
3vmo_A	3wnk_A
3vn4_A	3vn4_A
3vnp_A	3vnp_A
3vnp_A	1v3w_A
3vnp_A	6ive_A
3vnp_A	8gpp_C
3vnp_A	8gpm_A
3voi_A	3voi_A
3voi_A	3abx_A
3voi_A	1cb2_A
3voi_A	1qjw_A
3voi_A	1qk0_A
3voi_A	1qk0_A
3voi_A	1qk0_B
3voi_A	1qk2_A
3voi_A	1qk2_A
3voi_A	4ax7_A
3voi_A	1oc7_A
3voi_A	1oc7_A
3voi_A	1ocb_A
3voi_A	1ocb_A
3voi_A	1ocj_A
3voi_A	1ocj_A
3voi_A	1ocn_A
3voi_A	1ocn_A
3voi_A	2bvw_A
3voi_A	6k52_A
3voi_A	6k54_A
3voi_A	6k55_A
3vol_A	3vol_A
3vot_A	3vot_A
3vp5_A	3vp5_A
3vpb_E	3vpb_E
4b4y_A	4b4y_A
4b52_B	4b52_B
4b52_B	4b52_A
4b52_B	1fjt_A
4b52_B	6n4z_A
4b52_B	5un3_A
4b52_B	1esp_A
4b52_B	1fj3_A
4b52_B	1fjw_A
4b52_B	1gxw_A
4b52_B	1hyt_A
4b52_B	1kjo_A
4b52_B	1kjp_A
4b52_B	1kkk_A
4b52_B	1kl6_A
4b52_B	1kr6_A
4b52_B	1kro_A
4b52_B	1ks7_A
4b52_B	1ks7_A
4b52_B	1kto_A
4b52_B	1lna_E
4b52_B	1lnb_E
4b52_B	1lnc_E
4b52_B	1os0_A
4b52_B	1pe5_A
4b52_B	1qf0_A
4b52_B	1qf1_A
4b52_B	1qf1_A
4b52_B	1qf2_A
4b52_B	1tlp_E
4b52_B	1zdp_E
4b52_B	2g4z_A
4b52_B	2whz_A
4b52_B	2wi0_A
4b52_B	3eim_A
4b52_B	3fbo_A
4b52_B	3fxp_A
4b52_B	3ms3_A
4b52_B	3msa_A
4b52_B	3msn_A
4b52_B	3nn7_A
4b52_B	3qgo_A
4b52_B	3qh1_A
4b52_B	3t2i_E
4b52_B	4m65_A
4b52_B	5a3y_A
4b52_B	5fsj_A
4b52_B	5tln_A
4b52_B	5un3_A
4b52_B	6lzn_A
4b52_B	6lzo_A
4b52_B	6qar_A
4b52_B	6sbk_E
4b52_B	6sc0_E
4b52_B	6sc1_E
4b52_B	6sck_E
4b52_B	7tln_A
4b60_B	4b60_B
4b6d_A	4b6d_A
4b98_A	4b98_A
4b98_A	3tfu_B
4b98_A	3tfu_A
4b98_A	1dty_A
4b98_A	1dty_B
4b98_A	1mgv_A
4b98_A	1mgv_B
4b98_A	1mly_A
4b98_A	1mly_B
4b98_A	1mlz_A
4b98_A	1mlz_B
4b98_A	1qj5_A
4b98_A	1qj5_B
4b98_A	4grx_C
4b98_A	6jix_A
4b98_A	6s4g_C
4b98_A	4ba5_A
4b98_A	4ba4_A
4b98_A	4ba5_B
4b98_A	4ba4_B
4b98_A	4a6r_A
4b98_A	4a6r_B
4b98_A	4a6r_A
4b98_A	5kr5_A
4b98_A	5kr6_B
4b98_A	6g4e_A
4b9h_A	4b9h_A
4bae_A	4bae_A
4bae_A	4hz5_B
4bae_A	4hz5_A
4bae_A	4k4o_A
4bae_A	7dpr_B
4bae_A	4kfg_B
4bae_A	4lpb_A
4bbo_A	4bbo_A
4bc2_A	4bc2_A
4bcu_A	4bcu_A
4be6_B	4be6_B
4be6_B	4bei_D
4be6_B	5g50_A
4bes_A	4bes_A
4bes_A	4ber_A
4bes_A	4bet_A
4bf7_A	4bf7_A
4bfg_A	4bfg_A
4bga_C	4bga_C
4bga_C	4bgb_A
4bga_C	4bg8_A
4bga_C	4bg8_A
4bga_C	4bga_B
4bga_C	4bgb_A
4bga_C	4bgb_B
4bga_C	4bgb_A
4bhq_A	4bhq_A
4bif_A	4bif_A
4bj8_B	4bj8_B
4bj8_B	4bj8_A
4bj8_B	2c1s_A
4bj8_B	4jhq_A
4bj8_B	2cam_A
4bj8_B	1ldo_A
4bj8_B	1ldo_B
4bj8_B	1ldo_A
4bj8_B	1ldq_B
4bj8_B	1lel_B
4bj8_B	2a5b_A
4bj8_B	2a8g_B
4bj8_B	3vhh_B
4bj8_B	3vhh_D
4bj8_B	4bcs_B
4bj8_B	5lur_A
4bj8_B	8ck7_A
4bj8_B	2uyw_A
4bj8_B	2zsc_A
4bj8_B	2zsc_B
4bj8_B	2zsc_A
4bj8_B	1n9m_C
4bj8_B	6gmi_A
4bj8_B	2g5l_A
4bj8_B	1df8_A
4bj8_B	1df8_B
4bj8_B	1lcv_A
4bj8_B	1lcv_B
4bj8_B	1lcv_A
4bj8_B	1lcw_A
4bj8_B	1lcw_B
4bj8_B	1lcw_A
4bj8_B	1lcz_A
4bj8_B	1luq_A
4bj8_B	1luq_B
4bj8_B	1mep_A
4bj8_B	1mep_B
4bj8_B	1mep_C
4bj8_B	1mep_D
4bj8_B	1mk5_A
4bj8_B	1mk5_B
4bj8_B	1n43_A
4bj8_B	1n43_B
4bj8_B	1n43_C
4bj8_B	1n43_D
4bj8_B	1n9m_A
4bj8_B	1n9m_B
4bj8_B	1n9m_D
4bj8_B	1nc9_A
4bj8_B	1nc9_C
4bj8_B	1nc9_D
4bj8_B	1ndj_A
4bj8_B	1ndj_B
4bj8_B	1ndj_C
4bj8_B	1ndj_D
4bj8_B	1nqm_A
4bj8_B	1nqm_B
4bj8_B	1nqm_C
4bj8_B	1nqm_D
4bj8_B	1slf_B
4bj8_B	1sri_B
4bj8_B	1swd_A
4bj8_B	1swd_C
4bj8_B	1swd_D
4bj8_B	1swe_A
4bj8_B	1swe_B
4bj8_B	1swe_C
4bj8_B	1swe_D
4bj8_B	1swg_D
4bj8_B	1swk_A
4bj8_B	1swk_B
4bj8_B	1swk_C
4bj8_B	1swk_D
4bj8_B	1swk_A
4bj8_B	1swn_A
4bj8_B	1swn_C
4bj8_B	1swn_D
4bj8_B	1swp_A
4bj8_B	1swp_B
4bj8_B	1swp_C
4bj8_B	1swp_D
4bj8_B	1swr_A
4bj8_B	1swr_B
4bj8_B	1swr_C
4bj8_B	1swr_D
4bj8_B	1swt_A
4bj8_B	1swt_B
4bj8_B	2izf_A
4bj8_B	2izf_B
4bj8_B	2izg_A
4bj8_B	2izg_B
4bj8_B	2izh_A
4bj8_B	2izh_B
4bj8_B	2izi_A
4bj8_B	2izj_A
4bj8_B	2izk_A
4bj8_B	2izl_A
4bj8_B	2izl_B
4bj8_B	2rtd_A
4bj8_B	2rtd_B
4bj8_B	2rte_A
4bj8_B	2rte_B
4bj8_B	2rtf_A
4bj8_B	2rtf_B
4bj8_B	2rtg_A
4bj8_B	2rtg_B
4bj8_B	2rth_A
4bj8_B	2rth_B
4bj8_B	2rti_A
4bj8_B	2rti_B
4bj8_B	2rtj_A
4bj8_B	2rtk_A
4bj8_B	2rtl_A
4bj8_B	2rtl_A
4bj8_B	2rtm_A
4bj8_B	2rtn_A
4bj8_B	2rtn_B
4bj8_B	2rto_A
4bj8_B	2rto_B
4bj8_B	2rtp_A
4bj8_B	2rtp_B
4bj8_B	2rtq_A
4bj8_B	2rtq_B
4bj8_B	2rtr_A
4bj8_B	2rtr_B
4bj8_B	3rdq_A
4bj8_B	3t6f_B
4bj8_B	4irw_A
4bj8_B	5b5g_A
4bj8_B	1sri_A
4bj8_B	1srg_A
4bj8_B	1srg_B
4bj8_B	1srh_A
4bj8_B	1srh_B
4bj8_B	1srj_A
4bj8_B	1srj_B
4bj8_B	1swg_C
4bj8_B	1swg_A
4bj8_B	1swg_B
4bj8_B	1swn_B
4bj8_B	1nc9_B
4bj8_B	1swd_B
4bja_A	4bja_A
4bkm_A	4bkm_A
4bkm_A	7po7_H
4bkm_A	2cft_A
4bkm_A	2cft_A
4bkm_A	2oyc_A
4bkm_A	4bx2_A
4bkm_A	3qgm_C
4bkm_A	4jdp_B
4bkm_A	2x4d_A
4bkm_A	4o8c_B
4bkm_A	2c4n_A
4bkm_A	2hx1_A
4bl0_A	4bl0_A
4bl0_A	1yfq_A
4c0l_A	4c0l_A
4c0l_A	4c0k_A
4c0z_F	4c0z_F
4c1h_A	4c1h_A
4c1h_A	1dd6_A
4c1h_A	1jjt_A
4c1h_A	2doo_A
4c1h_A	2doo_B
4c1h_A	1m2x_A
4c1h_A	1m2x_A
4c1h_A	1a8t_A
4c1h_A	1a8t_A
4c1h_A	1kr3_A
4c1h_A	4c1e_A
4c1h_A	5acv_B
4c1h_A	6kxo_A
4c1h_A	4c1e_B
4c1h_A	7afy_A
4c1h_A	6zyq_A
4c1h_A	4raw_A
4c1h_A	3sd9_A
4c1h_A	1x8h_A
4c1h_A	2qds_A
4c1h_A	3iof_A
4c1h_A	3q6v_A
4c1h_A	5ew0_A
4c1k_A	4c1k_A
4c1k_A	1fwt_A
4c1k_A	1fwt_B
4c1k_A	1fww_A
4c1k_A	1fww_B
4c1k_A	1fy6_A
4c1k_A	1fy6_B
4c1k_A	1jcx_A
4c1k_A	1jcx_B
4c1k_A	1jcy_A
4c1k_A	1jcy_B
4c1k_A	1jcy_A
4c1k_A	1lrq_A
4c1k_A	1lrq_B
4c1k_A	1pe1_A
4c1k_A	2a21_A
4c1k_A	2nx1_A
4c1k_A	3e0i_A
4c1k_A	1g7u_A
4c1k_A	1g7v_A
4c1k_A	1gg0_A
4c1k_A	1phw_A
4c1k_A	1pl9_A
4c1k_A	1x6u_A
4c1k_A	3fyo_D
4c1k_A	3und_B
4c1n_K	4c1n_K
4c1n_K	3zyy_X
4c1q_A	4c1q_A
4c1q_A	4ijd_A
4c1q_A	6nm4_A
4c1w_A	4c1w_A
4c20_B	4c20_B
4c20_B	3a9s_A
4c20_B	4c22_B
4c2m_I	4c2m_I
4c2m_J	4c2m_J
4c4b_A	4c4b_A
4c4b_A	2amu_A
4c4m_A	4c4m_A
4c4m_A	2wfr_A
4c4m_A	3m1n_B
4c4m_A	4c4n_A
4c4m_A	4c4n_B
4c4m_A	6pjv_A
4c5o_A	4c5o_A
4c5o_A	4usq_A
4c5o_A	4usr_A
4c5o_A	4usr_A
4c5o_A	2zbw_A
4c5o_A	2zbw_B
4c5o_A	3ab1_A
4c5o_A	3ab1_B
4c5o_A	3lzw_A
4c5o_A	3lzw_A
4c5o_A	6gar_A
4c6h_A	4c6h_A
4c6h_A	1g42_A
4c6h_A	1g4h_A
4c6h_A	1iz8_A
4c6h_A	4k2a_C
4c6h_A	3a2m_B
4c6h_A	7o3o_A
4c6h_A	5w15_D
4c6h_A	6g75_B
4c6h_A	6yn2_A
4c6h_A	7omr_A
4c6h_A	2psf_B
4c6h_A	5esr_A
4c91_A	4c91_A
4c91_A	7pug_A
4c94_B	4c94_B
4c94_B	4c94_A
4c94_B	4a8v_A
4c94_B	1fm4_A
4c94_B	4a86_A
4c94_B	3e85_A
4c94_B	1txc_A
4c94_B	4ryv_A
4c94_B	4ma6_A
4c94_B	4ma6_B
4c94_B	6aws_A
4c94_B	6aww_B
4c94_B	6b1d_C
4c94_B	4gy9_A
4c94_B	4jhg_A
4c94_B	4jhh_A
4c94_B	4jhi_A
4c94_B	4jhi_A
4c94_B	4n3e_A
4c94_B	4n3e_B
4c94_B	4n3e_C
4c94_B	8h3j_A
4c98_A	4c98_A
4c9z_A	4c9z_A
4cc0_A	4cc0_A
4cc0_A	5uk5_B
4cc9_B	4cc9_B
4ccg_X	4ccg_X
4ccv_A	4ccv_A
4ccz_A	4ccz_A
4ccz_A	4ccz_A
4ccz_A	1q8j_A
4ccz_A	3bof_A
4cd5_A	4cd5_A
4cd5_A	4cd4_A
4cd5_A	1odz_A
4cd5_A	1gvy_A
4cd5_A	1gw1_A
4cd5_A	1gw1_A
4cd8_A	4cd8_A
4cd8_A	4cd6_A
4cd8_A	7dwa_B
4cdd_A	4cdd_A
4cdd_A	4cdf_A
4cdd_A	6ic5_A
4cdd_A	6ic6_A
4cdd_A	6ic7_A
4cdd_A	6rn7_A
4cdd_A	6rn9_A
4cdd_A	6rni_A
4kdd_A	4kdd_A
4kdr_A	4kdr_A
4kf9_A	4kf9_A
4kft_C	4kft_C
4kft_C	4kfs_A
4kft_C	4kfu_A
4kft_C	4r2i_A
4kfv_A	4kfv_A
4kg0_A	4kg0_A
4kgk_B	4kgk_B
4kgk_B	4kgk_A
4kgk_B	4kgk_B
4kgk_B	4kgm_A
4kgk_B	5axm_B
4kgk_B	5axl_A
4kgk_B	5axn_B
4kgn_B	4kgn_B
4kgn_B	4kgn_A
4kgn_B	1mxi_A
4kgn_B	1mxi_A
4kgn_B	3n4k_B
4kgn_B	3n4k_A
4kgn_B	3n4k_A
4kgn_B	4jal_A
4kgn_B	4jal_B
4kgn_B	4pzk_B
4kgn_B	4pzk_A
4kgq_D	4kgq_D
4kgq_D	4kgq_C
4kgq_D	3alq_S
4kgq_D	3me4_A
4kh6_B	4kh6_B
4kh6_B	4a59_D
4kh6_B	4kh4_B
4kho_A	4kho_A
4kif_B	4kif_B
4kif_B	4kic_A
4kif_B	4kig_A
4kif_B	4kig_A
4kif_B	4m6x_A
4kik_B	4kik_B
4kjm_A	4kjm_A
4kly_B	4kly_B
4kly_B	5g54_A
4kly_B	5fjg_A
4kly_B	7q36_A
4kly_B	4xtn_A
4kly_B	6rf0_C
4knh_B	4knh_B
4knl_C	4knl_C
4knl_C	4knk_B
4knv_A	4knv_A
4koa_A	4koa_A
4koa_A	2glx_A
4koa_A	4koa_A
4koa_A	1h6d_A
4koa_A	1evj_A
4koa_A	1h6a_A
4koa_A	1h6a_B
4koa_A	1h6c_A
4koa_A	1h6c_B
4koa_A	1h6d_D
4koa_A	1ryd_A
4koa_A	5a06_A
4koa_A	5a03_A
4koa_A	5a02_A
4koa_A	5a03_C
4koa_A	5a03_E
4koa_A	5a04_A
4koa_A	5a06_A
4koa_A	5a06_A
4koa_A	7xr9_E
4koa_A	7x2y_A
4koa_A	1zh8_A
4koa_A	1zh8_A
4koa_A	3rc9_A
4koa_A	3rc1_A
4kpp_B	4kpp_B
4kpp_B	4kpp_A
4kpy_A	4kpy_A
4kpy_A	4nca_A
4krg_A	4krg_A
4krh_A	4krh_A
4krh_A	4krh_A
4krh_A	4ine_A
5mab_A	5mab_A
5mc9_A	5mc9_A
5mdn_A	5mdn_A
5mdn_A	3iay_A
5mdn_A	4k8x_A
5mdn_A	5omq_A
5mdn_A	1qht_A
5mdn_A	5omq_A
5mdn_A	6is7_A
5mdn_A	6q4t_A
5mdn_A	6wya_A
5mdn_A	7b08_A
5mdn_A	7b0g_A
5mdn_A	3k57_A
5mdn_A	3k58_A
5mdn_A	3k59_A
5mdn_A	3k5m_A
5mdn_A	3maq_A
5mfd_F	5mfd_F
5mfm_C	5mfm_C
5mfm_C	5mfm_A
5mh5_A	5mh5_A
5mh5_A	5mh6_C
5mh5_A	5mha_B
5min_B	5min_B
5min_B	1c9u_A
5min_B	1c9u_B
5min_B	1c9u_B
5min_B	1cq1_B
5min_B	1cru_A
5min_B	1cru_B
5mki_C	5mki_C
5mki_C	5mkn_d
5mki_C	1lnx_E
5mki_C	1lnx_F
5mki_C	1loj_A
5mki_C	1loj_C
5mkp_A	5mkp_A
5mkp_A	5mko_A
5mkp_A	5b4e_A
5mkp_A	5ztb_B
5mkp_A	6scy_B
5mkw_A	5mkw_A
5mlh_A	5mlh_A
5mlh_A	2v6g_A
5mlh_A	5mlm_A
5mlh_A	6gsd_A
5mlh_A	5dcy_A
5mlh_A	5dbi_B
5mlh_A	5dcw_A
5mlh_A	5dbf_B
5mlh_A	5dcy_A
5mm0_A	5mm0_A
5mm0_A	5mlz_A
5mob_A	5mob_A
5mob_A	3njo_B
5mob_A	7z1q_A
5mob_A	8ay8_A
5mob_A	3kdi_A
5mob_A	3kaz_B
5mob_A	3nmp_A
5mob_A	3nmt_A
5mob_A	3nmv_A
5mob_A	3nef_A
5mob_A	3kdj_A
5mob_A	3oji_A
5mob_A	4dsc_B
5mob_A	4oic_A
5mpq_A	5mpq_A
5mpq_A	5o1j_A
5mpq_A	6fcr_A
5mpq_A	6fbt_A
5mpq_A	6fcs_A
5mpq_A	1sly_A
5mpy_A	5mpy_A
5mqp_E	5mqp_E
5mqr_A	5mqr_A
5mqr_A	5mqs_A
5mst_B	5mst_B
5mst_B	5mss_A
5msv_D	5msv_D
5msv_D	5msr_B
5msx_C	5msx_C
5msy_A	5msy_A
5msz_A	5msz_A
5mtv_A	5mtv_A
5mtw_A	5mtw_A
5mtz_A	5mtz_A
5mui_A	5mui_A
5mun_A	5mun_A
5muy_A	5muy_A
5mwe_B	5mwe_B
5mwe_B	5mw9_A
5mwk_A	5mwk_A
5mxy_A	5mxy_A
5myd_C	5myd_C
5myd_C	5myi_D
5mza_A	5mza_A
5mza_B	5mza_B
5mzx_B	5mzx_B
5n0n_A	5n0n_A
5n0n_A	5n0o_A
5n0n_A	5n0s_B
5n0n_A	5n4i_A
5n0n_A	5ouf_A
5n0n_A	6mjg_A
5n1t_W	5n1t_W
5n29_A	5n29_A
6k0w_A	6k0w_A
6k37_A	6k37_A
6k37_A	6itd_A
6k4e_B	6k4e_B
6k5j_A	6k5j_A
6k5j_A	3nvd_A
6k5j_A	3bmx_A
6k5j_A	4gyj_A
6k5j_A	5c0q_B
6k5j_A	5vqe_A
6k61_M	6k61_M
6k61_M	5oy0_M
6k61_M	7y7b_M
6k61_M	7xqp_M
6k61_x	6k61_x
6k7l_C	6k7l_C
6k8n_A	6k8n_A
6k8p_A	6k8p_A
6k8p_A	6k5h_D
6k8p_A	6k5k_C
6k8p_A	6k8p_B
6k8p_A	3bje_A
6k91_A	6k91_A
6k91_A	6k8z_B
6k91_A	2yxt_A
6k91_A	1rfu_A
6k91_A	1rft_A
6k91_A	1ygk_A
6k91_A	1yhj_A
6k91_A	2ajp_A
6k91_A	3fhx_B
6k91_A	3fhx_A
6k91_A	3fhx_B
6k91_A	4eoh_B
6k91_A	6yk0_A
6k91_A	6yk1_A
6k91_A	8wr2_B
6k91_A	3zs7_A
6k91_A	6su9_A
6k91_A	1td2_B
6k91_A	4s1h_A
6k91_A	4s1i_B
6k91_A	4s1i_A
6k9z_A	6k9z_A
6k9z_A	6k5z_B
6k9z_A	5in3_B
6k9z_A	6gqd_A
6k9z_A	1gup_A
6k9z_A	1gup_B
6k9z_A	1gup_A
6k9z_A	1guq_A
6k9z_A	1guq_B
6k9z_A	1guq_A
6k9z_A	1hxp_A
6k9z_A	1hxp_B
6k9z_A	1hxp_A
6k9z_A	1hxq_A
6k9z_A	1hxq_B
6k9z_A	2h39_B
6k9z_A	1z84_A
6k9z_A	2h39_A
6k9z_A	2h39_B
6kam_C	6kam_C
6kam_C	6kaj_A
6kam_C	6kal_B
6kbh_A	6kbh_A
6kbh_A	6laa_A
6kcv_A	6kcv_A
6kd5_A	6kd5_A
6kd5_A	8hd8_B
6ke5_B	6ke5_B
6ke5_B	5klb_A
6ke5_B	6c1m_A
6ke5_B	6juh_C
6ke5_B	6ke5_D
6ke5_B	6sxe_A
6ke5_B	6sxc_A
6ke5_B	7eeb_A
6kev_A	6kev_A
6kfs_A	6kfs_A
6kfu_A	6kfu_A
6kfu_A	4aoa_A
6kfu_A	4aoa_B
6kfu_A	2yku_A
6kfu_A	6iz9_A
6kfu_A	2yku_B
6kfu_A	6iz9_B
6kfu_A	2ykv_A
6kfu_A	2ykv_B
6kfu_A	2ykv_A
6kfu_A	2ykx_A
6kfu_A	2yky_A
6kfu_A	4zm3_A
6kfu_A	4zm3_B
6kfu_A	5i92_F
6kfu_A	2hoz_A
6kfu_A	3fq8_A
6kfu_A	2gsa_A
6kfu_A	2gsa_B
6kfu_A	3fq7_A
6kfu_A	3gsb_A
6kfu_A	3gsb_B
6kfu_A	3gsb_A
6kfu_A	4gsa_A
6kfu_A	4gsa_B
6kfu_A	6k8h_B
6kgx_2H	6kgx_2H
6kgx_31	6kgx_31
6kgx_4H	6kgx_4H
6kgx_A2	6kgx_A2
6kgx_aH	6kgx_aH
6khu_A	6khu_A
6ki1_B	6ki1_B
6ki3_B	6ki3_B
6kia_A	6kia_A
6kij_B	6kij_B
6kko_A	6kko_A
6kks_A	6kks_A
6kme_A	6kme_A
6kmm_F	6kmm_F
6kmm_F	6kmm_C
6kmm_F	7e5q_B
6kmm_F	7dlk_C
6kmm_F	2y4e_A
6kmm_F	6jbn_A
6kns_A	6kns_A
6kns_A	1zkp_A
7fst_C	7fst_C
7fst_C	7fsu_D
7fst_C	7ft3_A
7fst_C	7fsg_D
7fst_C	7fsu_D
7fst_C	7fsx_B
7fst_C	7fsy_B
7fst_C	7fsz_D
7fst_C	7ft1_C
7fst_C	7ft6_D
7fst_C	7ft8_C
7fst_C	7fta_C
7fst_C	7ftc_C
7fst_C	7ftd_C
7g9o_A	7g9o_A
7g9o_A	7g9r_A
7g9o_A	7g9v_A
7g9o_A	7g9w_A
7g9o_A	7ga2_A
7g9o_A	7ga6_A
7g9o_A	8um3_A
7g9o_A	8v7r_A
7g9o_A	8v7u_A
7g9o_A	2jly_B
7g9o_A	2jlq_A
7g9o_A	2jlr_A
7x0b_B	7x0b_B
7x0r_B	7x0r_B
7x0r_B	2fqw_A
7x0r_B	6y9u_A
7x0r_B	6ya3_A
7x0r_B	6ya4_A
7x0r_B	6yab_CCC
7x0r_B	6yag_C
7x0r_B	3s99_A
7x0r_B	6pii_C
7x0r_B	6pii_A
7x0z_B	7x0z_B
7x1i_A	7x1i_A
7x2n_A	7x2n_A
7x51_B	7x51_B
7x51_B	7x4y_E
7x51_B	3fz8_E
7x51_B	3fz6_E
7x6f_C	7x6f_C
7x6f_C	7x6f_B
7x7h_A	7x7h_A
7x7h_A	3o75_A
7x8k_B	7x8k_B
7x8k_B	2ggq_A
7x8k_B	2ggq_A
7x8k_B	2ggq_A
7x8k_B	5z09_A
7x8k_B	7d73_B
7x8k_B	7d73_A
7x8k_B	3brk_X
7x8k_B	5w5r_E
7x8k_B	5w5r_A
7x8k_B	5l6v_A
7x8k_B	6r8u_A
7x8k_B	1yp3_C
7x8k_B	1yp2_C
7x8k_B	1yp4_B
7x8k_B	1yp4_B
7x8k_B	1yp4_C
7x9z_B	7x9z_B
7x9z_B	7dya_A
7x9z_B	4xgs_B
7x9z_B	4ztt_B
7x9z_B	4ztt_C
7x9z_B	4ztt_F
7x9z_B	3bvi_F
7xa9_A	7xa9_A
7xa9_A	8iab_A
7xc2_A	7xc2_A
7xca_A	7xca_A
7xcn_P	7xcn_P
7xer_A	7xer_A
7xer_A	7s88_A
7xer_A	7s8b_A
7xer_A	7s8c_A
7xer_A	7t6m_A
7xer_A	8ffn_A
7xer_A	8ffq_A
7xer_A	8foa_A
7xer_A	8foa_C
7xer_A	8tf3_A
7xer_A	8gfa_A
7xer_A	7lp9_A
7xey_B	7xey_B
7xft_A	7xft_A
7xfz_A	7xfz_A
7xgt_B	7xgt_B
7xgx_A	7xgx_A
7xht_A	7xht_A
7xjf_C	7xjf_C
7xjf_C	7wn8_A
7xjn_A	7xjn_A
7xjn_A	1poy_A
7xjn_A	1pot_A
7xjn_A	1poy_B
7xjn_A	6ye7_A
7xjn_A	1a99_A
7xjn_A	6ye8_A
7xjn_A	7oyw_A
7xjn_A	8asz_A
7xjv_B	7xjv_B
7xk6_B	7xk6_B
7xk6_C	7xk6_C
7xk6_E	7xk6_E
7xk7_D	7xk7_D
7xkd_R	7xkd_R
7xkd_R	7d77_R
7xlf_B	7xlf_B
7xlf_B	7xg9_A
7xm0_A	7xm0_A
7xmb_L	7xmb_L
7xmn_B	7xmn_B
7xmn_B	7f8l_A
7xmw_B	7xmw_B
7xn2_A	7xn2_A
7xnt_A	7xnt_A
7xpi_A	7xpi_A
7xpi_A	7ytl_A
7xpi_A	8jsc_C
7xpi_A	3h8i_A
7xpi_A	6oi6_A
7xpi_A	6mo6_B
7xpi_A	8dhk_A
7xpi_A	6ynv_e
7xpt_A	7xpt_A
7xpt_A	7xps_A
7xpt_A	7yv0_A
7xpt_A	7xpu_A
7xpt_A	7yua_A
7xql_A	7xql_A
7xru_A	7xru_A
7xru_A	7xqz_A
7xru_A	7xr7_A
7xrx_A	7xrx_A
7xs3_A	7xs3_A
7xs3_A	3vpl_A
7xs3_A	2ddx_A
7yjo_B	7yjo_B
7yka_B	7yka_B
7yl5_A	7yl5_A
7yla_6	7yla_6
7yla_6	7of4_C
7yle_A	7yle_A
7ylg_A	7ylg_A
7ylq_A	7ylq_A
7ym0_A	7ym0_A
7yml_X	7yml_X
7ymo_A	7ymo_A
7yn3_A	7yn3_A
7ynm_A	7ynm_A
7ynx_A	7ynx_A
7ypu_E	7ypu_E
7ypu_E	7ypv_A
7yq2_X	7yq2_X
7yqs_A	7yqs_A
7yqs_A	7esk_A
7yqs_A	7esn_A
7yrj_A	7yrj_A
7yrj_A	7vkq_A
7yrj_A	7vkr_A
7ysh_B	7ysh_B
7ytj_E	7ytj_E
7yud_R	7yud_R
7yui_B	7yui_B
7yul_A	7yul_A
7yw2_A	7yw2_A
7yw4_A	7yw4_A
7ywb_A	7ywb_A
7ywb_A	7z54_A
7ywb_A	7z5m_A
7ywb_A	7z7b_A
7ywb_A	6ym2_A
7ywb_A	7p8b_A
7ywb_A	7p8f_A
7ywb_A	7pj9_A
7ywf_B	7ywf_B
7yx8_A	7yx8_A
7yx8_A	7sci_A
7yxl_A	7yxl_A
7yxl_A	7yxh_A
7yxl_A	5nfn_B
7yxl_A	4qu2_A
7yzq_E	7yzq_E
7yzq_E	7yzm_E
7yzq_E	1hux_A
7yzq_E	4eht_A
7yzq_E	4ehu_B
7yzq_E	4ehu_A
7z05_A	7z05_A
7z0h_I	7z0h_I
7z0h_I	1i50_I
7z0r_A	7z0r_A
7z0s_G	7z0s_G
7z15_C	7z15_C
7z17_D	7z17_D
7z36_B	7z36_B
7z3f_A	7z3f_A
7z3f_A	7z3g_A
7z3j_A	7z3j_A
7z5a_A	7z5a_A
7z5a_A	4mb7_A
7z5h_A	7z5h_A
7z67_A	7z67_A
7z6e_C	7z6e_C
7z8n_A	7z8n_A
7z98_A	7z98_A
7z98_A	7z94_A
7z98_A	7z97_A
7zag_C	7zag_C
7zag_F	7zag_F
7zc0_AAA	7zc0_AAA
7zcu_S	7zcu_S
7ze9_CCC	7ze9_CCC
7zeh_C	7zeh_C
7zeh_C	2g06_A
7zeh_C	2g08_A
7zeh_C	2g09_A
7zeh_C	2g0a_A
7zeh_C	2vkq_A
7zeh_C	4fe3_A
7zeh_C	4kx3_A
7zeh_C	4kx5_A
7zeh_C	4nwi_A
7zeh_C	4nv0_B
7zeh_C	4nwi_A
7zel_A	7zel_A
7zgy_A	7zgy_A
7zhb_A	7zhb_A
7zhb_A	7zle_A
7zhb_A	7zlu_A
7zhd_A	7zhd_A
7zhf_A	7zhf_A
7zhf_A	5hci_E
7zhf_A	1yra_B
7zhf_A	1yr7_A
7zhf_A	1yr8_A
7zhf_A	1yra_A
7zhf_A	1yra_B
7zhf_A	1yrb_B
7zhm_B	7zhm_B
7zhm_C	7zhm_C
7zjm_B	7zjm_B
7zjv_A	7zjv_A
7zjv_A	7p99_A
7zk3_A	7zk3_A
7zkh_A	7zkh_A
7zld_B	7zld_B
7zld_B	7o2m_B
7zld_B	7vlg_B
7zld_B	7vlh_B
7zld_B	7vli_B
7zld_B	7zlc_B
7zld_B	7zmi_B
7zld_B	7zno_B
7zld_B	7zpd_B
7zld_B	7zum_B
7zld_B	7zv4_B
7zld_B	7zvv_B
7zld_B	7zw5_B
7zld_B	7zys_B
7zlp_A	7zlp_A
7zmb_b	7zmb_b
7zme_J	7zme_J
7zmg_c	7zmg_c
7zmg_j	7zmg_j
7znp_A	7znp_A
7znp_A	2gdv_A
7znp_A	2gdu_A
7znp_A	6s9u_A
7zon_B	7zon_B
7zoy_A	7zoy_A
7zoy_A	1e12_A
7zoy_A	3qbg_A
7zoy_A	3a7k_A
7zoy_A	3vvk_A
7zoy_A	4qry_A
7zoy_A	5b0w_A
7zoy_A	1h2s_A
7zoy_A	1gue_A
7zoy_A	1h68_A
7zoy_A	1jgj_A
7zoy_A	7e4g_A
7zoy_A	7zy3_A
7zoy_A	6gux_A
7zoy_A	1cwq_A
7zoy_A	1xji_A
7zoy_A	1ap9_A
7zoy_A	1brr_B
7zoy_A	1brx_A
7zoy_A	1c3w_A
7zoy_A	1c8r_A
7zoy_A	1c8s_A
7zoy_A	1cwq_A
7zoy_A	1cwq_B
7zoy_A	1dze_A
7zoy_A	1e0p_A
7zoy_A	1f4z_A
7zoy_A	1f50_A
7zoy_A	1iw6_A
7zoy_A	1jv6_A
7zoy_A	1jv7_A
7zoy_A	1kg8_A
7zoy_A	1kg9_A
7zoy_A	1kgb_A
7zoy_A	1kme_A
7zoy_A	1kme_B
7zoy_A	1m0l_A
7zoy_A	1mgy_A
7zoy_A	1p8i_A
7zoy_A	1qhj_A
7zoy_A	1qko_A
7zoy_A	1qkp_A
7zoy_A	1qm8_A
7zoy_A	1s8j_A
7zoy_A	1xji_A
7zoy_A	2zfe_A
7zoy_A	4hyx_A
7zoy_A	4xxj_A
7zoy_A	7q38_A
7zoy_A	2z55_E
7zoy_A	2z55_B
7zoy_A	4fbz_A
7zoy_A	4l35_A
7zoy_A	6gyh_A
7zoy_A	6eyu_A
7zp9_D	7zp9_D
7zp9_D	2hmt_A
7zp9_D	2hmv_A
7zp9_D	2hmv_B
7zp9_D	1lss_A
7zp9_D	1lss_B
7zp9_D	1lss_C
7zp9_D	1lss_D
7zp9_D	1lss_A
3lnz_O	3lnz_O
3lnz_O	4qoc_C
3lnz_O	3lnz_C
3lnz_O	4qoc_G
3lnz_O	4jsc_A
3lnz_O	4ere_A
3lnz_O	2vyr_A
3lnz_O	6q9q_B
3lnz_O	6q9q_C
3lnz_O	2vyr_A
3lnz_O	3fdo_A
3lnz_O	8hdg_A
3db3_A	3db3_A
3db3_A	4qqd_A
3db3_A	4qqd_B
4tsn_A	4tsn_A
4tsn_A	4tsp_B
4tsn_A	4tsl_A
4tsn_A	4tsq_B
4tsn_A	5gwf_B
4tyo_B	4tyo_B
4tyo_B	3i6c_A
4tyo_B	3kac_B
4tyo_B	4tns_A
4tyo_B	6dun_A
1f8a_B	1f8a_B
1f8a_B	1pin_A
1f8a_B	2xp3_A
1f8a_B	2xp4_A
1f8a_B	3kab_A
1f8a_B	3kce_A
1f8a_B	3oob_A
1f8a_B	3wh0_A
4uc9_D	4uc9_D
4uc9_D	4uc8_A
4uc9_D	4uc8_A
4uc9_D	4uc9_C
4uxz_A	4uxz_A
4uxz_A	3ze3_A
4uxz_A	3ze3_D
4uxz_A	4brr_D
4uxz_A	4d2e_A
4uxz_A	4uxx_B
4uxz_A	4uxx_C
4uxz_A	4uxx_B
4brr_E	4brr_E
3pbf_A	3pbf_A
3pbf_A	4wux_A
3pbf_A	1r14_A
3pbf_A	3pak_A
3pbf_A	3pbf_A
3pbf_A	5ffr_A
3pbf_A	6ryn_A
3pbf_A	6rym_A
5dy9_I	5dy9_I
5dy9_I	4x9d_A
5dy9_I	5dy9_H
5dy9_I	4x9d_F
5dy9_I	4x9d_B
5dy9_I	4x9d_C
5dy9_I	4x9d_D
5dy9_I	4x9d_D
5dy9_I	5dy9_E
4yaj_B	4yaj_B
4yaj_B	4xz3_B
4yaj_B	4xz3_D
4yaj_B	4yaj_D
4yaj_B	4xym_B
4yaj_B	4xz3_B
4yaj_B	4y8v_B
4yb6_A	4yb6_A
4yb6_A	4yb7_D
4yb6_A	4yb6_E
4yb6_A	4yb7_E
4yb6_A	4yb6_A
4yb6_A	4yb7_A
4yb6_A	4yb7_J
4yb6_A	5lht_A
4yb6_A	6czm_E
4yt5_A	4yt5_A
4yt5_A	4yt8_A
4yt5_A	4yt5_B
4yt5_A	4yt8_B
4yt5_A	4yt5_A
4yt5_A	4yt5_B
4yt5_A	4yt5_A
4yt5_A	6hux_A
2gf4_A	2gf4_A
2gf6_A	2gf6_A
2gf6_A	2gf6_B
2gf6_A	2gf6_A
2gh4_A	2gh4_A
2gh4_A	2d8l_A
2ght_A	2ght_A
2ght_A	2hhl_C
2ght_A	3l0c_A
2ght_A	3pgl_A
2ght_A	3qle_A
2ght_A	4qqf_F
2ght_B	2ght_B
2gj8_D	2gj8_D
2gj8_D	1svw_A
2gj8_D	1svi_A
2gj8_D	1sul_A
2gj8_D	1svi_A
2gj8_D	1svw_A
2gjk_A	2gjk_A
2gjk_A	2gk6_A
2gjk_A	2xzo_A
2gks_A	2gks_A
2gks_A	1i2d_A
2gks_A	1m8p_A
2gl0_D	2gl0_D
2gl0_D	2gl0_F
2gl0_D	2gl0_A
2gl0_D	2jb7_A
2glu_A	2glu_A
2glz_A	2glz_A
2gm3_A	2gm3_A
2gmj_A	2gmj_A
2gmj_A	2gmh_A
2gmk_A	2gmk_A
2gmk_A	1onc_A
2gn4_A	2gn4_A
2gn4_A	2gn4_B
2gn4_A	2gn4_A
2gn4_A	2gn8_B
2gn4_A	2gn9_A
2gn4_A	2gna_A
2gn4_A	4g5h_A
2gn4_A	4tqg_A
2gn4_A	5bjv_A
2gn4_A	5bju_A
2go7_C	2go7_C
2go7_C	2fi1_A
2gok_A	2gok_A
2gok_A	2bb0_A
2gok_A	2g3f_A
2goy_B	2goy_B
2goy_B	2oq2_C
2gpv_B	2gpv_B
2gpy_B	2gpy_B
2gpy_B	5zw3_A
2gpy_B	5zw4_A
2gqu_A	2gqu_A
2gqu_A	2gqt_A
2gqu_A	3tx1_A
2gqu_A	1hsk_A
2gqu_A	1hsk_A
2gqu_A	4pyt_A
2gr7_B	2gr7_B
2grj_A	2grj_A
2grj_A	1jjv_A
2grj_A	1vhl_A
2grj_A	1vht_A
2grj_A	8u97_A
2grj_A	4ttq_A
2grj_A	4ttp_A
2grj_A	4ttq_A
2grj_A	4ttr_A
2grj_A	4i1v_A
2gs9_B	2gs9_B
2gsl_F	2gsl_F
2gso_A	2gso_A
2gso_A	5egh_A
2gso_A	5egh_B
2gsy_E	2gsy_E
2gup_A	2gup_A
2guu_A	2guu_A
2guu_A	3s9y_A
2guu_A	3vi2_A
2guu_A	2zcg_A
2guu_A	3vi2_B
2guu_A	2zcg_B
2guu_A	2q8z_A
2guu_A	2za1_A
2guu_A	3bpw_A
2guu_A	3mwa_A
2guu_A	3vi2_A
2guu_A	3vi2_B
2gvi_A	2gvi_A
2gwc_F	2gwc_F
2gwc_F	2gwd_A
2gwc_F	6gmo_A
2gwl_A	2gwl_A
2gx8_C	2gx8_C
2gys_B	2gys_B
2h00_B	2h00_B
2h00_B	2h00_A
2h00_B	2h00_A
2h0j_A	2h0j_A
2h0j_A	2h0f_A
2h0j_A	2g2p_C
2h0v_A	2h0v_A
2h1c_A	2h1c_A
2h1i_B	2h1i_B
2h1i_B	2h1i_A
2h28_A	2h28_A
2h5n_A	2h5n_A
2ha8_A	2ha8_A
2ha8_A	2ha8_B
2ha8_A	2ha8_A
2hba_A	2hba_A
2hbk_A	2hbk_A
2hbk_A	2hbl_A
2hbk_A	2hbm_A
2hbk_A	5c0y_B
2hd0_G	2hd0_G
2hek_A	2hek_A
2hek_A	2hek_B
2hek_A	2hek_A
2hf1_A	2hf1_A
2hf8_A	2hf8_A
2hf8_A	2hf8_B
2hf8_A	2hf8_A
2hf8_A	4hi0_E
2hf8_A	4hi0_F
2hf8_A	4hi0_E
2hf8_A	5xkt_A
2hf8_A	4lps_A
2hfu_A	2hfu_A
2hfu_A	2hfu_A
2hfu_A	1kvk_A
2hfu_A	1kvk_A
2hfu_A	2r42_A
2hfu_A	8tfo_A
2hfu_A	2oi2_A
2hfu_A	6mde_A
2hfu_A	6mdf_A
2hgs_A	2hgs_A
2hgs_A	2hgs_A
2hgs_A	1m0w_A
2hgs_A	1m0w_A
2hgs_A	3kak_A
2hgs_A	5oeu_A
2hgv_A	2hgv_A
2hgv_A	2gx5_C
2hib_X	2hib_X
2hib_X	2hi8_X
2hib_X	6muj_B
2hib_X	6s07_A
2hib_X	6xtm_A
2hib_X	6xtn_A
2hip_A	2hip_A
2hj3_B	2hj3_B
2hj3_B	3u2l_A
2hj3_B	3mbg_A
2hj3_B	3r7c_A
2hj3_B	3r7c_B
2hj3_B	1jra_A
2hj3_B	1jr8_B
2hj3_B	1jra_B
2hj3_B	1jra_A
2hj3_B	4e0h_A
2hj3_B	3gwl_B
2hj3_B	3gwl_A
2hjg_A	2hjg_A
2hjg_A	1mky_A
2hjg_A	1mky_A
2hjn_A	2hjn_A
2hka_B	2hka_B
2hka_B	2hka_A
2hka_B	5kwy_C
2hl1_B	2hl1_B
2hl1_B	2hkz_A
2hl1_B	2hl0_A
2hl1_B	2hl0_A
2hl1_B	2hl2_A
2hl1_B	3pd4_A
2hl1_B	3pd5_B
2hl1_B	4rrf_A
2hl1_B	4rrf_B
2hl1_B	4rrk_A
2hl1_B	4rrd_A
2hl3_B	2hl3_B
2hl3_B	2hl3_A
2hma_A	2hma_A
2hma_A	2hma_A
2hmc_A	2hmc_A
2hnf_A	2hnf_A
2hq9_B	2hq9_B
2hq9_B	2hq9_A
2hq9_B	2hq9_B
2hqy_A	2hqy_A
2hrv_A	2hrv_A
2hsj_D	2hsj_D
2hsj_D	1wab_A
2hsj_D	1fxw_A
2hsj_D	3dt9_A
2hsj_D	6njc_A
2hu5_B	2hu5_B
2hu5_B	1ve7_A
2hu5_B	1ve7_A
2hu5_B	2hu5_A
2hu9_A	2hu9_A
2huf_A	2huf_A
2huf_A	2hui_A
2huf_A	2huu_A
2huf_A	1j04_A
2huf_A	3kgx_A
2huf_A	5hhy_B
2huf_A	6rv0_A
2huf_A	2ch2_B
2huf_A	2ch1_A
2huf_A	2ch2_A
2huf_A	1iug_A
2huf_A	2dr1_A
2huf_A	1m32_A
2huf_A	1m32_B
2huf_A	2bkw_A
2huf_A	3zrr_A
2huf_A	3zrq_A
2huf_A	3zrr_B
2huf_A	3zrr_A
2huf_A	6pk1_A
2huf_A	6pk3_B
2huf_A	2z9v_A
2huf_A	2z9w_A
2huf_A	2z9x_A
2huh_A	2huh_A
2hv6_A	2hv6_A
2hv6_A	2hv7_B
2hv6_A	4lac_B
2hvq_A	2hvq_A
2hvq_A	2hvs_A
2hw2_A	2hw2_A
2hw2_A	2hw2_A
2hxu_A	2hxu_A
2hxu_A	4a35_A
2hy1_A	2hy1_A
2hy1_A	2hyp_A
2hyd_B	2hyd_B
2hyd_B	2hyd_A
2hyd_B	3wmg_A
2hyd_B	6a6m_A
2hyd_B	3qf4_A
2hyd_B	7sel_A
2hyd_B	7zdf_C
2hyd_B	7zdf_D
2hyr_A	2hyr_A
2hyr_A	2gud_A
2hyr_A	3ll2_A
2hzc_A	2hzc_A
2hzq_A	2hzq_A
2hzq_A	2hzq_A
2hzq_A	5ez2_A
2hzq_A	6ubo_B
2hzq_A	7l5l_B
2hzq_A	2aco_A
2hzq_A	6ubo_A
2hzq_A	8wb2_A
2hzq_A	1lnm_A
2hzq_A	1lke_A
2hzq_A	1lke_A
2hzq_A	1lnm_A
2hzq_A	1bbp_A
2hzq_A	1bbp_B
2hzq_A	1bbp_C
2hzq_A	1bbp_D
2hzq_A	1n0s_A
2hzq_A	1n0s_A
2i02_A	2i02_A
2i02_A	2i02_B
2i02_A	2i02_A
2i0m_A	2i0m_A
2i10_B	2i10_B
2i14_A	2i14_A
2i14_A	1ytk_A
2i14_A	1yte_A
2i2a_A	2i2a_A
2i2a_A	2i1w_B
2i2a_A	2i2b_A
2i2a_A	2i2f_A
2i2a_A	3v7u_A
2i2a_A	3v80_A
2i2a_A	3v7y_A
2i2a_A	3v80_A
2i2a_A	3v7w_A
2i2a_A	3v8m_A
2i2a_A	5eji_A
2i2a_A	3v8q_A
2i2x_A	2i2x_A
2i51_A	2i51_A
2i51_A	2i51_B
2i51_A	2i51_A
2i52_F	2i52_F
2i52_F	2ogf_B
2i6h_B	2i6h_B
2i71_B	2i71_B
2i74_A	2i74_A
2i76_A	2i76_A
2i76_A	2i76_A
2i79_A	2i79_A
2i7h_A	2i7h_A
2i9w_A	2i9w_A
2ia5_H	2ia5_H
2ia5_H	1ltq_A
2ia5_H	1rc8_A
2ia5_H	1rpz_A
2ibn_A	2ibn_A
2ibn_A	2huo_A
2ici_A	2ici_A
2ici_A	1ck1_A
2ici_A	1se3_A
2ici_A	3seb_A
2ici_A	1se3_A
2ici_A	1ty2_A
2ick_A	2ick_A
2ick_A	2i6k_A
2ick_A	2pny_A
2icp_A	2icp_A
2ics_A	2ics_A
2ics_A	2ogj_A
2id3_A	2id3_A
2ig3_A	2ig3_A
2ig6_A	2ig6_A
2igt_A	2igt_A
2iic_A	2iic_A
2iie_A	2iie_A
2ijg_A	2ijg_A
2ijg_A	2vtb_A
2ijg_A	1np7_A
2ijg_A	1dnp_A
2ijg_A	1dnp_A
2ijg_A	1tez_A
2ijg_A	1owm_A
2ijg_A	1qnf_A
2ijg_A	2j09_A
2ijg_A	1iqr_A
2ijg_A	1iqu_A
2ijg_A	1iqu_A
2ijg_A	2j09_A
2ijg_A	4u63_A
2ijg_A	4gu5_A
2ijg_A	6wtb_B
2ijg_A	6kx4_A
2ijg_A	7d1c_A
2ijg_A	1u3c_A
2ijg_A	1u3c_A
2ijg_A	1u3d_A
2ijg_A	6k8k_G
2ijg_A	2wb2_A
2ijg_A	3cvv_A
2ijg_A	3fy4_A
2ijg_A	3fy4_B
2ijg_A	3fy4_B
2ijg_A	4u8h_A
2ijg_A	4mlp_A
2ilk_A	2ilk_A
2imr_A	2imr_A
2io4_B	2io4_B
2qry_A	2qry_A
2qry_A	2qry_C
2qsw_A	2qsw_A
2qt1_A	2qt1_A
2qt1_A	2qsy_A
2qt1_A	2qsz_A
2qt1_A	2qt0_A
2qt1_A	2qt0_A
2qt5_A	2qt5_A
2qt7_B	2qt7_B
2qts_E	2qts_E
2qts_E	2qts_B
2qts_E	4ntw_A
2qts_E	4ntx_A
2qtt_A	2qtt_A
2qtt_A	3lgs_A
2qtt_A	2qsu_A
2qtt_A	2qtg_A
2qtt_A	2qtt_A
2qtt_A	2qtt_B
2qtt_A	3bsf_A
2qtt_A	3lgs_C
2qtv_A	2qtv_A
2qtv_A	1m2o_A
2qtv_A	1m2o_C
2qtv_A	1m2o_A
2qtv_A	2qtv_A
2qtv_C	2qtv_C
2qv6_A	2qv6_A
2qvh_A	2qvh_A
2qvr_A	2qvr_A
2qvr_A	2ox3_A
2qvr_A	2q8m_A
2qvr_A	1fsa_A
2qvr_A	1bk4_A
2qvr_A	1cnq_A
2qvr_A	1cnq_A
2qvr_A	1eyj_A
2qvr_A	1eyj_B
2qvr_A	1eyk_A
2qvr_A	1eyk_B
2qvr_A	1fbh_A
2qvr_A	1fbh_B
2qvr_A	1fbh_B
2qvr_A	1fj6_A
2qvr_A	1fj9_A
2qvr_A	1fj9_B
2qvr_A	1fpd_A
2qvr_A	1fpd_B
2qvr_A	1fpe_A
2qvr_A	1fpe_B
2qvr_A	1fpf_A
2qvr_A	1fpf_B
2qvr_A	1fpg_A
2qvr_A	1fpg_B
2qvr_A	1fpi_A
2qvr_A	1fpi_B
2qvr_A	1fpi_A
2qvr_A	1fta_A
2qvr_A	1fta_B
2qvr_A	1fta_C
2qvr_A	1fta_D
2qvr_A	1kz8_A
2qvr_A	1kz8_B
2qvr_A	1lev_A
2qvr_A	1nuw_A
2qvr_A	1nuw_A
2qvr_A	1nux_A
2qvr_A	1nuy_A
2qvr_A	1nuz_A
2qvr_A	1nv0_A
2qvr_A	1nv1_A
2qvr_A	1nv2_A
2qvr_A	1nv3_A
2qvr_A	1nv4_A
2qvr_A	1nv5_A
2qvr_A	1nv6_A
2qvr_A	1nv7_A
2qvr_A	1nv7_B
2qvr_A	3a29_B
2qvr_A	4fbp_A
2qvr_A	4fbp_B
2qvr_A	4fbp_C
2qvr_A	4fbp_D
2qvr_A	4h46_A
2qvr_A	5fbp_A
2qvr_A	5fbp_B
2qvr_A	5pzw_A
2qvr_A	7cvh_A
2qvr_A	7ezf_D
2qvr_A	7wjv_B
2qvw_A	2qvw_A
2qw5_A	2qw5_A
2qxf_A	2qxf_A
2qxf_A	3c94_A
2qxf_A	4hcc_A
2qzs_A	2qzs_A
2qzs_A	2r4t_A
2qzs_A	3guh_A
2qzs_A	1rzu_A
2qzs_A	1rzu_A
2qzs_A	3vuf_A
2qzs_A	6gng_B
2qzs_A	6gne_B
2qzt_B	2qzt_B
2qzt_B	1pz4_A
2r01_A	2r01_A
2r09_A	2r09_A
2r0c_A	2r0c_A
2r0c_A	2qa1_A
2r0c_A	2qa1_A
2r0c_A	3ihg_A
2r0c_A	4k2x_B
2r0c_A	2qa2_A
2r0c_A	4k5r_A
2r0c_A	4x4j_A
2r0c_A	6ui5_A
2r0c_A	7ouj_AAA
2r0c_A	4cy8_A
2r16_A	2r16_A
2r16_A	2h0b_C
2r1r_A	2r1r_A
2r1r_A	3r1r_A
2r1r_A	3r1r_A
2r1r_A	5cns_B
2r1r_A	3rsr_A
2r1r_A	3rsr_A
2r1r_A	3s8c_A
2r1r_A	2cvv_A
2r1r_A	2cvw_A
2r1r_A	2cvx_A
2r1r_A	2cvy_A
2r1r_A	2wgh_A
2r1r_A	2wgh_B
2r1r_A	3hnc_B
2r68_A	2r68_A
2r68_A	2r66_A
2r6g_F	2r6g_F
2r7a_A	2r7a_A
2r7a_A	5y89_A
2r7a_A	5giz_B
2r7a_A	2r79_A
2r7a_A	5khl_B
2r7a_A	5y8b_A
2r7a_A	5gj3_A
2r7d_A	2r7d_A
3ew2_A	3ew2_A
3ew2_A	3ew2_B
3ew2_A	3t2w_A
3ew2_A	4jnj_A
3ew2_A	4z28_A
3ew2_A	4ggz_A
3ew2_A	8an6_B
3ewk_A	3ewk_A
3ewr_A	3ewr_A
3ewr_A	5s2k_B
3ewr_A	5s18_A
3ewr_A	5s1q_A
3ewr_A	5s2m_A
3ewr_A	5s2q_A
3ewr_A	5s2t_A
3ewr_A	5s2v_B
3ewr_A	5s39_A
3ewr_A	5s3c_A
3ewr_A	5s3i_B
3ewr_A	5s3v_B
3ewr_A	5s4b_A
3ewr_A	5s4c_B
3ewr_A	5s4e_B
3ewr_A	5s4g_A
3ewr_A	5s4j_A
3ewr_A	8azn_A
3ex7_C	3ex7_C
3ex7_C	2j0s_A
3ex7_C	8c6j_7
3ex7_C	2db3_A
3ex7_C	5e7m_A
3ex7_C	5e7j_A
3ex7_C	6b4k_B
3ex7_C	8tbx_A
3exh_A	3exh_A
3exh_A	1ni4_A
3exh_A	1ni4_C
3exh_A	3exe_A
3exh_A	6cfo_A
7arc_E	7arc_E
7arc_R	7arc_R
7arc_W	7arc_W
7arr_A	7arr_A
7ath_AAA	7ath_AAA
7auc_A	7auc_A
7auc_A	1oyy_A
7auc_A	1oyy_A
7auc_A	1oyw_A
7auf_A	7auf_A
7avk_A	7avk_A
7ax0_A	7ax0_A
7b04_C	7b04_C
7b04_E	7b04_E
7b04_E	7b04_B
7b0c_A	7b0c_A
7b0e_A	7b0e_A
7b0e_A	6gs8_A
7b0i_C	7b0i_C
7b0i_C	7b91_C
7b0i_C	7evo_1
7b0i_C	7omf_C
7b0i_D	7b0i_D
7b0i_D	7b91_D
7b0i_D	7b92_D
7b0i_D	7evo_6
7b1y_dd	7b1y_dd
7b21_AAA	7b21_AAA
7b3a_A	7b3a_A
7b56_A	7b56_A
7b5u_A	7b5u_A
7b6c_DDD	7b6c_DDD
7b6c_DDD	6y66_GGG
7b6c_DDD	6y5x_D
7b6c_DDD	1vps_B
7b6c_DDD	4pot_F
7b6c_DDD	7b6s_FFF
7b7p_A	7b7p_A
7b7t_A	7b7t_A
7b7t_A	7b7q_A
7b7t_A	7tsj_A
7b7t_A	8cjb_A
7b7t_A	1oao_A
7b7t_A	1oao_B
7b7t_A	3i04_A
7b7t_A	4udy_X
7b7t_A	2yiv_X
7b7t_A	3b52_X
7b7t_A	6t7j_B
7b8r_C	7b8r_C
7b8r_C	5ens_C
7b8r_C	7b8t_C
7b9p_A	7b9p_A
7bad_A	7bad_A
7bb9_A	7bb9_A
7bbm_A	7bbm_A
7bbm_A	3ia8_A
7bbv_A	7bbv_A
7bbv_A	3vmw_A
7bc1_A	7bc1_A
7bc1_A	1og6_A
7bc1_A	1pz0_A
7bc1_A	3v0s_A
7bc1_A	3uyi_A
7bc1_A	3v0s_A
7bc1_A	3v0t_A
7bc1_A	1pz1_A
7bc1_A	1pz1_A
7bc1_A	1lqa_A
7bc1_A	1lqa_A
7bc1_A	1ynp_B
7bc1_A	1ynq_A
7bc1_A	1ynq_B
7bc1_A	2c91_A
7bc1_A	1gve_A
7bc1_A	2bp1_A
7bc1_A	2bp1_A
7bc1_A	2c91_A
7bc1_A	2clp_A
7bc1_A	2clp_G
7bc1_A	8hnq_A
7bc1_A	7ezl_A
7bc1_A	7ezi_A
7bc1_A	1exb_A
7bc1_A	3eau_A
7bc1_A	3lnm_A
7bc1_A	4jtc_A
7bc1_A	3erp_A
7bc1_A	4aub_A
7bc1_A	4aub_B
7bcz_C	7bcz_C
7bdw_B	7bdw_B
7bdw_B	6rcx_B
7bfr_A	7bfr_A
7bfr_A	5aoc_A
7bfr_A	5aob_A
7bfr_A	1qz3_A
7bfr_A	6iey_A
7bfr_A	7cip_B
7bfr_A	6kf1_D
7bfr_A	5mif_C
7bfr_A	4v2i_A
7bfr_A	7at3_A
6gmn_K	6gmn_K
6gmn_K	8cql_B
6hip_B	6hip_B
6hip_B	5lso_A
6hip_B	6hip_B
6hry_B	6hry_B
6hry_B	6hry_A
6hry_B	5wm9_B
6hry_B	5wm9_C
6hsj_B	6hsj_B
6hsj_B	6hrv_A
6hsj_B	6hsp_B
6hsj_B	4yzo_C
6hsj_B	5ab6_B
6hsj_B	5ab6_A
6hsj_B	5ab6_D
6hsj_B	5ab7_D
6hsj_B	6esq_A
6hsj_B	7yxm_D
6hsj_B	7pxp_G
6hsj_B	7pyt_B
6hsj_B	3zbn_A
6hsj_B	5lnq_A
6hsj_B	5lot_A
6hyj_B	6hyj_B
6hyj_B	6q6j_A
6hyj_B	1l8l_A
6hyj_B	1l8o_A
6hyj_B	6hyj_B
6hyj_B	3kd3_A
4goy_A	4goy_A
4goy_A	6i16_A
4goy_A	3p53_A
6ie8_A	6ie8_A
6ie8_A	3vw1_A
6ie8_A	7n4z_A
6irx_A	6irx_A
6irx_A	6is0_A
6irx_A	6irw_A
6irx_A	6irz_A
4k6g_A	4k6g_A
4k6g_A	3icw_A
4k6g_A	6isp_C
4k6g_A	6isp_B
4k6g_A	4k6g_B
4k6g_A	1lbs_A
4k6g_A	1tcb_A
4k6g_A	1tcb_B
4k6g_A	1tcc_A
4k6g_A	6isp_C
6jy3_B	6jy3_B
6jy3_B	7w3e_O
6jy3_B	2dyr_B
6jy3_B	2ein_B
6jy3_B	6jy3_B
6jy3_B	8gbt_O
6jy3_B	3dtu_B
6jy3_B	2gsm_B
6jy3_B	3dtu_D
6jy3_B	3fye_B
6jy3_B	6ci0_D
7w3e_V	7w3e_V
7w3e_V	6jy3_I
7w3e_V	2dyr_I
7w3e_V	6jy3_I
7w3e_V	7ev7_V
6ezr_A	6ezr_A
6ezr_A	6k35_B
6ksu_A	6ksu_A
6ksu_A	6ksv_B
6ksu_A	6ksv_A
6l1i_B	6l1i_B
6l1i_B	6l1p_C
2x47_A	2x47_A
2x47_A	6lh4_D
6llg_A	6llg_A
6llg_A	6llw_B
6llg_A	6llz_A
6llg_A	7cyw_A
6llg_A	7es0_A
6llg_A	7ery_A
6llg_A	6l5q_A
6llg_A	6l5s_A
6llg_A	7zf0_A
6llg_A	7zer_A
6llg_A	8i94_A
6llg_A	8inp_A
6ltf_A	6ltf_A
6ltf_A	6m3s_B
6ltf_A	1a05_B
6ltf_A	1a05_A
6ltf_A	3ty3_A
6ltf_A	3ty3_B
6ltf_A	3ty3_A
6ltf_A	2g4o_A
6ltf_A	3asj_B
6ltf_A	3asj_A
6ltf_A	4f7i_A
6ltf_A	4wuo_A
6ltf_A	1osj_A
6ltf_A	4wuo_B
6ltf_A	1osj_B
6ltf_A	4f7i_B
6ltf_A	4xxv_B
6ltf_A	4xxv_A
6ltf_A	5j32_A
6ltf_A	6l57_B
6ltf_A	5grf_B
6ltf_A	5yvt_B
6ltf_A	8gru_D
6ltf_A	2e5m_A
6ltf_A	2e5m_A
6ltf_A	1cw4_A
6ltf_A	1sjs_A
6ltf_A	1cw1_A
6ltf_A	1cw4_A
6ltf_A	1cw4_A
6ltf_A	1gro_A
6ltf_A	1hj6_A
6ltf_A	1ide_A
6ltf_A	1iso_A
6ltf_A	4aja_A
6ltf_A	4ajc_A
6ltf_A	6c0e_A
6ltf_A	2d4v_A
6ltf_A	2d4v_B
6ltf_A	2d4v_A
6ltf_A	1xkd_A
6ltf_A	1tyo_A
6ltf_A	1xkd_B
6ltf_A	1xkd_A
6ltf_A	2iv0_A
6ltf_A	3flk_A
6ltf_A	3flk_B
6ltf_A	3flk_A
6ltf_A	1cnz_A
6ltf_A	3vkz_A
6ltf_A	4y1p_B
1xdn_A	1xdn_A
1xdp_A	1xdp_A
1xdp_A	1xdp_B
1xdq_B	1xdq_B
1xdq_B	1xdq_A
1xdq_B	1xdq_C
1xed_A	1xed_A
1xez_A	1xez_A
1xfg_B	1xfg_B
1xfi_A	1xfi_A
1xhb_A	1xhb_A
1xhb_A	5ndf_A
1xhb_A	5ajo_A
1xhb_A	6iwr_D
1xhb_A	6iwq_A
1xhv_A	1xhv_A
1xhv_A	1tw8_A
1xje_A	1xje_A
1xje_A	1xjf_A
1xje_A	1xjf_A
1xje_A	1xjg_A
1xje_A	1xjk_A
1xje_A	1xjn_A
1xje_A	3o0n_B
1xje_A	3o0o_B
1xje_A	1xjj_B
1xje_A	3o0q_A
1xjq_B	1xjq_B
1xjq_B	1xnj_B
1xjq_B	1xnj_B
1xka_B	1xka_B
1xka_B	1xkb_A
1xka_B	3k9x_A
1xka_B	1j9c_L
1xm5_A	1xm5_A
1xme_A	1xme_A
1xme_A	2qpe_A
1xme_A	3s8f_A
1xme_A	4g71_A
1xme_A	8ajz_A
1xme_B	1xme_B
1xmq_D	1xmq_D
1xmq_D	1fjg_D
1xmq_D	1vy4_AD
1xmz_B	1xmz_B
1xov_A	1xov_A
3c4a_A	3c4a_A
3c4a_A	8h0m_A
3c4n_A	3c4n_A
3c5p_A	3c5p_A
3c5t_A	3c5t_A
3c6a_A	3c6a_A
3c6e_C	3c6e_C
3c6m_B	3c6m_B
3c6m_B	3c6k_D
3c7a_A	3c7a_A
3c7a_A	3c7d_A
3c7a_A	3c7d_B
3c7a_A	3iqd_B
3c7o_A	3c7o_A
3c7t_A	3c7t_A
3c7t_A	3d6a_A
3c7t_A	3db1_A
3c7t_A	3mbk_A
3c85_C	3c85_C
3c8v_C	3c8v_C
3c9f_B	3c9f_B
3c9i_B	3c9i_B
3c9i_B	4lin_A
3cag_A	3cag_A
3cag_A	6wjo_A
3cag_A	5jvo_A
3cah_A	3cah_A
3cah_A	1oql_B
3cah_A	1abr_B
3cah_A	1m2t_B
3cah_A	1onk_B
3cah_A	2r9k_B
3cah_A	2r9k_B
3cah_A	3d7w_B
3cah_A	4hr6_C
3cah_A	4zfw_B
3caw_A	3caw_A
3cbl_A	3cbl_A
3cbl_A	3vs1_A
3cbl_A	2src_A
3cd5_C	3cd5_C
3cd5_C	1hwl_A
3cd5_C	3bgl_C
3cd5_C	1hwl_B
3cd5_C	3bgl_D
3cd5_C	1dq8_A
3cd5_C	1dq8_B
3cd5_C	1dq8_C
3cd5_C	1dq8_D
3cd5_C	1dq8_A
3cd5_C	1dq9_D
3cd5_C	1dqa_A
3cd5_C	1dqa_B
3cd5_C	1dqa_C
3cd5_C	1dqa_D
3cd5_C	1dqa_A
3cd5_C	1hw8_A
3cd5_C	1hw8_B
3cd5_C	1hw8_C
3cd5_C	1hw8_D
3cd5_C	1hw8_B
3cd5_C	1hw9_A
3cd5_C	1hw9_B
3cd5_C	1hw9_C
3cd5_C	1hw9_D
3cd5_C	1hw9_A
3cd5_C	1hwi_B
3cd5_C	1hwj_A
3cd5_C	1hwj_B
3cd5_C	1hwj_C
3cd5_C	1hwj_D
3cd5_C	3cd5_D
3ce2_A	3ce2_A
3cew_A	3cew_A
3cf4_A	3cf4_A
3cf6_E	3cf6_E
3cf6_E	4mgi_A
3cf6_E	4mgi_E
3cfo_A	3cfo_A
3cfo_A	3si6_A
3cfo_A	7f4y_B
3cfo_A	1clq_A
3cfo_A	1ih7_A
3cfo_A	1q9x_A
3cfo_A	1q9x_B
3cfo_A	1waj_A
3cfo_A	1waj_A
3cfo_A	2ozm_A
3cfo_A	2ozs_A
3cfo_A	3kd1_E
3cfo_A	3kd5_E
3cfo_A	3lds_A
3cfo_A	3lzj_A
3cfo_A	3nci_A
3cfo_A	3ngi_A
3cfo_A	3s9h_A
3cfo_A	3spz_A
3cfo_A	4dtp_A
3cfo_A	4khn_A
3cfo_A	4m3r_A
3cg7_A	3cg7_A
3cg7_A	3cm5_A
3cg7_A	3cm6_B
3chm_A	3chm_A
3tkk_A	3tkk_A
3tlk_A	3tlk_A
3tlk_A	3tlk_B
3tlk_A	3tlk_A
3tlk_A	3r5t_A
3tlk_A	3r5s_A
3tmb_B	3tmb_B
3tnf_B	3tnf_B
3tnj_A	3tnj_A
3tnj_A	1mjh_A
3tnj_A	1mjh_B
3tos_B	3tos_B
3tos_B	3tos_A
3tos_B	3tos_B
3toy_A	3toy_A
3toy_A	3tte_A
3toy_A	1dtn_A
3toy_A	1mdl_A
3toy_A	1mdr_A
3toy_A	1mns_A
3toy_A	1mra_A
3toy_A	2mnr_A
3toy_A	3uxk_A
3toy_A	4m6u_A
3toy_A	4x2p_A
3toy_A	6vim_A
3toy_A	3dg6_A
3toy_A	3fxg_A
3toy_A	3no1_C
3toy_A	4h83_F
3toy_A	3op2_A
3toy_A	4hpn_A
3toy_A	2gl5_A
3toy_A	1ec9_D
3toy_A	1ec8_A
3toy_A	1ec8_B
3toy_A	1ec8_C
3toy_A	1ec8_D
3toy_A	1ec9_A
3toy_A	1ec9_B
3toy_A	1ec9_C
3toy_A	1ec9_D
3toy_A	1ecq_A
3toy_A	1ecq_B
3toy_A	1ecq_C
3toy_A	1ecq_D
3toy_A	3nxl_C
3toy_A	3pwg_B
3toy_A	2ggh_A
3toy_A	1xpy_C
3toy_A	3mwc_A
3toy_A	4a6g_B
3toy_A	1sjb_B
3toy_A	2pp1_A
3toy_A	3sn4_A
3toy_A	3sn0_A
3toy_A	3tcs_B
3toy_A	3u4f_A
3toy_A	4h19_A
3toy_A	4mmw_A
3toy_A	3qpe_A
3toy_A	3n4f_A
3tp1_A	3tp1_A
3tr3_B	3tr3_B
3tri_B	3tri_B
3tri_B	3tri_A
3tri_B	2ag8_A
3tri_B	2amf_E
3tri_B	2ahr_A
3tri_B	2ahr_B
3tri_B	2ahr_C
3tri_B	2rcy_A
3tri_B	2rcy_B
3tri_B	2rcy_E
3tri_B	2rcy_A
3tri_B	5bse_A
3tri_B	5bsg_A
3tri_B	5bsg_B
3tri_B	6xp1_B
3tri_B	2izz_B
3tri_B	5uau_B
3tri_B	5uav_B
3tri_B	6xp0_B
3tri_B	6xp2_E
3tri_B	8dkg_B
3ts3_B	3ts3_B
3tva_A	3tva_A
3tvq_A	3tvq_A
3tvq_A	3tvq_A
3tvq_A	3tl1_A
3tvu_B	3tvu_B
3tvu_B	3tvu_A
3tvu_B	1od2_A
3tvu_B	1od2_B
3tvu_B	1uys_A
3tw1_A	3tw1_A
6x7l_A	6x7l_A
6x7l_A	4hzo_A
6x7l_A	4hzp_A
6x7l_A	6x7m_A
6x7l_A	6x7n_A
6x7l_A	6x7o_A
6x7l_A	6x7p_A
6x7q_C	6x7q_C
6x7q_C	1cia_A
6x7q_C	4cla_A
6x7q_C	1q23_B
6x7q_C	3u9f_A
6x7q_C	3u9f_B
6x7q_C	3u9f_C
6x8z_A	6x8z_A
6x9d_A	6x9d_A
6x9d_A	5kf7_A
6x9d_A	6vz9_A
6x9d_A	6x9a_A
6x9d_A	6x9c_A
6xab_A	6xab_A
6xab_A	6xl2_A
6xab_A	5ub4_B
6xab_A	5ub6_A
6xab_A	5ub7_A
6xb3_A	6xb3_A
6xb4_A	6xb4_A
6xb5_A	6xb5_A
6xdk_B	6xdk_B
6xdk_B	6czx_A
6xdk_B	6czz_A
6xdk_B	6czz_B
6xdk_B	6czx_B
6xdk_B	8a5v_A
6xdk_B	3e77_A
6xdk_B	8a5v_E
6xdk_B	8a5w_A
6xdk_B	8a5w_C
6xdk_B	1bt4_A
6xdk_B	1w23_B
6xf9_D	6xf9_D
6xhk_A	6xhk_A
6xi1_BBB	6xi1_BBB
6xi3_AAA	6xi3_AAA
6xi9_A	6xi9_A
6xi9_A	6xig_B
6xiv_A	6xiv_A
6xjj_A	6xjj_A
6xjj_A	5c3o_A
6xjj_A	5c3q_A
6xjj_A	5c3q_A
6xjj_A	5c3r_A
6xl1_A	6xl1_A
6xl5_G	6xl5_G
6xl9_F	6xl9_F
6xne_C	6xne_C
6xne_C	1ij0_A
6xne_C	1swi_C
6xne_C	1uo4_B
6xne_C	2r2v_C
6xng_C	6xng_C
6xng_C	4lcw_B
6xng_C	7m72_C
6xqi_D	6xqi_D
6xrc_A	6xrc_A
6xrc_A	6p63_C
6xrc_A	2x0p_A
6xrc_A	2x0q_A
6xrc_A	3to3_B
6xrc_A	3to3_B
6xrc_A	7tgm_A
6xro_A	6xro_A
6xro_A	2xow_A
6xro_A	5f5j_A
6xro_A	3txt_A
6xx2_A	6xx2_A
6xx2_A	7nes_A
6xx2_A	1m27_C
6xx2_A	6ipz_Z
6xx2_A	2iim_A
6xxj_A	6xxj_A
6xxj_A	6pgr_A
6xxj_A	6xxh_A
6xxj_A	6pgr_B
6xxj_A	6xxh_B
6xxj_A	6xxl_A
6xxj_A	6xxm_A
6xxj_A	8a0g_B
7dfs_A	7dfs_A
7dg7_A	7dg7_A
7dhe_B	7dhe_B
7dhe_B	1d1q_A
7dhe_B	1d1q_A
7dhe_B	1d2a_B
7dhe_B	1pnt_A
7dhe_B	1z13_A
7dhe_B	3n8i_A
7dhe_B	4z9b_A
7dhe_B	4egs_A
7die_A	7die_A
7die_A	7vp8_A
7dm0_A	7dm0_A
7dmw_A	7dmw_A
7dna_I	7dna_I
7dnn_B	7dnn_B
7dnu_A	7dnu_A
7dpd_B	7dpd_B
7dqg_A	7dqg_A
7drc_C	7drc_C
7drk_A	7drk_A
7drk_A	7drj_A
7drp_A	7drp_A
7drt_B	7drt_B
7dry_A	7dry_A
7duc_B	7duc_B
7duw_A	7duw_A
7duw_A	7f47_A
7dv3_A	7dv3_A
7dv3_A	5if9_A
7dv3_A	5ihp_A
7dv3_A	4pfs_B
7dv3_A	5if9_A
7dv3_A	6iud_A
7dv3_A	6iub_A
7dvq_0	7dvq_0
7dvq_M	7dvq_M
7dvq_v	7dvq_v
7dvr_A	7dvr_A
7dxb_A	7dxb_A
7dxb_A	7wdb_A
7dxb_A	7d4p_A
7dz7_O	7dz7_O
7e1r_A	7e1r_A
7e1r_A	7e1q_A
7e24_D	7e24_D
7e40_D	7e40_D
7e43_B	7e43_B
7e44_E	7e44_E
7e44_E	5isy_A
7e44_E	7e44_A
7e44_E	5isy_C
7e44_E	7e44_B
7e44_E	5iw4_B
7e44_E	5iw5_A
7e44_E	5iw5_B
7e4j_B	7e4j_B
7e4n_A	7e4n_A
7e4u_A	7e4u_A
7e4u_A	7lj1_G
7e5a_B	7e5a_B
7e5a_B	1f5n_A
7e5a_B	1f5n_A
7e5a_B	6k1z_A
7e6g_A	7e6g_A
7e8o_A	7e8o_A
7e9k_D	7e9k_D
7e9k_D	7e9k_A
7e9y_A	7e9y_A
7eaw_A	7eaw_A
7ebx_A	7ebx_A
7eby_C	7eby_C
7eby_C	7ea4_A
7ec9_A	7ec9_A
7ecd_A	7ecd_A
7ed1_A	7ed1_A
7ed1_A	6qxr_A
7ed1_A	7ed2_A
7ed1_A	4qjl_A
7ed1_A	4qjl_A
7ed1_A	6ct5_A
7ed1_A	8gkf_C
7ed5_A	7ed5_A
7edb_A	7edb_A
7eee_A	7eee_A
7eee_A	1ks4_A
7eee_A	1uu4_A
7eee_A	2nlr_A
7eee_A	2nlr_A
7eee_A	2jen_A
7eee_A	3vl9_A
7eee_A	6sdu_A
7eeh_B	7eeh_B
7eev_B	7eev_B
7eev_B	7ej3_B
7eew_A	7eew_A
7ef7_A	7ef7_A
7ef7_A	3opx_A
7ef7_A	3onn_A
7ef7_A	3opx_A
7egk_A	7egk_A
7eii_B	7eii_B
7eii_B	7eih_A
7eii_B	7eij_B
7eii_B	7c4m_A
7eii_B	7c4l_A
7eii_B	7c4n_A
7eii_B	7og2_A
7eii_B	7x7i_A
7eii_B	7x7j_A
7eii_B	7x7k_A
7eip_A	7eip_A
7eip_A	7eiq_A
7eip_A	7eir_A
7eip_A	7yke_A
7eip_A	2q1f_A
7ejx_R	7ejx_R
7en6_D	7en6_D
7en6_D	7en5_A
7eo7_B	7eo7_B
7eo7_B	2gz8_A
7eo7_B	6xhn_A
7eo7_B	3f9f_A
7eo7_B	7gnm_A
7eo7_B	8dfn_A
7eo7_B	7gnm_B
7eo7_B	8dfn_B
7eo7_B	2hob_A
7eo7_B	7grs_B
7eo7_B	7l8i_A
7eo7_B	7lfp_A
7eo7_B	7set_A
7eo7_B	7wym_A
7eo7_B	8gxg_A
7eo7_B	8uab_A
7epo_A	7epo_A
7epq_A	7epq_A
7epq_A	2j4r_A
7epq_A	1t6c_A
7eqh_A	7eqh_A
7eqk_A	7eqk_A
7eqk_A	6j4b_A
7eqk_A	7eue_A
7eqk_A	7f6x_A
7eqm_A	7eqm_A
7eqm_A	5mdo_A
7ere_A	7ere_A
7ere_A	7era_A
7ere_A	8elm_A
7ere_A	1hdo_A
7ere_A	1he2_A
7ere_A	1he3_A
7ere_A	1he4_A
7ere_A	1he5_A
7erp_B	7erp_B
7erp_B	5y2w_A
7erp_B	5z49_A
7esb_A	7esb_A
7esb_A	4ifu_A
7esb_A	4ifx_A
7esb_A	4ifz_A
7esb_A	4xdr_A
7esb_A	4xdu_A
7esy_B	7esy_B
7esy_B	7esz_C
7euk_B	7euk_B
7euk_B	7eun_B
7exf_B	7exf_B
7exf_B	7exh_A
7exf_B	7exj_A
7exf_B	7exq_A
7exo_A	7exo_A
7exo_A	7elv_E
7ezx_D5	7ezx_D5
7ezx_E5	7ezx_E5
7ezx_O3	7ezx_O3
7f04_C	7f04_C
7f05_C	7f05_C
7f05_C	5xwm_D
7f06_A	7f06_A
7f09_C	7f09_C
7f1e_A	7f1e_A
7f1e_A	7ezg_A
7f2r_B	7f2r_B
7f3v_A	7f3v_A
7f3v_A	7fbg_A
7f3v_A	6t1b_A
7f3v_A	1t8h_A
7f4v_aI	7f4v_aI
7f5i_A	7f5i_A
7f6e_B	7f6e_B
7f6e_B	7f6o_A
7f6e_B	7f6q_A
7f6e_B	7f6r_A
7f6e_B	7f6s_A
7f6e_B	7f6u_A
7f76_B	7f76_B
7f8c_A	7f8c_A
7f8c_A	7f8b_A
7fac_A	7fac_A
7fav_A	7fav_A
7fbh_C	7fbh_C
7fbh_C	7fbo_A
7fbl_A	7fbl_A
7fbl_A	7f9g_B
7fc0_E	7fc0_E
7fct_B	7fct_B
7fct_B	7u2s_A
7fd2_A	7fd2_A
7fd2_B	7fd2_B
7fd4_D	7fd4_D
7fd4_D	7fd4_A
7fe0_C	7fe0_C
7ff8_A	7ff8_A
7ff8_A	1hw5_A
7ff8_A	1g6n_A
7ff8_A	1g6n_B
7ff8_A	1hw5_B
7ff8_A	1i6x_A
7ff8_A	1i6x_B
7ff8_A	3n4m_A
7ff8_A	4n9i_A
7ff8_A	4n9i_B
7ff8_A	2oz6_A
7ff8_A	3la7_A
7ff8_A	3la3_A
7ff8_A	3la3_B
7ff8_A	3la7_B
7ff8_A	2xhk_B
7ff8_A	3i59_B
7ff8_A	3r6s_B
7ff8_A	3i59_A
7ff8_A	3r6s_A
7ff8_A	4ev0_A
7ff8_A	4ev0_B
7ffp_A	7ffp_A
7fgp_A	7fgp_A
7fgp_A	1ng3_A
7fgp_A	1ng4_A
7fgp_A	1ng4_B
7fgp_A	1ryi_A
7fgp_A	3if9_A
7fgp_A	4ysh_A
7fgp_A	4ysh_A
7fgp_A	4ysh_B
7fgp_A	1y56_B
7fgp_A	1y56_B
7fgp_A	6pxs_A
7fgz_A	7fgz_A
7fgz_A	4ate_A
7fgz_A	3ilf_A
7fgz_A	4atf_C
7fgz_A	1urx_A
7fgz_A	4asm_B
7fgz_A	4awd_A
7fgz_A	6hy3_A
7fhp_A	7fhp_A
7fis_A	7fis_A
7fis_A	7fir_C
7fis_A	3taw_A
7fis_A	4udg_B
7l5c_A	7l5c_A
7l5c_A	7kq8_A
7l6g_E	7l6g_E
7l6q_A	7l6q_A
7l6q_A	3rqw_B
7l6q_A	3rqw_C
7l6q_A	3rqw_A
7l6q_A	6ssi_B
7l6q_A	4f8h_A
7l6q_A	4f8h_E
7l6q_A	4hfe_D
7l6q_A	4hfh_A
7l6q_A	4hfi_A
7l6q_A	5mzr_A
7l6q_A	5osa_A
7l6q_A	6hj3_A
7l6q_A	6hja_A
7l6q_A	6hji_A
7l81_AAA	7l81_AAA
7l81_AAA	7l7y_AAA
7l81_AAA	7l7z_AAA
7l8p_D	7l8p_D
7l8p_D	2vdm_B
7l8p_D	7tct_D
7l8p_D	7td8_D
7l8p_D	7tmz_D
7l8p_D	7tpd_D
7l8p_D	7ubr_D
7l8p_D	7ucy_D
7l8p_D	7udg_D
7l8p_D	7udh_D
7l8p_D	7ue0_D
7l8p_D	7uh8_D
7l8p_D	7ujk_D
7l8p_D	7ukp_D
7l8p_D	7ukt_D
7la8_A	7la8_A
7lbe_C	7lbe_C
7lc7_A	7lc7_A
7lc7_A	7lc5_A
7lft_A	7lft_A
7lft_A	7n15_A
7lg5_A	7lg5_A
7lg5_A	7lgj_A
7lg5_A	7txv_A
7lg5_A	7wae_A
7lg5_A	7wae_D
7lg5_A	7waf_B
7lig_A	7lig_A
7lig_A	7lid_A
7lik_A	7lik_A
7lik_A	7kq5_A
7ljh_A	7ljh_A
7ljm_A	7ljm_A
7ljm_A	7to3_C
7ljm_A	7d4s_A
7ljm_A	7d48_A
7ljm_A	7d4j_A
7ljm_A	7d4s_A
7ljn_A	7ljn_A
7ljo_A	7ljo_A
7lk7_A	7lk7_A
7lk7_A	7lnp_A
7lk7_A	4psr_B
7lk7_A	4ni3_B
7ll6_A	7ll6_A
7ll6_A	8ewu_B
7ll6_A	1bsv_A
7ll6_A	1bws_A
7ll6_A	1e6u_A
7ll6_A	1e6u_A
7ll6_A	1e7q_A
7ll6_A	1e7r_A
7ll6_A	1e7s_A
7ll6_A	1fxs_A
7ll6_A	4bl5_A
7ll6_A	4b8z_B
7ll6_A	4bl5_C
7ll6_A	4e5y_D
7ll6_A	6aqz_A
7ll6_A	7m13_B
7ln0_C	7ln0_C
7ln0_C	7ln0_D
7ln0_C	7rl7_A
7ln0_C	7wub_G
7lo5_A	7lo5_A
7lr6_A	7lr6_A
7lrn_B	7lrn_B
7lu4_B	7lu4_B
7lvs_B	7lvs_B
7lwa_A	7lwa_A
7lwa_A	7lw7_A
7lx0_i	7lx0_i
7ly3_A	7ly3_A
7ly6_A	7ly6_A
7lyd_B	7lyd_B
7lyd_B	5jqb_B
7lyd_B	7lyy_B
7lyd_B	7m2d_B
7lyd_B	7ssq_B
7lyd_B	7ssr_B
7lyd_B	8f87_B
7lyt_A	7lyt_A
7lyu_B	7lyu_B
7m1a_AAA	7m1a_AAA
8r02_B	8r02_B
8r02_D	8r02_D
8r2c_A	8r2c_A
8r3b_A	8r3b_A
8r6s_L	8r6s_L
8r6s_L	1ozv_B
8r6s_L	1mlv_A
8r6s_L	1mlv_B
8r6s_L	1p0y_B
8r6s_L	2h21_B
8r6s_L	2h23_B
8r6s_L	2h2e_B
8r6s_L	2h2j_B
8r9r_A	8r9r_A
8r9r_A	2px0_A
8rke_B	8rke_B
8sam_A	8sam_A
8sey_A	8sey_A
8sey_A	8sew_A
8sey_A	8sex_A
8sey_A	8sf0_A
8sey_A	8drp_A
8sgw_C	8sgw_C
8sgw_C	8sh3_C
8sgw_C	8shc_C
8sgw_C	8sie_C
8sgw_C	7ch1_A
8sgw_C	7lgu_A
8sgw_C	7xuh_A
8sgw_C	7lhv_A
8sij_B	8sij_B
8sij_B	2ycn_A
8sij_B	2yct_A
8sij_B	1tpl_B
8sij_B	2yct_B
8sij_B	1tpl_B
8sij_B	2tpl_A
8sij_B	2tpl_B
8sij_B	2ycn_B
8slm_A	8slm_A
8sm8_A	8sm8_A
8sm8_A	8fun_B
8sm8_A	8fun_D
8sm8_A	8fun_C
8sm8_A	8ful_G
8sm8_A	6m1w_A
8smd_A	8smd_A
8smd_A	7uaw_A
8smg_B	8smg_B
8smg_B	8smf_B
8smr_F	8smr_F
8smr_G	8smr_G
8smr_J	8smr_J
8smr_J	2a06_D
8smr_J	1ppj_D
8smr_J	1kb9_D
8smr_J	3cx5_O
8smr_J	2qjp_B
8smr_J	5kkz_B
8smr_J	6nhh_B
8smr_Z	8smr_Z
8snh_E	8snh_E
8snh_E	8smr_E
8srx_B	8srx_B
8srx_B	8srx_A
8st7_A	8st7_A
8sub_Q	8sub_Q
8sub_Q	8su9_O
8sub_Q	8j4u_O
8sub_Q	4d2i_A
8sut_A	8sut_A
8swy_A	8swy_A
8sx2_A	8sx2_A
8sx2_A	7r59_A
8sx2_A	4tvj_A
8sx2_A	1a26_A
8sx2_A	1a26_A
8sx2_A	1efy_A
8sx2_A	1efy_A
8sx2_A	1pax_A
8sx2_A	2pax_A
8sx2_A	3pax_A
8sx2_A	4hhz_A
8sx2_A	4gv2_A
8sx7_A	8sx7_A
8sy7_J	8sy7_J
8sza_A	8sza_A
8t03_A	8t03_A
8t1y_A	8t1y_A
8t1y_A	8t24_A
8t1y_A	8t26_A
8t3p_A	8t3p_A
8t56_E	8t56_E
8t56_E	8t56_D
8t57_A	8t57_A
8t57_A	8t56_A
8t5j_A	8t5j_A
8t5n_A	8t5n_A
8t5n_A	8slg_B
8t5y_A	8t5y_A
8t5y_A	3whc_A
8t5y_A	1vi0_A
8t5y_A	1vi0_B
8t6v_A	8t6v_A
8t6v_A	7ty6_A
8t6v_A	7uz3_C
8t7j_A	8t7j_A
8t85_A	8t85_A
4z0y_F	4z0y_F
4z0y_F	4z10_G
4z10_I	4z10_I
4z0y_H	4z0y_H
4hye_A	4hye_A
4hye_A	4zms_A
4hye_A	4if4_A
4hye_A	7lza_A
4hye_A	1ys6_B
4hye_A	2oqr_A
5cxg_D	5cxg_D
5cxg_D	5aqc_B
5b09_A	5b09_A
5b09_A	5b0e_B
5b09_A	1q4r_A
5b09_A	5y02_I
5b09_A	5y02_C
5bmg_A	5bmg_A
5bmg_A	6nlb_B
5bmg_A	5bmg_G
5bmg_A	6nlb_C
5bmg_A	5bmg_H
5bmg_A	6nlb_D
5bmg_A	3v3x_C
5bmg_A	5o94_A
5cxy_B	5cxy_B
5cxy_B	5bo9_A
5cxy_B	5bo6_A
5cxy_B	5bo7_A
5cxy_B	5bo9_A
5buo_A	5buo_A
5buo_A	3umi_A
5buo_A	3umk_A
5buo_A	5buo_A
5buo_A	3k6b_A
5buo_A	3q7g_A
5buo_A	3pmr_B
5buo_A	4rda_A
5bx1_A	5bx1_A
5bx1_A	1rxd_C
5bx1_A	1zcl_A
5ci9_A	5ci9_A
5ci9_A	2z15_B
5cjz_A	5cjz_A
5cjz_A	5ck1_A
5cjz_A	5cjz_A
5cqh_A	5cqh_A
5cqh_A	6nfl_A
5cqh_A	5cqh_A
5cqh_A	5sxg_A
5cqh_A	6nfl_A
5cqh_A	8fik_A
5cqh_A	3v4j_B
5cqh_A	3ir2_A
5cqh_A	2nyt_B
5ct4_B	5ct4_B
5ct4_B	5ct6_B
5ct4_B	1isp_A
5ct4_B	5ct4_A
5ct4_B	7r1k_A
5d3y_A	5d3y_A
5d3y_A	5d27_A
5d3y_A	5d3x_A
5d4v_C	5d4v_C
5d4v_C	5d5t_A
5d4v_C	5d4v_D
5d4v_C	5d5t_D
5d4v_C	5d4u_A
5d4v_C	5d4u_A
5d4v_C	5d4v_B
5d4v_C	5o4j_A
5ecd_A	5ecd_A
5ecd_A	5ed0_C
5ecd_A	6ifc_A
5exy_A	5exy_A
5exy_A	2oh5_A
5exy_A	4otv_A
5exy_A	5yha_A
5yhb_A	5yhb_A
5f0z_A	5f0z_A
5f0z_A	5ey7_B
5f0z_A	5eyn_A
5f0z_A	5ygg_A
5f0z_A	1tz6_A
5f0z_A	2a9z_A
5f0z_A	1dgm_A
5f0z_A	1dgm_A
5f0z_A	1lij_A
5f0z_A	2aa0_A
5f0z_A	2ab8_A
5f0z_A	3b1n_B
5f0z_A	3b1q_B
5f0z_A	3b1o_A
5f0z_A	3b1q_D
5f0z_A	3b1o_B
5f0z_A	3b1p_A
5f0z_A	3b1p_A
5f0z_A	3b1r_A
5f0z_A	3lki_B
5f0z_A	3lki_A
5f0z_A	3gbu_A
5f0z_A	3ih0_A
5f0z_A	7fca_D
5f0z_A	1v1b_A
5f0z_A	1v1a_A
5f0z_A	2afb_A
5f0z_A	3iq0_B
5f0z_A	3go6_A
5f0z_A	7ag6_A
5f0z_A	5c3y_A
5f0z_A	5byf_A
5f0z_A	3n1c_A
5f0z_A	3umo_A
5f0z_A	3umo_B
5f0z_A	3umo_A
5f0z_A	3uqd_A
5f0z_A	3uqe_A
5f0z_A	2f02_B
5f0z_A	2f02_A
5f0z_A	2jg1_A
5f0z_A	2jg1_C
5f0z_A	2jgv_C
5f0z_A	2jg1_C
5f0z_A	2jgv_B
5f0z_A	2jgv_D
5f0z_A	4eum_B
5f0z_A	4ebu_A
5f0z_A	4wjm_A
7fmo_A	7fmo_A
7fmo_A	3e9p_A
7fmo_A	5stb_A
7fmo_A	5stc_A
7fmo_A	5str_A
7fmo_A	5stz_A
7fmo_A	5su4_A
7fmo_A	5sub_A
7fmo_A	5sue_A
7fmo_A	5sug_A
7fmo_A	7fju_A
7fmo_A	7fk4_A
7fmo_A	7fka_A
7fmo_A	7fko_A
7fmo_A	7fkt_A
7fmo_A	7fl3_A
7fmo_A	7fla_A
7fmo_A	7flf_A
7fmo_A	7fll_A
7fmo_A	7flp_A
7fmo_A	7flu_A
7fmo_A	7fm7_A
7fmo_A	7fmb_A
7fmo_A	7fmi_A
7fmo_A	7fmk_A
7fmo_A	7fms_A
7fmo_A	7fmx_A
7fmo_A	7fn1_A
7fmo_A	7fn2_A
7fmo_A	7fn4_A
7fmo_A	7fnq_A
7fmo_A	7fo6_A
7fmo_A	7fok_A
7fmo_A	7fon_A
7fmo_A	7fp2_A
7fmo_A	7fp8_A
4ilg_A	4ilg_A
4ilg_A	7fmw_B
4ilg_A	5stb_B
4ilg_A	5stc_B
4ilg_A	5str_B
4ilg_A	5stz_B
4ilg_A	5su4_B
4ilg_A	5sub_B
4ilg_A	5sue_B
4ilg_A	5suf_B
4ilg_A	5sug_B
4ilg_A	7fju_B
4ilg_A	7fk4_B
4ilg_A	7fka_B
4ilg_A	7fko_B
4ilg_A	7fkt_B
4ilg_A	7fl3_B
4ilg_A	7fla_B
4ilg_A	7flf_B
4ilg_A	7fll_B
4ilg_A	7flo_B
4ilg_A	7flv_B
4ilg_A	7fm7_B
4ilg_A	7fmb_B
4ilg_A	7fmi_B
4ilg_A	7fmk_B
4ilg_A	7fmr_B
4ilg_A	7fmw_B
4ilg_A	7fn1_B
4ilg_A	7fn2_B
4ilg_A	7fn4_B
4ilg_A	7fnp_B
4ilg_A	7fo6_B
4ilg_A	7fok_B
4ilg_A	7fom_B
4ilg_A	7fp2_B
4ilg_A	7fp8_B
7g82_B	7g82_B
7g82_B	7g8e_B
7g82_B	7g86_B
7g82_B	7g89_B
7g82_B	7g8b_B
7g82_B	7g8e_B
7g82_B	7g8h_B
7g82_B	7g8k_B
7g82_B	7g8q_B
7g82_B	7g8u_B
7g82_B	7g94_B
7g82_B	7g95_B
7g82_B	7g96_B
7g82_B	7g99_B
7g82_B	7g9h_B
8pfp_A	8pfp_A
8pfp_A	7gqu_A
3hi6_A	3hi6_A
3hi6_A	7kc5_A
3hi6_A	1aox_A
3hi6_A	1dzi_A
3hi6_A	1v7p_C
3hi6_A	5hj2_C
3hi6_A	6ndh_C
3hi6_A	4xw2_A
3hi6_A	1jlm_A
7l1y_A	7l1y_A
7l1y_A	7l1z_B
7l1y_A	7l1y_A
7l92_V	7l92_V
7l92_V	7knd_A
7l92_V	3ugl_A
7l92_V	7knj_A
7l92_V	7l92_M
7ne7_A	7ne7_A
7ne7_A	7yx7_A
7ne7_A	7ne7_A
7ne7_A	7ob1_A
7ne7_A	3ivm_A
7ne7_A	3iuq_A
7ne7_A	3iun_A
7ne7_A	1h2y_A
7ne7_A	1h2z_A
7ne7_A	1qfm_A
7ne7_A	1qfs_A
7ne7_A	1uoq_A
7ne7_A	5t88_A
7ne7_A	5uw5_B
7ne7_A	7vgb_A
7ne7_A	7zb2_CCC
7ne7_A	7zaz_AAA
7oli_B	7oli_B
7oli_B	7oue_A
7oli_B	7oli_A
7oli_B	1xqp_A
7oli_B	1xqp_A
7p46_A	7p46_A
7p46_A	3bk9_E
7p46_A	7p46_B
7p46_A	3bk9_H
7p46_A	7p46_C
7p46_A	3bk9_E
7p46_A	1yw0_A
7p46_A	2nw9_B
7p46_A	7p46_A
4yyn_A	4yyn_A
4yyn_A	7p4s_A
1flm_A	1flm_A
1flm_A	1flm_B
1flm_A	3awh_A
1flm_A	3awh_B
1flm_A	7eg5_A
1flo_B	1flo_B
1flo_B	1p4e_D
1fn9_A	1fn9_A
1fnn_A	1fnn_A
1fnn_A	1fnn_A
1fo3_A	1fo3_A
1fo3_A	1g6i_A
1fo3_A	1g6i_A
1fo3_A	1krf_A
1fo3_A	1kre_A
1fo3_A	5kkb_A
1fo3_A	8b5m_A
1foa_A	1foa_A
1foa_A	1foa_A
1foa_A	2am3_A
1foa_A	2am4_A
1foa_A	2apc_A
1fqj_B	1fqj_B
1fqj_B	1fqk_B
1fqj_B	6am3_X
1fqj_C	1fqj_C
1fr3_A	1fr3_A
1frw_A	1frw_A
1fs8_A	1fs8_A
1fs8_A	1fs9_A
1fs8_A	2e80_A
1fs8_A	3bnf_A
1fs8_A	1oah_A
1fs8_A	2j7a_B
1fs8_A	6v0a_B
1fsl_A	1fsl_A
1fsl_A	1bin_A
1fsl_A	1gdi_A
1fsl_A	1gdk_A
1fsl_A	1gdk_A
1fsl_A	1lh6_A
1fsl_A	1lh6_A
1fsl_A	1lh7_A
1fsl_A	1lh7_A
1fsl_A	2gdm_A
1fsl_A	2lh6_A
1fsl_A	2lh7_A
1fsl_A	7zos_A
1fsl_A	2oif_G
1fsl_A	1d8u_A
1ft6_A	1ft6_A
1ft6_A	1bvb_A
1fuo_A	1fuo_A
1fuo_A	1fup_A
1fuo_A	1fup_B
1fuo_A	7lub_B
1fuo_A	4adl_A
1fuo_A	6wng_A
1fuo_A	3oce_A
1fuo_A	3r6q_A
1fuo_A	3r6v_G
1fvi_A	1fvi_A
1fvi_A	7obn_A
1fwy_A	1fwy_A
1fx4_A	1fx4_A
1fx4_A	1fx2_A
1fx8_A	1fx8_A
1fxr_B	1fxr_B
1fxr_B	1fxr_A
1fxr_B	1siz_A
1fyf_B	1fyf_B
1fyf_B	1fyf_A
1fyf_B	4eo4_A
1fyf_B	3uh0_A
1fyf_B	2i4n_B
1fyf_B	2i4n_A
1fz0_C	1fz0_C
1fz0_C	1fz8_C
1fz0_C	1fz9_C
1fz0_C	1xve_C
1fz0_C	1xvf_D
1fz0_C	1xvg_C
1g12_A	1g12_A
1g1j_B	1g1j_B
1g1j_B	1g1i_A
1g2r_A	1g2r_A
1g37_B	1g37_B
1g3u_A	1g3u_A
1g3u_A	1g3u_A
1g3u_A	1gsi_A
1g3u_A	1gtv_A
1g3u_A	1mrs_A
1g3u_A	1mrs_A
1g3u_A	1n5i_A
1g3u_A	1n5i_A
1g3u_A	1n5j_A
1g3u_A	1n5k_A
1g3u_A	1n5k_B
1g3u_A	1n5l_A
1g3u_A	1n5l_B
1g3u_A	1w2g_B
1g3u_A	1w2h_B
1g4s_A	1g4s_A
1g4s_A	1g4p_A
1g4s_A	1g4t_A
1g4s_A	1g69_A
1g4s_A	1g69_B
1g4s_A	1g6c_A
1g4s_A	1g6c_A
1g4s_A	2tps_A
1g4u_S	1g4u_S
1g4u_S	1g4u_B
1g5b_B	1g5b_B
1g5n_A	1g5n_A
1g5n_A	1hak_A
1g5n_A	1yj0_A
1g5n_A	2ie6_A
1g5n_A	2ie7_A
1g5q_A	1g5q_A
1g5q_A	1mvn_A
1g5q_A	6eoa_A
1g60_A	1g60_A
1g60_A	1nw6_A
1g60_A	1eg2_A
1g60_A	1eg2_A
1g60_A	1nw5_A
1g60_A	1nw5_A
1g60_A	1nw6_A
1g60_A	1nw7_A
1g60_A	1nw7_A
1g60_A	1nw8_A
1g66_A	1g66_A
1hx3_B	1hx3_B
1hx3_B	1nfz_A
1hx3_B	1nfz_B
1hx3_B	1nfz_B
1hx3_B	1q54_A
1hx3_B	1q54_B
1hxr_B	1hxr_B
1hyh_B	1hyh_B
1hyh_B	6qss_A
1hyo_B	1hyo_B
1hyo_B	1hyo_A
1hyo_B	1hyo_B
1hyo_B	1qco_A
1hyo_B	1qco_B
1hyo_B	1qco_B
1hyo_B	2hzy_B
1hyo_B	5ti1_H
1hz5_A	1hz5_A
1hze_A	1hze_A
1hze_A	1hze_B
1hze_A	1pkv_A
1hzl_A	1hzl_A
1hzl_A	1nco_A
1hzl_A	1nco_B
1hzl_A	2g0l_A
1tq6_A	1tq6_A
1tq6_A	1tpz_B
1tq6_A	1tqd_A
1tq6_A	1tq4_A
1tq6_A	1tq4_A
1tq6_A	7vex_A
1tqh_A	1tqh_A
1tqh_A	8ftp_A
1tqh_A	3dlt_A
1tqh_A	4ke6_A
1tt0_A	1tt0_A
1tt0_A	2igo_A
1tt0_A	3lsi_A
1tt0_A	3lsm_A
1tt0_A	3lsm_B
1tt0_A	4moj_A
1tt0_A	4mol_B
1tt0_A	4moo_A
1tt0_A	4mih_B
1tt0_A	4mih_A
1tt0_A	4mif_B
1tt4_A	1tt4_A
1tu9_A	1tu9_A
1tuv_A	1tuv_A
1tuv_A	1tuv_A
1tvc_A	1tvc_A
1tvg_A	1tvg_A
1tyu_A	1tyu_A
1tyu_A	1tyw_A
1tyu_A	1tyw_A
1tyu_A	1tyx_A
1tyu_A	1tyx_A
1tyu_A	3th0_A
1tzc_A	1tzc_A
1tzc_A	1x9h_A
1tzc_A	1x9i_B
1u02_A	1u02_A
1u02_A	6upd_A
1u0j_A	1u0j_A
1u10_C	1u10_C
1u19_A	1u19_A
1u19_A	1gzm_A
1u19_A	2i35_A
1u19_A	2x72_A
1u19_A	3oax_A
1u19_A	3pqr_A
1u19_A	6pgs_A
1u19_A	2z73_A
1u1i_A	1u1i_A
1u1i_A	3qvt_A
1u1i_A	3qvx_A
1u1w_B	1u1w_B
1u1w_B	1t6k_A
1u1w_B	1u1x_B
2kfx_A	2kfx_A
2kfx_A	2kug_A
2kfx_A	2l1r_A
2klh_A	2klh_A
2klh_A	2klh_B
2klh_A	4fyh_D
2klh_A	4fyk_A
2klh_A	4p5e_B
2klh_A	8osc_B
2klh_A	8qhq_A
2klh_A	8qhr_A
2kmx_A	2kmx_A
2kot_A	2kot_A
2kot_A	2h2k_A
2kot_A	2kot_B
2l1r_B	2l1r_B
2lpr_B	2lpr_B
2ly0_A	2ly0_A
2ly0_A	2ly0_B
2ly0_A	2ly0_C
2ly0_A	2ly0_D
2mev_2	2mev_2
2mev_2	1qju_B
2mev_2	1aym_B
2mev_2	1piv_C
2mev_2	1eah_B
2mev_2	1pvc_C
2mev_2	2rr1_B
2mwg_A	2mwg_A
2ncd_A	2ncd_A
2ncd_A	1f9w_B
2ncd_A	1f9w_A
2ncd_A	3cob_A
2ncd_A	3kar_A
2ncd_A	1f9t_A
2ncd_A	1f9u_A
2ncd_A	1f9v_A
2ncd_A	3l1c_A
2ncd_A	1bg2_A
2ncd_A	1mkj_A
2ncd_A	1ii6_B
2ncd_A	3zcw_A
2ncd_A	1ii6_A
2ncd_A	4as7_A
2ncd_A	6g6y_A
2ncd_A	4b7b_A
2ncd_A	1t5c_A
2ncd_A	2y65_A
2ncd_A	3zfd_A
2ncd_A	6wwk_K
2ncd_A	6wwg_K
2ncd_A	6wwo_K
2ncd_A	2zfi_A
2ncd_A	1i6i_A
2nly_A	2nly_A
2nmv_A	2nmv_A
2nmv_A	2d7d_A
2nmv_A	2nmv_A
2nnc_A	2nnc_A
2nog_A	2nog_A
2np5_A	2np5_A
2np9_A	2np9_A
2np9_A	4ylh_A
2np9_A	4ylh_B
2np9_A	4ylh_A
2npn_A	2npn_A
2npn_A	2npn_A
2npn_A	3nd1_B
2npn_A	3nd1_B
2nr4_B	2nr4_B
2nr4_B	2nr4_A
2nr4_B	2iml_B
2nr4_B	2iml_A
2nr4_B	2iml_D
2ns6_A	2ns6_A
2ns6_A	4ht4_A
2nsf_A	2nsf_A
2nsp_A	2nsp_A
2ntl_C	2ntl_C
2ntl_C	2ntk_A
2oaa_B	2oaa_B
2oaj_A	2oaj_A
2oap_A	2oap_A
2oap_A	2oap_2
2oap_A	2oap_B
2oap_A	4ihq_A
2oap_A	4ihq_B
2oap_A	4ihq_A
2obb_A	2obb_A
2obe_A	2obe_A
2ocg_A	2ocg_A
2ocg_A	2oci_A
2ocg_A	2oci_A
2ocg_A	8hgw_A
2ocg_A	1xqw_A
2ocg_A	1xro_A
2ocg_A	1xqv_A
2ocg_A	1mu0_A
2ocg_A	1mu0_A
2ocg_A	1xrm_A
2ocg_A	1xrp_A
2ocg_A	1xrp_A
2ocg_A	2xua_H
2ocg_A	6eb3_D
2ocg_A	4o08_A
2ocg_A	2zjf_A
2ocg_A	2cjp_B
2ocg_A	2cjp_A
2ocg_A	5tnd_A
2ocg_A	4eus_B
2ocg_A	4yx9_A
2ocg_A	5tni_A
2ocg_A	5tns_D
2ocg_A	7p4k_A
2ocg_A	7a7g_B
2ocg_A	7c4d_A
2od0_B	2od0_B
2odi_A	2odi_A
2ofd_A	2ofd_A
2ofd_A	1y2v_A
2ofd_A	1y2u_A
2ofi_A	2ofi_A
2ofi_A	4ai5_A
2oga_A	2oga_A
2oga_A	3frk_B
2oga_A	3frk_A
2oga_A	2po3_A
2oga_A	2po3_B
2oga_A	2po3_A
2oga_A	3nyt_A
2oga_A	1mdz_A
2oga_A	1mdo_A
2oga_A	1mdx_A
2oga_A	2fni_A
2oga_A	2fni_B
2oga_A	2fnu_B
2oga_A	3bn1_A
2oga_A	3dr4_C
2oga_A	3dr7_A
2oga_A	3dr7_B
2oga_A	4k2i_B
2oga_A	7kz3_D
2oga_A	7kzd_G
2oga_A	7kzd_B
2oga_A	4zas_A
2oga_A	4zas_B
2oga_A	4zas_A
2oga_A	4zas_D
2oga_A	7l7x_AAA
2ogi_B	2ogi_B
2ogi_B	2ogi_B
2ogi_B	2o08_B
2ogi_B	8wmy_A
2oh3_A	2oh3_A
2ohf_A	2ohf_A
2ohf_A	5ee3_B
2ohf_A	5ee3_A
2ohf_A	5ee9_A
2ohf_A	7y9i_A
2ohf_A	2dby_A
2okc_A	2okc_A
2okc_A	2okc_B
2okc_A	7vru_A
2okv_B	2okv_B
2okv_B	1jke_A
2okv_B	4nbi_A
2okv_B	3ko5_C
2okv_B	3ko7_C
2okv_B	3ko9_B
2okv_B	3kob_B
2okv_B	3koc_C
2okv_B	3kod_B
2okv_B	3lmv_A
2okv_B	3lmv_B
2okv_B	4nbi_B
2okv_B	5j61_C
2olv_B	2olv_B
2onf_A	2onf_A
2onf_A	2onf_B
2onf_A	2onf_A
2onr_A	2onr_A
2onr_A	3k6x_A
2onr_A	3cg3_A
2oo4_A	2oo4_A
2oo4_A	4zlp_A
2opa_A	2opa_A
2opa_A	1bjp_A
2opa_A	5clo_M
2opa_A	4x19_M
2opa_A	5clo_N
2opa_A	4x19_O
2opa_A	5clo_O
2opa_A	4x19_P
2opa_A	1bjp_B
2opa_A	6ghw_C
2opa_A	3ej3_C
2opc_A	2opc_A
2vo9_A	2vo9_A
2vo9_A	6akv_A
2vov_A	2vov_A
2vp4_D	2vp4_D
2vp4_D	1oe0_A
2vp4_D	1ot3_A
2vp4_D	1ot3_B
2vp4_D	1ot3_A
2vp4_D	2jj8_B
2vp4_D	2vp0_A
2vp4_D	2vp2_A
2vp4_D	2vp6_A
2vp4_D	2vp9_A
2vp4_D	2vqs_B
2vp4_D	2ocp_A
2vp4_D	3mjr_A
2vp4_D	1p60_A
2vp4_D	1p5z_A
2vp4_D	1p5z_B
2vp4_D	1p60_B
2vp4_D	1p60_A
2vp4_D	1p61_A
2vp4_D	2a7q_A
2vp4_D	2no0_A
2vp4_D	2zi3_A
2vp4_D	2zi7_A
2vp4_D	3qen_A
2vp4_D	4jln_A
2vpy_C	2vpy_C
2vpy_F	2vpy_F
2vq2_A	2vq2_A
2vq3_B	2vq3_B
2vq3_B	2vq3_A
2vq3_B	2yjz_A
2vq3_B	2yjz_A
2vq3_B	5n2i_A
2vq3_B	1jay_A
2vq3_B	1jay_B
2vq3_B	3dtt_A
2vqf_P	2vqf_P
2vqg_B	2vqg_B
2vr0_F	2vr0_F
2vrs_C	2vrs_C
2vrz_A	2vrz_A
2vs1_A	2vs1_A
2vs1_A	2bh2_A
2vs1_A	2bh2_A
2vs1_A	5xj2_A
2vsq_A	2vsq_A
2vsq_A	4zxh_A
2vsq_A	4zxi_A
2vsq_A	5ja2_A
2vsq_A	6n8e_A
2vsq_A	7emy_A
2vui_B	2vui_B
2vui_B	2jk1_A
2vui_B	1l5y_B
2vun_A	2vun_A
2vun_A	3be7_A
2vun_A	3mtw_A
2vun_A	3mkv_F
2vun_A	4c5y_A
2vun_A	8ihr_A
2vun_A	2qs8_A
2vut_B	2vut_B
2vve_A	2vve_A
2vvf_A	2vvf_A
2vwa_A	2vwa_A
2vwo_L	2vwo_L
2vwo_L	2vwn_L
2vxa_A	2vxa_A
2vxa_A	2vxa_B
2vxa_A	2vxa_K
2vxa_A	2vxa_L
2vxa_A	2vxa_A
2vxa_A	6r1e_A
2vxa_A	2cz8_D
2vxa_A	2vyx_D
2vxa_A	2v21_C
2vxa_A	2vyx_F
2vxa_A	2v21_E
2vxa_A	2vyx_G
2vxa_A	2v21_F
2vxa_A	2v19_A
2vxa_A	2v19_C
2vxa_A	2v19_G
2vxa_A	2v19_I
2vxa_A	2yj0_A
2vxk_A	2vxk_A
2vxk_A	2vez_A
2vxk_A	1i12_D
2vxk_A	1i12_A
2vxk_A	1i12_B
2vxk_A	1i12_C
2vxk_A	2o28_A
2vxk_A	2o28_B
2vxk_A	2o28_A
2vxk_A	3cxq_A
2vxk_A	4ag9_A
2vxo_B	2vxo_B
2vxo_B	2vxo_A
2vxo_B	2vxo_B
2zux_A	2zux_A
2zux_A	2z8s_A
2zux_A	2zuy_A
2zw7_A	2zw7_A
2zw7_A	2zw4_A
2zw7_A	2zw5_B
2zwa_B	2zwa_B
2zwa_B	2zwa_A
2zwa_B	2zw9_A
2zwi_B	2zwi_B
2zwi_B	2ex1_A
2zwi_B	2ihz_A
2zwi_B	2iy8_A
2zwi_B	4v3b_A
2zwv_A	2zwv_A
2zwv_A	2zul_A
2zwv_A	2zwv_A
2zwv_A	3dmh_A
2zx4_A	2zx4_A
2zx4_A	2zx3_A
2zx7_A	2zx7_A
2zx7_A	1hl9_B
2zx7_A	1odu_B
2zx7_A	2wsp_A
2zx7_A	2wvs_A
2zx7_A	2xib_A
2zx7_A	2xii_B
2zx7_A	6gn6_F
2zx7_A	7pm4_A
2zx7_A	7xsh_A
2zxi_B	2zxi_B
2zxr_A	2zxr_A
2zxr_A	5f55_A
2zxr_A	5f54_A
2zxr_A	5f56_A
2zxu_A	2zxu_A
2zxu_A	2zxu_A
2zxu_A	3foz_B
2zy4_F	2zy4_F
2zy9_B	2zy9_B
2zyd_B	2zyd_B
2zyd_B	2iyp_B
2zyd_B	2iyp_B
2zyd_B	2iz1_B
2zyd_B	2p4q_A
2zyd_B	2jkv_A
2zyd_B	1pgn_A
2zyd_B	1pgn_A
2zyd_B	1pgo_A
2zyd_B	1pgo_A
2zyd_B	1pgp_A
2zyd_B	2jkv_B
2zyd_B	2jkv_A
2zyh_A	2zyh_A
2zyh_A	2zyr_A
2zyn_A	2zyn_A
2zyn_A	4r9g_A
2zyn_A	4r9f_A
2zyn_A	5tu0_A
2zyn_A	5m28_A
2zyn_A	5mkb_B
2zyn_A	6ffl_A
2zyn_A	6rjy_A
2zyn_A	7kd5_A
2zyn_A	1mg1_A
2zyn_A	5c7r_A
2zyn_A	5fio_B
2zyn_A	1ez9_B
2zyn_A	1fqc_A
2zyn_A	1fqd_A
2zyn_A	1jvx_A
2zyn_A	1jvy_A
2zyn_A	1lls_A
2zyn_A	1mdp_A
2zyn_A	1mdq_A
2zyn_A	1mpd_A
2zyn_A	1nmu_A
2zyn_A	3hpi_A
2zyn_A	3jyr_A
2zyn_A	3rum_A
2zyn_A	3set_A
2zyn_A	6l0z_A
2zyn_A	6ob5_B
2zyn_A	6qug_A
2zyn_A	1nl5_A
2zyn_A	3csb_A
2zzj_A	2zzj_A
2zzn_A	2zzn_A
2zzn_A	2yx1_A
2zzn_A	2zzn_A
2zzn_A	5hjk_A
2zzn_A	5hjm_A
2zzn_A	5hji_A
3a05_A	3a05_A
3a05_A	3a04_A
3a05_A	1r6u_A
3a05_A	2qui_A
3a05_A	5ujj_A
3a05_A	3jxe_A
3a05_A	3kt8_A
3a05_A	3kt6_A
3a05_A	3kt8_D
3a05_A	4j75_A
3a16_A	3a16_A
3a16_A	3a15_B
3a1z_B	3a1z_B
3a1z_B	3aos_A
3a22_A	3a22_A
3a26_A	3a26_A
3a26_A	3a25_A
3a27_A	3a27_A
3a3g_A	3a3g_A
3a3g_A	3a3b_A
3a3g_A	3a3b_B
3a3g_A	3a3b_B
3a3g_A	1kzl_A
3a3g_A	1kzl_A
3a3g_A	4gqn_B
3a3g_A	4e0f_B
3a3g_A	4g6i_A
3a3i_A	3a3i_A
3a3i_A	2ex8_A
3a3i_A	2ex9_A
3a3i_A	2exa_A
3a3i_A	2j9p_A
3a3i_A	1w5d_A
3a3i_A	1w79_A
3a3i_A	1w8q_A
3a3i_A	2wke_A
3a3i_A	2y59_A
3a3i_A	4b4z_A
3a3i_A	4ben_A
3a43_A	3a43_A
3a4k_D	3a4k_D
3a4t_A	3a4t_A
3a4w_A	3a4w_A
3a58_A	3a58_A
3a58_A	3a58_A
3b8y_A	3b8y_A
3b8y_A	3b4n_A
3b8y_A	4u49_B
3b99_A	3b99_A
3b99_A	3b6h_B
3b99_A	3b6h_A
3b99_A	3sn5_A
3b99_A	3v8d_A
3b9t_A	3b9t_A
3bal_A	3bal_A
3bam_A	3bam_A
3bam_A	2bam_A
3bb3_A	3bb3_A
3bb3_A	1h65_A
3bb3_A	1h65_A
3bb3_A	3bb1_A
3bb6_C	3bb6_C
3bb8_A	3bb8_A
3bb8_A	3b8x_B
3bb8_A	2gmu_A
3bb8_A	2r0t_A
3bb8_A	3b8x_A
3bb8_A	3b8x_B
3bb8_A	3gr9_C
3bbh_A	3bbh_A
3bbh_A	3bbh_B
3bbh_A	3o7b_A
3bbh_A	3o7b_A
3bbh_A	3oij_B
3bbh_A	2v3k_A
3bby_A	3bby_A
3bby_A	4jbb_A
3bdk_A	3bdk_A
3bdk_A	4eay_A
3bdk_A	4eac_C
3bdv_A	3bdv_A
3beg_B	3beg_B
3bem_B	3bem_B
3bem_B	3bem_A
3bem_B	3bem_B
3bfm_A	3bfm_A
3bgd_A	3bgd_A
3bgd_A	2bzg_A
3bgd_A	3bgi_A
3bgu_A	3bgu_A
3bh7_B	3bh7_B
3bh7_B	3bh6_B
3bho_A	3bho_A
3bho_A	5r4q_B
3bho_A	2cl3_A
3bho_A	5r4q_A
3bho_A	5r64_A
3bho_A	5r65_A
3bho_A	5r66_B
3bho_A	5r67_A
3bk2_A	3bk2_A
3bk2_A	3bk2_A
3bk2_A	3t3o_A
3bk2_A	3zq4_A
3bk2_A	4xwt_A
3bk2_A	4xww_A
3bk2_A	5a0v_B
3bk5_A	3bk5_A
3bk7_A	3bk7_A
3bk7_A	6tmf_d
3bk7_A	6yal_k
3bkf_A	3bkf_A
3bkt_A	3bkt_A
3bl5_E	3bl5_E
3bl5_E	2pg3_A
3bli_A	3bli_A
3bli_A	2ztj_A
3bli_A	2zyf_A
3bli_A	3mi3_A
3bli_A	3ivt_B
3bli_A	3ivu_B
3bli_A	4lrs_A
3bli_A	8ih7_A
3bli_A	1nvm_A
3bli_A	4ov4_A
3bli_A	4ov9_A
3bli_A	6e1j_A
3p1g_A	3p1g_A
3p1g_A	3v1r_A
3p1v_A	3p1v_A
3p2e_A	3p2e_A
3p2e_A	3mte_A
3p2e_A	5bw4_B
3p2e_A	4x1o_A
3p2e_A	5bw4_A
3p2e_A	5bw4_B
3p2e_A	5d1n_A
3p2h_A	3p2h_A
3p2h_A	1ro5_A
3p2y_A	3p2y_A
3p2y_A	1f8g_A
3p2y_A	1hzz_A
3p2y_A	1hzz_B
3p2y_A	1l7e_A
3p2y_A	1l7e_B
3p2y_A	1ptj_A
3p2y_A	1u2g_A
3p2y_A	2oo5_B
3p2y_A	2oo5_A
3p2y_A	4j1t_B
3p2y_A	2bru_B
3p2y_A	1x14_B
3p2y_A	1pjc_A
3p2y_A	2vhw_E
3p2y_A	2vhx_E
3p2y_A	2vhx_F
3p2y_A	2vhz_B
3p2y_A	4lmp_A
3p3i_A	3p3i_A
3p3i_A	3kvu_C
3p3i_A	3p3i_E
3p3i_A	3kvu_D
3p3i_A	3p3i_F
3p3i_A	3kv8_A
3p3i_A	3kvu_A
3p3i_A	3kvu_B
3p3i_A	3kvu_A
3p3i_A	3p3i_B
3p4g_B	3p4g_B
3p4h_A	3p4h_A
3p4h_A	3ta5_A
3p4h_A	3ta7_A
3p4x_A	3p4x_A
3p4x_A	3oiy_A
3p5p_A	3p5p_A
3p5p_A	3p5r_A
3p5p_A	3sdt_A
3p5p_A	3sdr_A
3p5p_A	3sdu_A
3p5p_A	3sae_A
3p5p_A	7y47_B
3p6b_A	3p6b_A
3p7i_A	3p7i_A
3p7n_B	3p7n_B
3p7n_B	3p7n_A
3p8h_B	3p8h_B
3p8h_B	3p8h_A
3p8h_B	3ut1_A
3p8v_A	3p8v_A
3p8v_A	3p8y_A
3p8v_A	3reu_A
3p8v_A	3rex_A
3p96_A	3p96_A
3p96_A	5jlp_A
3p96_A	8a21_A
3pcr_A	3pcr_A
3pcr_A	4fma_A
3pcy_A	3pcy_A
3pcy_A	2gim_A
3pcy_A	2w88_A
3pdd_A	3pdd_A
3pdi_B	3pdi_B
3pdi_B	8e3t_B
3pe0_A	3pe0_A
3pe6_A	3pe6_A
3pe7_A	3pe7_A
3pe7_A	3c5m_B
3peu_A	3peu_A
3peu_B	3peu_B
3peu_B	6b4e_A
3pfe_A	3pfe_A
3pfe_A	3pfe_A
3pfe_A	2zof_A
3pfe_A	4g1p_A
3pff_A	3pff_A
3pff_A	3pff_A
3pfi_B	3pfi_B
3pfi_B	3pfi_A
3pfi_B	7pbo_D
3pfi_B	1in5_A
3pfi_B	1in4_A
3pfi_B	1in6_A
3pfi_B	1in7_A
3pfi_B	1in8_A
3pfi_B	1j7k_A
3pfi_B	1j7k_A
3pfo_A	3pfo_A
3phj_A	3phj_A
3phj_A	1p77_A
3phj_A	1p74_A
3phj_A	1p77_A
3phj_A	1p77_A
3phj_A	1nyt_A
3phj_A	2cy0_A
3phj_A	2hk9_A
3phj_A	2hk9_A
3phj_A	2hk9_B
3phj_A	4p4g_A
3phj_A	4k28_A
3phj_A	4k28_A
3pih_A	3pih_A
3pih_A	2vf8_B
3pl9_A	3pl9_A
3plw_A	3plw_A
3pm5_C	3pm5_C
3pm5_C	3per_A
3pmd_A	3pmd_A
3pme_A	3pme_A
3pme_A	3obt_A
3pme_A	3rmy_D
3pme_A	3obt_A
3pme_A	4f83_A
3pme_A	1a8d_A
3pme_A	1diw_A
3pme_A	1dfq_A
3pme_A	1dll_A
3pme_A	1yxw_A
3pme_A	8agk_A
3pme_A	6two_A
3pme_A	2vu9_A
3poa_A	3poa_A
3poj_A	3poj_A
3poj_A	3poi_A
3pp5_A	3pp5_A
3pp9_A	3pp9_A
3ziu_A	3ziu_A
3ziu_A	3ziu_A
3zj0_A	3zj0_A
3zj0_A	3zj0_A
3zja_A	3zja_A
3zjs_A	3zjs_A
3zjs_A	3zjh_B
3zjs_A	3zjl_A
3zjs_A	3zjq_B
3zk4_B	3zk4_B
3zkd_B	3zkd_B
3zkd_B	3zkd_A
3zkd_B	1kij_B
3zkd_B	3lps_A
3zkd_B	1s16_A
3zkn_A	3zkn_A
3zkn_A	4i11_A
3zkn_A	4gid_A
3zkn_A	3nsh_B
3zkn_A	2ohk_A
3zkn_A	2ohl_A
3zkn_A	2vkm_A
3zkn_A	4gid_C
3zkn_A	4i1c_A
3zkn_A	3bra_A
3zkn_A	4wtu_A
3zkn_A	3hw1_C
3zkn_A	4xxs_A
3zkn_A	5t1u_A
3zkn_A	6c4g_A
3zkn_A	4zl4_B
3zl8_A	3zl8_A
3zl8_A	3zl8_A
3zl8_A	2am2_A
3zni_A	3zni_A
3zo7_I	3zo7_I
3zo7_I	3zo7_E
3zo7_I	3zo7_F
3zpg_A	3zpg_A
3zpg_A	3zpc_A
3zpg_A	2o7p_A
3zpg_A	2o7p_A
3zpg_A	2obc_A
3zpg_A	3ex8_C
3zpg_A	2d5n_B
3zpg_A	8dq9_B
3zpg_A	8dqb_A
3zq6_D	3zq6_D
3zq6_D	3b2e_A
3zq6_D	3sja_A
3zq6_D	3b2e_B
3zq6_D	3a37_B
3zq6_D	7spy_A
3zqs_A	3zqs_A
3zr5_A	3zr5_A
3zr5_A	3zr6_A
3zr5_A	4ccc_A
3zr5_A	4ccd_A
3zr5_A	4ufh_A
3zr5_A	4ufm_A
3zsc_A	3zsc_A
3zt9_A	3zt9_A
3zt9_A	3w40_A
3zt9_A	3w42_A
3zt9_A	3w45_A
3zth_A	3zth_A
3zuo_C	3zuo_C
3zuo_C	2cm9_A
3zvm_A	3zvm_A
3zvm_A	3u7e_B
3zvm_A	3zvm_A
3zwa_A	3zwa_A
3zwa_A	2x58_A
3zwa_A	3zw9_A
3zwa_A	3zwc_A
3zwa_A	5mgb_A
3zwa_A	6z5o_AAA
3zwa_A	6zib_AAA
3zwa_A	6zic_AAA
3zwa_A	8oqs_B
3zwa_A	8oqn_A
3zwa_A	8oqo_A
3zwa_A	8oqp_B
3zwa_A	8pf8_B
3zwh_Q	3zwh_Q
3zx7_A	3zx7_A
3zxi_A	3zxi_A
3zxi_A	3ts1_A
3zxi_A	1jil_A
3zxi_A	1wq3_A
3zxi_A	1vbm_B
3zxi_A	6wn2_A
4zp0_A	4zp0_A
4zp0_A	4zow_A
4zp0_A	4zow_A
4zph_A	4zph_A
4zph_A	4zqd_B
4zpi_C	4zpi_C
4zpi_C	4xcb_A
4zpj_A	4zpj_A
4zpj_A	3i45_A
4zpj_A	4eyg_B
4zq9_A	4zq9_A
4zq9_A	5dcx_A
4zq9_A	1m55_A
4zr1_B	4zr1_B
4zsk_B	4zsk_B
4zxw_A	4zxw_A
4zya_B	4zya_B
4zz8_A	4zz8_A
4zzj_A	4zzj_A
4zzj_A	4zzj_A
5a01_A	5a01_A
5a01_A	5lvv_A
5a01_A	4n3b_A
5a01_A	5bnw_A
5a01_A	5c1d_A
5a01_A	8fe7_A
5a01_A	2jlb_A
5a01_A	2vsn_A
5a01_A	2xgm_A
5a08_B	5a08_B
5a08_B	5a07_A
5a1s_D	5a1s_D
5a2w_A	5a2w_A
5a2w_A	5a2w_B
5a2w_A	5a2z_A
5a39_B	5a39_B
5a3a_A	5a3a_A
5a3a_A	5a3b_A
5a3a_A	5a3c_A
5a3a_A	5a3c_A
5a3k_A	5a3k_A
5a43_B	5a43_B
5a43_B	6bqo_B
5a5y_A	5a5y_A
5a5y_A	5a66_A
5a5y_A	5a68_A
5a61_A	5a61_A
5a61_A	5a60_A
5a65_A	5a65_A
5a65_A	5a65_A
5a65_A	3tvl_A
5g4l_A	5g4l_A
5g56_A	5g56_A
5g5s_A	5g5s_A
5g5s_A	1z25_A
5g5s_A	1z26_A
5g5s_A	8jpx_A
5g5s_A	8wd8_A
5g6t_A	5g6t_A
5g6t_A	3gs6_A
5g6t_A	2oxn_A
5g6t_A	4gvi_B
5g6t_A	6jtk_D
5g6t_A	6jti_D
5g6t_A	6jtk_E
5g6t_A	6jti_E
5g6t_A	5utq_B
5g6t_A	7vi6_A
5gg6_B	5gg6_B
5gg6_B	5xd4_A
5gg6_B	5ggc_A
5gg6_B	5gg8_A
5gg6_B	5gg9_A
5gg6_B	5xd1_A
5gg6_B	5xd2_A
5gg6_B	5xd4_A
5gg6_B	5xd5_B
5gg6_B	6m65_A
5gg6_B	6m6y_A
5gg6_B	6m72_A
5ggi_B	5ggi_B
5ggn_A	5ggn_A
5ggn_A	5ggj_A
5gke_A	5gke_A
5gkq_A	5gkq_A
5gkq_A	5gkd_A
5gkq_A	7dmk_A
5gm9_A	5gm9_A
5gm9_A	3eng_A
5gmu_B	5gmu_B
5gnf_A	5gnf_A
5go5_A	5go5_A
5gop_A	5gop_A
5gop_A	5goo_A
5gox_A	5gox_A
5gp0_I	5gp0_I
5gp0_I	5wwd_A
5gp0_I	6dbz_A
5gp0_I	6fl4_A
5gp0_I	5bon_A
5gpo_B	5gpo_B
5gqc_D	5gqc_D
5gqo_A	5gqo_A
5grk_A	5grk_A
5grk_A	5gnw_A
5grq_A	5grq_A
5grq_C	5grq_C
5gt1_A	5gt1_A
5gt9_B	5gt9_B
5gte_A	5gte_A
5gub_A	5gub_A
5gub_A	5gx6_A
5gub_A	5gx7_A
5gub_A	5xs8_A
5gub_A	6inz_A
5gub_A	1j1n_A
5gub_A	1j1n_A
5gub_A	5h71_B
5gub_A	5g5z_A
5gub_A	5g5y_A
5gub_A	3omb_A
5guf_A	5guf_A
5gv2_C	5gv2_C
5gv2_C	5gt7_C
5gv3_B	5gv3_B
5gvv_A	5gvv_A
5gvx_A	5gvx_A
5gw8_B	5gw8_B
5gwd_A	5gwd_A
5gy6_A	5gy6_A
5gy6_A	6ls1_A
5gy6_A	1bu4_A
5gy6_A	1bvi_D
5gy6_A	1ch0_A
5gy6_A	1g02_A
5gy6_A	1gsp_A
5gy6_A	1gsp_A
5gy6_A	1hyf_A
5gy6_A	1hz1_A
5gy6_A	1i0v_A
5gy6_A	1i0x_A
5gy6_A	1i2e_A
5gy6_A	1i3f_A
5gy6_A	1i3i_A
5gy6_A	1lov_A
5gy6_A	1rga_A
5gy6_A	1rgc_A
5gy6_A	1rgk_A
5gy6_A	1rhl_A
5gy6_A	1rls_A
5gy6_A	1rnt_A
5gy6_A	1trp_A
5gy6_A	1trq_A
5gy6_A	2aae_A
5gy6_A	2bir_A
5gy6_A	2bu4_A
5gy6_A	2gsp_A
5gy6_A	2hoh_A
5gy6_A	2rnt_A
5gy6_A	3bir_A
5gy6_A	3bu4_A
5gy6_A	3gsp_A
5gy6_A	3hoh_A
5gy6_A	3rnt_A
5gy6_A	4bu4_A
5gy6_A	4gsp_A
5gy6_A	4hoh_A
5gy6_A	5bir_A
5gy6_A	5bu4_A
5gy6_A	5gsp_A
5gy6_A	5hoh_A
5gy6_A	6gsp_A
5gy6_A	7gsp_A
5gz9_A	5gz9_A
5gz9_A	5gza_A
5x0g_A	5x0g_A
5x0g_A	5x0b_A
5x0g_A	5x0e_A
5x14_A	5x14_A
5x1j_A	5x1j_A
5x1j_A	5x1n_A
5x2e_A	5x2e_A
5x42_A	5x42_A
5x62_B	5x62_B
5x7o_A	5x7o_A
5x7o_A	5x7p_A
5x7o_A	5x7q_A
5x7o_A	5x7s_A
5x7z_A	5x7z_A
5x7z_A	5x7z_A
5x7z_A	5hsm_A
5x9g_A	5x9g_A
5x9i_A	5x9i_A
5xau_A	5xau_A
5xbt_A	5xbt_A
5xc2_B	5xc2_B
5xdc_B	5xdc_B
5xdc_B	3x0y_D
5xdc_B	3x0y_B
5xdc_B	3x0x_E
5xdc_B	3x0x_G
5xdc_B	3x0y_A
5xe5_A	5xe5_A
5xe5_A	3hwp_A
5xen_B	5xen_B
5xen_B	2eco_A
5xen_B	2ecq_A
5xen_B	2efy_B
5xen_B	1z7y_A
5xen_B	1z7y_A
5xen_B	3vc3_D
5xen_B	7n2t_A
5xen_B	8b9y_A
5xen_B	8b9y_B
5xen_B	3zei_A
5xen_B	2q3d_A
5xen_B	6c2h_A
5xen_B	6c2q_A
5xen_B	6c4p_A
5xen_B	5xcw_X
5xen_B	5dbe_X
5xen_B	1y7l_A
5xen_B	3iqh_A
5xen_B	1d6s_A
5xen_B	1d6s_B
5xen_B	1fcj_A
5xen_B	1fcj_B
5xen_B	1fcj_B
5xen_B	1oas_A
5xen_B	1oas_B
5xen_B	4jbl_B
5xen_B	3bm5_B
5xen_B	4il5_A
5xen_B	5b55_A
5xev_A	5xev_A
5xf9_D	5xf9_D
5xf9_D	5odh_F
5xf9_D	5odc_F
5xf9_D	4omf_A
5xf9_D	6qgr_A
5xfo_A	5xfo_A
5xgd_A	5xgd_A
5xgu_A	5xgu_A
5xgu_A	2ix1_A
5xgu_A	2id0_A
5xgu_A	2ix0_A
5xgu_A	7dic_A
5xhb_A	5xhb_A
5xis_D	5xis_D
5xj6_A	5xj6_A
5xj6_A	5xj8_B
5xj6_A	5xj9_A
5xj6_A	7cqm_A
5xki_B	5xki_B
5xki_B	3qzy_A
5xki_B	3ust_A
5xkr_A	5xkr_A
5xkr_A	5xko_B
5xkx_A	5xkx_A
5xly_B	5xly_B
5xmz_A	5xmz_A
5xnc_B	5xnc_B
5xnc_B	2qm3_A
5xnc_B	5xnh_A
5xnl_x	5xnl_x
5xnq_A	5xnq_A
5xnr_A	5xnr_A
5xnz_A	5xnz_A
5xog_M	5xog_M
6weg_D	6weg_D
6weg_D	4hoj_A
6weg_D	3ibh_A
6weg_D	3erg_A
6weo_O	6weo_O
6weo_O	5eh1_A
6wfv_A	6wfv_A
6wh3_1	6wh3_1
6wi7_A	6wi7_A
6wil_A	6wil_A
6wj6_I	6wj6_I
6wj6_I	6dhe_I
6wj6_I	3wu2_i
6wje_A	6wje_A
6wkd_A	6wkd_A
6wkd_A	5nx7_A
6wkd_A	7zrn_A
6wkd_A	5dz2_A
6wkd_A	8h6u_A
6wkd_A	4okm_A
6wkd_A	7y88_A
6wkd_A	6oh6_A
6wku_A	6wku_A
6wlw_R	6wlw_R
6wlw_T	6wlw_T
6wlw_U	6wlw_U
6wlw_V	6wlw_V
6wn9_A	6wn9_A
6wpg_A	6wpg_A
6wq6_A	6wq6_A
6wq6_A	1pfu_A
6wq6_A	8brv_A
6wq6_A	6spo_A
6wq6_A	1p7p_A
6wq6_A	1pfw_A
6wq6_A	1pfy_A
6wq6_A	1pg2_A
6wq6_A	5goy_A
6wq6_A	5gl7_A
6wq6_A	5goy_A
6wq6_A	1rqg_A
6wq6_A	5xet_C
6wq6_A	4mwd_B
6wq6_A	4eg1_B
6wq6_A	4eg8_B
6wq6_A	4mwd_B
6wq6_A	5v49_A
6wq6_A	2x1l_A
6wq6_A	2x1l_A
6wq6_A	3kfl_A
6wq6_A	3kfl_A
6wq6_A	4py2_A
6wq6_A	5k0s_A
6wq6_A	2ct8_A
6wq6_A	2ct8_A
6wq6_A	3vu8_A
6wq6_A	4qre_A
6wq6_A	7wpm_A
6wq6_A	7wpt_A
6wq6_A	7wq0_A
6wqz_A	6wqz_A
6wrw_B	6wrw_B
6wrw_B	4twe_A
6wrw_B	6h7y_A
6wrw_B	2or4_A
6wrw_B	2xei_A
6wrw_B	4mcs_A
6wrw_B	4w9y_A
6wrw_B	5o5r_A
6wrw_B	6h7y_A
6wrw_B	2c6g_A
6wrw_B	2cij_A
6wt4_A	6wt4_A
6wt4_A	8hwj_A
6wt4_A	7ebl_B
6wt4_A	8hy9_A
6wt4_A	8hyn_A
6wt4_A	8hy9_A
6wt4_A	8hwi_B
6wtf_A	6wtf_A
6wtf_A	6wte_A
6wti_A	6wti_A
6wti_B	6wti_B
6wui_A	6wui_A
6wui_A	4j7l_A
6wui_A	3fqj_A
6wui_A	3fqj_A
6wui_A	4j7m_A
6wui_A	4j7n_A
6wui_A	5uli_A
6wui_A	6aix_A
6wui_A	6wre_A
6wui_A	6wuf_A
6wui_A	6wuk_A
6wwx_A	6wwx_A
6wwx_A	6wxa_B
6wxp_A	6wxp_A
6wxp_A	6zv9_B
6wxu_A	6wxu_A
6wxu_B	6wxu_B
6x0q_C	6x0q_C
6x38_A	6x38_A
6x38_A	6x39_A
6x6u_B	6x6u_B
6x6u_B	4z3w_F
6zck_A	6zck_A
6zck_A	1pvc_B
6zck_A	1piv_B
6zck_A	1qju_A
6zck_A	1aym_A
6zck_A	2rr1_A
6zck_A	1r09_1
6zck_A	8ayz_A
6zck_A	1eah_A
6zck_A	4wm7_A
6ze9_A	6ze9_A
6zie_A	6zie_A
6zif_A	6zif_A
6zif_A	6q6b_A
6ziw_I	6ziw_I
6ziw_I	3uim_A
6ziw_I	2o8y_A
6ziw_I	6eg9_B
6ziw_I	4u97_B
6ziw_I	4q5j_A
6ziw_I	7mon_B
6ziw_I	4m69_A
6ziw_I	6oko_B
6ziw_I	4m66_A
6zjo_B	6zjo_B
6zjo_B	6zhl_A
6zjo_B	1t9h_A
6zjo_B	2yv5_A
6zjo_B	7boi_W
6zk0_BBB	6zk0_BBB
6zk0_BBB	1awb_A
6zk0_BBB	1ima_A
6zk0_BBB	1ima_B
6zk0_BBB	1imb_A
6zk0_BBB	2bji_A
6zk0_BBB	3luz_A
6zk0_BBB	2qfl_A
6zk0_BBB	5eq9_B
6zk0_BBB	5eq8_A
6zk0_BBB	5t3j_A
6zk0_BBB	5eyg_B
6zk0_BBB	4g61_A
6zk0_BBB	5f24_A
6zk0_BBB	5zon_A
6zk0_BBB	5dw8_A
6zk9_g	6zk9_g
6zk9_g	7qsm_W
6zk9_g	7v2c_E
6zk9_g	6yj4_W
6zl7_B	6zl7_B
6zm0_AAA	6zm0_AAA
6zma_B	6zma_B
6zma_B	6zmc_C
6zma_B	8fhc_B
6zmg_A	6zmg_A
6zmg_A	6zm9_A
6zmq_A	6zmq_A
6zn1_AAA	6zn1_AAA
6zn1_AAA	2xmp_A
6zn1_AAA	2xa2_A
6zn7_B	6zn7_B
6zn7_B	2dvm_A
6zn7_B	2dvm_A
6zng_F	6zng_F
6zpa_A	6zpa_A
6zpa_A	6zpb_A
6zpa_A	6zpc_A
6zpy_AAA	6zpy_AAA
6zpy_AAA	6zpz_AAA
6zpy_AAA	6zq0_AAA
6zpy_AAA	6zq1_AAA
6zr7_AAA	6zr7_AAA
6zr7_AAA	6eg0_B
6zr7_AAA	6s9f_B
6zsv_B	6zsv_B
6zth_D	6zth_D
6zth_D	6zti_B
6ztk_B	6ztk_B
6zto_AI	6zto_AI
6zto_AI	8evr_BQ
6ztq_O	6ztq_O
6ztq_O	6zka_k
6ztq_O	7qsk_O
6ztq_O	7r4g_O
6ztq_O	7v2c_w
6ztq_O	8om1_O
7zpf_A	7zpf_A
7zqy_B	7zqy_B
7zs0_A	7zs0_A
7zu8_A	7zu8_A
7zum_A	7zum_A
7zum_A	7o2m_A
7zum_A	7vlg_A
7zum_A	7vlh_A
7zum_A	7vli_A
7zum_A	7zlc_A
7zum_A	7zld_A
7zum_A	7zmi_A
7zum_A	7zno_A
7zum_A	7zpd_A
7zum_A	7zv4_A
7zum_A	7zvv_A
7zum_A	7zw5_A
7zum_A	7zys_A
7zvb_A	7zvb_A
7zvj_B	7zvj_B
7zvm_A	7zvm_A
7zvm_A	7zvy_A
7zvo_A	7zvo_A
7zvr_A	7zvr_A
7zw0_sh	7zw0_sh
7zwd_b	7zwd_b
7zyc_A	7zyc_A
7zyc_A	7zyb_A
7zyi_A	7zyi_A
7zyz_A	7zyz_A
7zyz_A	1rr2_A
7zyz_A	1rqb_A
7zyz_A	4mfd_A
7zyz_A	4loc_A
7zyz_A	4mfe_A
7zyz_A	4mim_C
7zz3_A	7zz3_A
7zz3_A	5vyz_A
7zz3_A	3bg5_A
7zz3_A	3tw6_C
7zz3_A	2qf7_A
7zz3_A	3tw6_B
8a0c_B	8a0c_B
8a0c_B	8a0c_A
8a1d_A	8a1d_A
8a1g_A	8a1g_A
8a1g_D	8a1g_D
8a1u_F	8a1u_F
8a1u_F	7xk6_F
8a1u_F	1krh_A
8a1u_F	1krh_A
8a1u_F	4wqm_A
8a1u_F	7c3a_B
8a1u_F	7c3b_C
8a1u_F	5ogx_A
8a22_AD	8a22_AD
8a22_Bm	8a22_Bm
8a22_Bw	8a22_Bw
8a28_A	8a28_A
8a3v_A	8a3v_A
8a47_C	8a47_C
8a56_B	8a56_B
8a56_B	3ics_B
8a56_B	3ics_B
8a56_B	3nt6_A
8a56_B	3nt6_B
8a56_B	3nt6_A
8a56_B	1yqz_A
8a56_B	1yqz_B
8a56_B	1yqz_A
8a56_B	4eqw_A
8a56_B	4eqw_B
8a56_B	5er0_A
8a56_B	5er0_B
8a56_B	5vn0_B
8a56_B	5voh_D
8a56_B	1f8w_A
8a56_B	1nhp_A
8a56_B	1nhq_A
8a56_B	1nhr_A
8a56_B	1nhs_A
8a56_B	1npx_A
8a56_B	2npx_A
8a56_B	2npx_A
8a56_B	2bcp_A
8a56_B	2bc0_A
8a56_B	2cdu_B
8a56_B	2cdu_A
8a56_B	6rvh_A
8a56_B	4fx9_A
8a56_B	4fx9_B
8a5c_A	8a5c_A
8a5c_A	4uob_A
8a5c_A	7rds_A
8a82_A	8a82_A
8a8d_A	8a8d_A
8a8d_A	8a8g_A
8a8d_A	1r6x_A
8a8d_A	7fh3_A
8a8t_A	8a8t_A
8a8t_A	8a8t_A
8a8t_A	8a7s_A
8a8t_A	8aeq_A
8a8t_A	6k8u_A
8a8t_A	6k8t_A
8a8t_A	8hi5_A
8aa1_A	8aa1_A
8aa1_A	6zaz_B
8aa1_A	5fq8_B
8aa1_A	5fq6_M
8aa1_A	6sln_A
8aan_A	8aan_A
8ab4_M	8ab4_M
8ab4_M	8azg_M
8ab4_M	1jcg_A
8ab4_M	4czm_A
8ab4_M	4czh_A
8ab4_M	4czl_A
8ab4_M	5ljw_A
8ab4_M	7e1c_A
2xtp_A	2xtp_A
2xtp_A	2xtm_A
2xtp_A	2xtn_A
2xtp_A	2xtn_A
2xtp_A	6z3e_A
2y64_A	2y64_A
2y64_A	3jxs_C
2y64_A	2y64_A
2y64_A	2y6g_A
2y64_A	4bj0_A
5ae0_A	5ae0_A
5ae0_A	2yp0_A
5ae0_A	1woj_A
5ae0_A	2ydc_A
5ae0_A	2ype_A
5ae0_A	2yq9_A
5ae0_A	3zbr_A
5ae0_A	3zbr_A
5ae0_A	4wdg_A
2ywc_A	2ywc_A
2ywc_A	2ywb_A
2ywc_A	2ywc_A
2ywc_A	3uow_B
2ywc_A	3uow_A
2ywc_A	5tw7_F
2ywc_A	1gpm_A
8bp9_B	8bp9_B
8bp9_B	2zal_B
8bp9_B	2gez_B
8bp9_B	2gl9_B
2zgz_A	2zgz_A
2zgz_A	1mwk_A
2zgz_A	1mwm_A
2zgz_A	1mwm_A
2zgz_A	2zgy_A
2zgz_A	2zgz_B
2zgz_A	2zgz_A
2zgz_A	4a62_A
3a06_B	3a06_B
3a06_B	3a14_A
3a06_B	3a14_B
3a06_B	1r0l_B
3a06_B	3zhz_B
3a06_B	4ooe_B
3a06_B	4aic_B
3a06_B	4rcv_B
3a06_B	3au9_A
3a06_B	3au9_B
3a06_B	4gae_A
3a06_B	4kp7_A
3a06_B	4kp7_A
3a06_B	5jo0_A
3a06_B	5dul_A
3a06_B	1jvs_A
3a06_B	1onp_A
3a06_B	1onp_B
3a06_B	1q0q_A
3a06_B	3r0i_A
3a06_B	5kqo_A
3a06_B	4zqg_A
3a70_C	3a70_C
3a70_C	2zj7_A
3a70_C	2z8x_A
3a70_C	3a70_A
3a70_C	3a70_C
7djn_A	7djn_A
7djn_A	4luh_A
7djn_A	3a73_A
7djn_A	1e7b_A
7djn_A	1e7c_A
7djn_A	1e7f_A
7djn_A	1e7h_A
7djn_A	1gni_A
7djn_A	1h9z_A
7djn_A	1ha2_A
7djn_A	1hk4_A
7djn_A	2vdb_A
7djn_A	4or0_A
7djn_A	4po0_A
7djn_A	5dby_A
7djn_A	7vr9_A
3ab4_C	3ab4_C
3aj4_A	3aj4_A
3aj4_A	3via_B
3aj4_A	3aj4_A
3amm_A	3amm_A
3amm_A	3vho_B
3amm_A	3amq_A
3amm_A	3wq0_A
3amm_A	7s8k_B
3c5n_B	3c5n_B
3c5n_B	2fim_A
3c5n_B	3c5n_A
1g6u_A	1g6u_A
1g8f_A	1g8f_A
1g8f_A	1g8h_A
1g8f_A	1jec_A
1g8f_A	1jed_A
1g8o_A	1g8o_A
1g8o_A	2jck_A
1g8o_A	5nr9_B
1g8o_A	1g93_A
1g8o_A	1gwv_A
1g8o_A	1gww_A
1g8o_A	1gww_B
1g8o_A	1gx0_A
1g8o_A	1gx4_A
1g8o_A	1k4v_A
1g8o_A	2vfz_B
1g8o_A	2wgz_A
1g8o_A	3v0q_A
1g8o_A	6gx1_A
1g8o_A	2y7a_B
1g8o_A	3i0f_A
1g8o_A	3sxe_A
1g8o_A	4c2s_A
1g8o_A	4fro_A
1g8o_A	5c4b_A
1g8o_A	5m79_A
1g8o_A	5m7d_A
1g8o_A	6gx1_A
1g8o_A	2pgv_A
1g8o_A	1lzj_A
1g8o_A	3i0d_A
1g8o_A	3sx3_A
1g8o_A	5c47_A
1g9u_A	1g9u_A
1ga8_A	1ga8_A
1ga8_A	1g9r_A
1ga8_A	1ss9_A
1gai_A	1gai_A
1gai_A	1dog_A
1gai_A	3eqa_A
1gai_A	2f6d_A
1gbc_A	1gbc_A
1gbc_A	1gbd_A
1gbc_A	1gbh_A
1gbc_A	1gbi_A
1gbc_A	1gbl_A
1gbc_A	1gbm_A
1gbc_A	1p01_A
1gbc_A	1p03_A
1gbc_A	1p05_A
1gbc_A	1p06_A
1gbc_A	1p10_A
1gbc_A	1p12_A
1gbc_A	1ssx_A
1gbc_A	2lpr_A
1gbc_A	3lpr_A
1gbc_A	3pro_A
1gbc_A	6lpr_A
1gbc_A	8lpr_A
1gbc_A	9lpr_A
1gbc_B	1gbc_B
1gbd_B	1gbd_B
1gbh_B	1gbh_B
1gbi_B	1gbi_B
1gbl_B	1gbl_B
1gbm_B	1gbm_B
1gc1_G	1gc1_G
1gc1_G	4i53_A
1gc1_G	4laj_A
1gc1_G	4j6r_G
1gc1_G	4dkv_A
1gc1_G	3ngb_D
1gc1_G	3se9_G
1gc1_G	4dkp_A
1gc1_G	6tyb_G
1gd9_A	1gd9_A
1gd9_A	1dju_A
1gd9_A	1dju_B
1gd9_A	1gd9_B
1gd9_A	1gde_A
1gd9_A	1gde_B
1gd9_A	1j32_B
1gd9_A	1j32_A
1gd9_A	5wmi_A
1gd9_A	5wml_A
1gd9_A	5yhv_B
1gd9_A	5yhv_A
1gd9_A	1o4s_A
1gd9_A	1o4s_B
1gd9_A	1b5o_A
1gd9_A	1b5o_B
1gd9_A	1b5p_A
1gd9_A	1b5p_B
1gd9_A	1bjw_A
1gd9_A	1bkg_A
1gd9_A	1gck_A
1gd9_A	1gck_B
1gd9_A	1gck_A
1gd9_A	5bj3_A
1gd9_A	5bj3_B
1gd9_A	5bj4_A
1gd9_A	5bj4_B
1gd9_A	1u08_A
1gd9_A	1u08_A
1gd9_A	3dyd_A
1gd9_A	3ele_A
1gd9_A	3ele_B
1gd9_A	3ele_A
1gd9_A	3fvs_B
1gd9_A	1w7m_A
1gd9_A	3fvu_A
1gd9_A	4wlj_A
1gd9_A	4wlj_B
1gd9_A	4wlj_A
1gd9_A	3e2z_A
1gd9_A	3e2y_A
1gd9_A	5vep_A
1gd9_A	1v2f_A
1gd9_A	1v2e_A
1gd9_A	1yiy_A
1gd9_A	2r5c_B
1gd9_A	4cvq_A
1gd9_A	1xi9_B
1gd9_A	1xi9_A
1gd9_A	6l1l_B
1gd9_A	6l1n_A
1gd9_A	6l1o_B
1gd9_A	3ihj_A
1gd9_A	3tcm_A
1gd9_A	3jtx_B
1gd9_A	3qgu_A
1gd9_A	2z20_A
1gd9_A	3ei5_B
1gd9_A	3ei8_A
1gd9_A	3ei8_B
1gd9_A	3ei9_A
1gd9_A	4fl0_A
1gd9_A	4fl0_B
1gd9_A	8bob_A
1gd9_A	1d2f_A
1gd9_A	1d2f_B
1gd9_A	1c7n_A
1gd9_A	1c7o_A
1gd9_A	1c7o_A
1gd9_A	3l8a_A
1gd9_A	3l8a_B
1gd9_A	3b1d_A
1gd9_A	3b1d_A
1gd9_A	3b1d_B
1gd9_A	3b1e_A
1gd9_A	6qp1_B
1gd9_A	8ffu_A
1gg6_C	1gg6_C
1gg6_C	1afq_C
1gg6_C	1ggd_C
1gg6_C	1gmc_B
1gg6_C	1gmh_C
1gg6_C	2cha_C
1gg6_C	2cha_F
1gg6_C	2vgc_C
1gg6_C	3vgc_C
1gg6_C	4gch_C
1gg6_C	4vgc_C
1gg6_C	6cha_C
1gg6_C	6cha_F
1gg6_C	6gch_C
1gg6_C	7gch_C
1gg6_C	1bhx_D
1ghe_A	1ghe_A
1ghe_A	1ghe_B
1ghm_A	1ghm_A
1ghm_A	1blc_A
1ghm_A	1iyp_A
1ghm_A	1iyo_A
1ghm_A	1iyq_A
1ghm_A	4de1_A
1ghm_A	1i2w_A
1ghm_A	1i2w_B
1ghm_A	8v9h_B
1ghm_A	7ti2_A
1ghm_A	1n9b_A
1ghm_A	1erm_A
1ghm_A	1erq_A
1ghm_A	1fqg_A
1ghm_A	1jvj_A
1ghm_A	1jwv_A
1ghm_A	1jwz_A
1ghm_A	1m40_A
1ghm_A	1nxy_A
1ghm_A	1nym_A
1ghm_A	1nyy_A
1ghm_A	1pzo_A
1ghm_A	1tem_A
1ghm_A	1vm1_A
1ghm_A	2j8y_A
1ghm_A	2jbf_D
1gj8_A	1gj8_A
1gj8_A	1gja_A
1gj8_A	1gjd_A
1gj9_A	1gj9_A
1gj9_A	1gj7_A
1gjb_A	1gjb_A
1gjc_A	1gjc_A
1gjc_A	1c5z_A
1gjw_A	1gjw_A
1gk0_B	1gk0_B
1gk0_B	1gk1_B
1gk0_B	1jvz_B
1gk0_B	1jw0_B
1gk0_B	1jw0_B
1gk0_B	2wyc_B
1gk0_B	3l91_B
1gk0_B	3srb_B
1gk0_B	4wkt_C
1gk0_B	4yfb_C
1gl4_A	1gl4_A
1gl7_B	1gl7_B
1gl7_B	1gki_B
1gl7_B	1gl6_B
1glc_F	1glc_F
1gm7_A	1gm7_A
1gm7_A	1ajn_A
1gm7_A	1ajp_A
1gm7_A	1ajq_A
1gm7_A	1fxh_A
1gm7_A	1fxh_A
1gm7_A	1fxv_A
1gm7_A	1fxv_A
1gm7_A	1gm9_A
1gm7_A	1gm9_A
1gm7_A	1k5q_A
1gm7_A	1k5s_A
1gm7_A	1k7d_A
1gm7_A	1k7d_A
1gm7_A	1kec_A
1gm7_A	1pnl_A
1gm7_A	1pnm_A
1gmw_A	1gmw_A
1gn1_F	1gn1_F
1gof_A	1gof_A
1gof_A	1k3i_A
1gof_A	2eic_A
1gof_A	2eie_A
1gp2_C	1gp2_C
1gp2_C	1gg2_C
1gp2_C	3sn6_C
1gpc_A	1gpc_A
1gpj_A	1gpj_A
1gpj_A	5yjl_B
1gqb_A	1gqb_A
1gqi_A	1gqi_A
1gqi_A	1gqj_A
1gqi_A	1gqk_A
1gqi_A	1gqk_B
1gqi_A	1gqk_A
1gqi_A	1gql_A
1gqi_A	1gql_B
1gqi_A	1h41_A
1gqi_A	1h41_B
1gqi_A	1h41_B
1gqi_A	1k9f_A
1gqi_A	1k9e_A
1gqi_A	1mqq_A
1gqi_A	1l8n_A
1gqi_A	1mqq_A
1gr0_A	1gr0_A
1gr0_A	3cin_A
1gr0_A	3cin_A
1gr0_A	6k96_B
1gs5_A	1gs5_A
1gs5_A	1gsj_A
1gs5_A	1oh9_A
1gs5_A	1oh9_A
1gs5_A	1oha_A
1gs5_A	1ohb_A
1gs5_A	2x2w_A
1gs5_A	3t7b_B
1gsa_A	1gsa_A
1gsa_A	1gsa_A
1gth_A	1gth_A
1gth_A	1gth_C
1gth_A	1gth_D
1gth_A	1h7w_A
1gth_A	1h7x_B
1gth_A	7m32_A
1gth_A	8f5w_C
1gu2_A	1gu2_A
1gu3_A	1gu3_A
1gui_A	1gui_A
1gun_A	1gun_A
1gun_A	1gug_A
1gv8_A	1gv8_A
1gvh_A	1gvh_A
1gvh_A	1cqx_A
1gvh_A	1cqx_A
1gvh_A	3ozv_A
1gvh_A	3ozw_A
1gvh_A	3ozw_A
1gw6_A	1gw6_A
1gw6_A	3ftv_A
1gw6_A	5nia_A
1gw6_A	3b7r_L
1gw6_A	3fts_A
1gw6_A	3ftv_A
1gw6_A	3fty_A
1gw6_A	3fu3_A
1gw6_A	3fuf_A
1gw6_A	3fuh_A
1gw6_A	4dpr_A
1gw6_A	4gaa_B
1gw6_A	4r7l_A
1gw6_A	4rsy_A
1gw6_A	2xpy_A
1gw6_A	2xpz_A
1gw6_A	2xq0_A
1gw6_A	2xpz_A
1gw6_A	2xq0_A
1gw6_A	2xq0_A
1gwc_A	1gwc_A
1gwc_A	1oyj_B
1gwc_A	1oyj_A
1gwc_A	2vo4_A
1gwc_A	2vo4_B
1gwc_A	5agy_A
1gwc_A	5agy_B
1gwc_A	8a0r_A
1gwc_A	1fw1_A
1gwc_A	3n5o_A
1gwc_A	2v6k_A
1gwc_A	4kae_A
1gwc_A	4pqi_A
1gwc_A	6f71_C
1gwc_A	6f70_A
1gwl_A	1gwl_A
1gwl_A	1gwm_A
1gwq_D	1gwq_D
1gwq_D	1gwq_C
1gwr_B	1gwr_B
1gxo_A	1gxo_A
1gxr_A	1gxr_A
1gxu_A	1gxu_A
1gxz_A	1gxz_A
1gxz_A	1og1_A
1gxz_A	1og3_A
1gxz_A	1og4_A
1gxz_A	1og4_A
1gyn_A	1gyn_A
1gyn_A	1dos_A
1gyn_A	1b57_A
1gyn_A	7v6f_A
1gyn_A	7yva_B
1gyn_A	7v6g_B
1gyn_A	3ekz_A
1gyn_A	3elf_A
1gyn_A	4a22_A
1gyn_A	4lv4_A
1gyx_B	1gyx_B
1gyx_B	1gyy_A
1gyx_B	1gyy_B
1gyx_B	1gyy_A
1gz6_B	1gz6_B
1gz6_B	1gz6_A
1gzh_D	1gzh_D
1gzq_B	1gzq_B
1gzq_B	3myz_A
1gzq_B	4nqv_F
1gzq_B	1i4f_B
1gzq_B	1onq_B
1gzq_B	3mzt_A
1gzq_B	5jhd_G
1gzq_B	6c98_B
1gzq_B	6c99_B
1gzq_B	6ei2_B
1gzq_B	6ojp_B
1gzq_B	6v7z_B
1gzq_B	6vqy_D
1h0a_A	1h0a_A
1h0g_D	1h0g_D
1h0g_D	1h0g_C
1h11_A	1h11_A
1h11_A	1h2j_A
1h11_A	1h5v_A
1h11_A	1hf6_A
1h11_A	1ocq_A
1h11_A	2a3h_A
1h11_A	3a3h_A
1h11_A	4a3h_A
1h11_A	5a3h_A
1h11_A	6a3h_A
1h11_A	8a3h_A
1h11_A	1g0c_A
1h11_A	1tvp_B
1h11_A	8bqa_AAA
1h16_A	1h16_A
1h16_A	1cm5_A
1h16_A	1h18_A
1h16_A	1h18_B
1h1i_B	1h1i_B
1h1i_B	1gqg_A
1h1i_B	1gqg_C
1h1i_B	1gqh_A
1h1i_B	1h1m_A
1h1o_A	1h1o_A
1h1o_A	1etp_A
1h21_A	1h21_A
1h2f_A	1h2f_A
1h2f_A	4qih_A
1h2f_A	4pza_B
1h2m_B	1h2m_B
1h2m_B	1h2l_B
1h2m_B	1h2k_B
1h2s_B	1h2s_B
1h31_B	1h31_B
1h3f_A	1h3f_A
1h3f_A	1h3e_A
1h3f_A	6i5y_B
1h3f_A	6otj_B
1h3g_A	1h3g_A
1h3g_A	1h3g_B
1h3g_A	3edf_A
1h3g_A	3edd_B
1h3g_A	3edf_A
1h3g_A	3edj_B
1h3g_A	2d2o_A
1h3g_A	1wzl_A
1h3g_A	2d2o_B
1h3g_A	1wzl_B
1h3g_A	1g1y_A
1h3g_A	3a6o_A
1h3g_A	1uh2_A
1h3g_A	1izj_A
1h3g_A	1uh3_A
1h3g_A	1uh4_A
1h3g_A	7dch_A
1h3n_B	1h3n_B
1h3n_B	1a2c_C
1h4k_X	1h4k_X
1h4k_X	2eg3_A
1h4k_X	4jgt_A
1h4k_X	1dp2_A
1h6h_A	1h6h_A
1h6x_A	1h6x_A
1h70_A	1h70_A
1h70_A	2ci7_A
1h70_A	2ci4_A
1h70_A	2c6z_A
1h70_A	2ci7_A
1h7g_A	1h7g_A
1h7g_A	1gqc_A
1h7g_A	1gqc_B
1h7g_A	1h7g_B
1h7g_A	1h7h_A
1h7g_A	1h7h_B
1h7g_A	1h7h_A
1h7g_A	1h7t_A
1h7g_A	1h7t_B
1h7g_A	1h7t_B
1h7g_A	1vh3_A
1h7g_A	1vh3_A
1h7g_A	1vh3_B
1h7g_A	2y6p_A
1h7g_A	3k8d_A
1h7q_A	1h7q_A
1h7q_A	1h7l_A
1h7q_A	1h7q_A
1h7q_A	1qgq_A
1h7q_A	1qgq_A
1h7q_A	1qgs_A
1h8p_A	1h8p_A
1h8p_A	1h8p_B
1h8p_A	1h8p_A
1h94_A	1h94_A
1h94_A	1h94_A
1h94_A	1h9a_A
1h94_A	2dpg_A
1h94_A	6e07_Q
1h94_A	1qki_F
1h94_A	7zhu_B
1h94_A	5aq1_B
1h94_A	7zhz_B
1h9g_A	1h9g_A
1h9g_A	4pdk_B
1h9g_A	5dv5_A
1h9r_A	1h9r_A
1h9r_A	1h9m_A
1hcx_A	1hcx_A
1hdf_A	1hdf_A
1he1_A	1he1_A
1hei_A	1hei_A
1hei_A	3kql_A
1hei_A	3kqn_A
1hei_A	4ojq_A
1hfa_A	1hfa_A
1hfa_A	1hg2_A
1hfa_A	1hg5_A
1hfe_L	1hfe_L
1hfe_S	1hfe_S
1hg3_A	1hg3_A
1hg3_A	1w0m_A
1hg3_A	5css_A
1hg3_A	5csr_C
1hgh_B	1hgh_B
1hgh_B	3eym_B
1hgh_B	3eym_D
1hgh_B	5t6n_B
1hgh_B	6cex_B
1hgh_B	6cfg_B
1hgh_B	1jsh_B
1hgh_B	1jsi_B
1hgh_B	1jsn_B
1hgh_B	1jso_B
1hgh_B	4k3x_B
1hgh_B	6vmz_B
1hgh_B	6wcr_B
1hgx_B	1hgx_B
1hgx_B	1hgx_A
1hgx_B	1g9s_B
1hgx_B	3kb8_A
1hgx_B	3h83_A
1hgx_B	3kb8_B
1hgx_B	6d9r_A
1hgx_B	6d9s_A
1hgx_B	6apu_A
1hgx_B	6aps_A
1hgx_B	1p17_B
1hgx_B	1i0i_A
1hgx_B	1i0l_A
1hgx_B	1i0l_B
1hgx_B	1i13_A
1hgx_B	1i13_B
1hgx_B	1i14_A
1hgx_B	1i14_B
1hgx_B	1tc1_A
1hgx_B	1tc1_B
1hgx_B	1tc1_B
1hgx_B	1tc2_A
1hgx_B	1tc2_B
1hgx_B	1tc2_B
1hgx_B	4rhu_C
1hgx_B	4rht_C
1hgx_B	5knq_A
1hgx_B	5kny_B
1hgx_B	6aqo_B
1hgx_B	6mxb_A
1hgx_B	8fx2_A
1hgx_B	8fwy_A
1hgx_B	6igs_B
1hh5_A	1hh5_A
1hh5_A	1os6_A
1hh5_A	3h33_A
1hhs_A	1hhs_A
1hhs_A	1hi0_P
1hhs_A	1hi1_A
1hhs_A	1hi8_A
1hhs_A	1uvk_A
1hhs_A	1uvn_A
1hhs_A	4a8m_A
1hi9_A	1hi9_A
1hkd_A	1hkd_A
1hkd_A	1hkd_C
1hkd_A	1len_A
1hkd_A	1lob_A
1hkd_A	1lob_C
1hkd_A	1lod_A
1hkd_A	1lod_C
1hkd_A	1lod_A
1hkd_B	1hkd_B
1hkd_B	1hkd_D
1hkd_B	1lob_B
1hkd_B	1lob_D
1hkd_B	1lod_B
1hkd_B	1lod_D
1hkd_B	1lod_B
1hkv_A	1hkv_A
1hkv_A	4xg1_B
1hkv_A	4xg1_A
1hkv_A	4xg1_B
1hkv_A	1ko0_A
1hkv_A	6n2a_A
1hkv_A	7kh2_D
1hkv_A	7ru7_A
1hkv_A	6knk_A
1hkv_A	6knh_C
1hkv_A	8d4i_A
1hkv_A	8d5d_A
1hkv_A	8d5r_A
1hkv_A	8d88_A
1hkx_A	1hkx_A
1hkx_A	2ux0_E
1hkx_A	7rec_B
1hlq_A	1hlq_A
1hmy_A	1hmy_A
1hmy_A	1hmy_A
1hmy_A	2z6q_A
1hmy_A	5mht_A
1hmy_A	3ubt_A
1hmy_A	4h0n_A
1hmy_A	4h0n_A
1hmy_A	1g55_A
1hmy_A	3qv2_A
1hnd_A	1hnd_A
1hnd_A	1hnh_A
1hnd_A	1hnj_A
1hnd_A	1hnj_A
1hnd_A	1mzs_A
1hnd_A	2eft_B
1hnd_A	4nhd_D
1hnd_A	1hzp_A
1hnd_A	1hzp_B
1hnd_A	1u6s_A
1hnd_A	3il4_A
1hnd_A	3il5_A
1hnd_A	5kp2_B
1hnd_A	4x0o_E
1hnd_A	5kp2_B
1hnd_A	5v0p_A
1hnd_A	3s20_A
1hnd_A	3s21_A
1hnd_A	3s23_A
1hnd_A	4ku2_B
1hnd_A	4ku5_A
1hnd_A	4ku5_B
1hnd_A	4ku5_B
1hnd_A	4xs9_A
1hnd_A	3t6s_B
1hnd_A	6esq_I
1ho4_A	1ho4_A
1ho4_A	1ixn_A
1ho4_A	1ixn_B
1ho4_A	1ixn_C
1ho4_A	1ixn_D
1ho4_A	1ixn_A
1ho4_A	1ixo_A
1ho4_A	1ixo_B
1ho4_A	1ixo_C
1ho4_A	1ixo_D
1ho4_A	3gk0_A
1ho4_A	3o6d_A
1htw_A	1htw_A
1htw_A	1htw_A
3sfz_A	3sfz_A
3sfz_A	3sfz_A
3sga_B	3sga_B
3sgl_A	3sgl_A
3sgl_A	3awi_A
3sgl_A	3ps9_A
3shq_A	3shq_A
3sid_A	3sid_A
3sid_A	3qhb_A
3sig_A	3sig_A
3sig_A	3sig_A
3sig_A	3sii_A
3six_A	3six_A
3six_A	2ocx_A
3six_A	3six_A
3skd_A	3skd_A
3sl2_A	3sl2_A
3sl2_A	3sl2_A
3sl2_A	3a0t_A
3sl2_A	3a0x_A
3sl2_A	3a0t_A
3sl2_A	3a0t_A
3sl2_A	3a0w_A
3sl2_A	5idm_A
3sl2_A	4pl9_A
3sl2_A	4pl9_A
3slk_A	3slk_A
3slo_A	3slo_A
3slr_A	3slr_A
3slz_A	3slz_A
3slz_A	3slz_B
3slz_A	3slz_A
3slz_A	3sm2_A
3sm4_C	3sm4_C
3sm4_C	3slp_A
3sm4_C	3sm4_B
3smz_A	3smz_A
3son_A	3son_A
3sop_A	3sop_A
3sop_A	3ftq_B
3sop_A	3ftq_A
3sop_A	3sop_B
3sop_A	4z54_A
3sop_A	4yqf_A
3sop_A	4yqf_B
3sop_A	5cyp_A
3sop_A	6mq9_B
3sop_A	8sgd_A
3sop_A	5irr_B
3srb_A	3srb_A
3srb_A	2wyc_A
3srg_A	3srg_A
3srg_A	6h0a_A
5chi_A	5chi_A
5cio_A	5cio_A
5cjp_E	5cjp_E
5ck7_A	5ck7_A
5ck7_A	5o0j_A
5ck7_A	1ua4_A
5ck7_A	5o5z_A
5ck7_A	1gc5_A
5ck7_A	4b8s_A
5ck7_A	5od2_B
5ck7_A	6c8z_A
5ckw_A	5ckw_A
5ckw_A	5ckw_B
5clt_A	5clt_A
5clt_A	3vu2_A
5clt_A	7ml5_A
5clt_A	3vu2_B
5clt_A	5gqv_A
5clt_A	4lpc_B
5clt_A	5e6y_A
5clt_A	5e6y_B
5cm7_A	5cm7_A
5cm7_A	3c9t_B
5cm7_A	3c9r_A
5cm7_A	3c9t_A
5cm7_A	3c9t_B
5cm7_A	3c9u_B
5cnq_A	5cnq_A
5cnq_A	6grd_A
5cns_F	5cns_F
5cns_F	1biq_B
5cns_F	1jpr_B
5cns_F	1piu_A
5cns_F	1rsr_B
5cns_F	1rsv_B
5cns_F	1h0n_A
5cns_F	1jk0_A
5cns_F	1w68_A
5cns_F	1w69_A
5cns_F	1xsm_A
5cns_F	3vpm_A
5cns_F	6y2n_A
5cns_F	4d8f_B
5cns_F	2rcc_C
5cns_F	7aik_A
5cof_A	5cof_A
5cot_A	5cot_A
5cot_A	5cou_A
5cot_A	6vtg_C
5cot_A	6vtb_A
5cot_A	6vtf_A
5cr9_A	5cr9_A
5cr9_A	4mlz_A
5cra_A	5cra_A
5ctv_A	5ctv_A
5cuj_A	5cuj_A
5cup_A	5cup_A
5cup_A	5cuo_B
5cuy_D	5cuy_D
5cuy_D	5c5v_A
5cuy_D	5cuu_B
5cvr_A	5cvr_A
5cvr_A	8qto_A
5cw3_A	5cw3_A
5cwf_A	5cwf_A
5cx6_B	5cx6_B
5cx6_B	5cx6_A
5cx6_B	5cx6_A
5cx6_B	7om7_B
5cxv_B	5cxv_B
5cxw_A	5cxw_A
5cyb_A	5cyb_A
5cyx_A	5cyx_A
5cyz_C	5cyz_C
5cz2_G	5cz2_G
5czy_A	5czy_A
5czy_A	5czy_A
5czy_A	8sr6_A
5d00_B	5d00_B
5d00_B	6n1x_A
5d00_B	2gej_A
5d00_B	2gej_A
5d00_B	2gek_A
5d00_B	3c4v_A
5d00_B	6kih_A
5d00_B	3okc_A
5d00_B	3oka_A
5d00_B	8dqd_A
5d08_A	5d08_A
5d1l_B	5d1l_B
5d1r_A	5d1r_A
5hlb_A	5hlb_A
5hlb_A	5fgz_A
5hlb_A	5hl9_A
5hli_A	5hli_A
5hml_A	5hml_A
5hml_A	1ut5_A
5hml_A	5hp4_A
5hnv_A	5hnv_A
5hnv_A	5x1s_A
5hnv_A	5x1t_A
5hnv_A	2a19_B
5hnv_A	2w5h_A
5hnv_A	4a4x_A
5hnv_A	2xnp_A
5hnv_A	1x8b_A
5hnv_A	2in6_A
5hnv_A	5vd2_A
5hnv_A	1zy5_B
5hnv_A	4g31_A
5hnv_A	5m06_B
5hnv_A	3oro_A
5hnv_A	1o6y_A
5hnv_A	3orl_A
5ho1_A	5ho1_A
5hof_A	5hof_A
5hof_A	5ho2_A
5hp8_A	5hp8_A
5hp8_A	7cd4_A
5hp8_A	2uyk_C
5hp8_A	2uyn_A
5hp8_A	3vcz_B
5hp8_A	3i3f_B
5hp8_A	3i3f_A
5hp8_A	3k0t_C
5hp8_A	5v4d_A
5hpi_A	5hpi_A
5hpi_A	2o9a_A
5hpi_A	2o99_C
5hpy_A	5hpy_A
5hpy_A	1grn_B
5hpy_A	1ow3_A
5hpy_A	1tx4_A
5hr4_J	5hr4_J
5hrm_B	5hrm_B
5ht7_A	5ht7_A
5ht8_A	5ht8_A
5ht8_A	3so1_H
5htl_A	5htl_A
5hu6_D	5hu6_D
5hv0_A	5hv0_A
5hv0_A	5v7y_A
5hv0_A	2jig_A
5hv0_A	5c5u_B
5hvq_C	5hvq_C
5hw2_C	5hw2_C
5hw2_C	5hw2_B
5hw2_C	5hw2_D
5hw2_C	5hw2_C
5hw2_C	2x75_A
5hw4_A	5hw4_A
5hwe_A	5hwe_A
5hwe_A	5t13_A
5hwe_A	6cwj_A
5hwe_A	6buo_A
5hwe_A	6buo_B
5hwe_A	6cwj_B
5hwe_A	6buo_D
5hwe_A	6cwj_C
5hwe_A	6bum_B
5hwe_A	6buq_B
5hwe_A	6cwj_B
5hwe_A	4bvs_A
5hwe_A	4bvq_A
5hwk_B	5hwk_B
5hwr_A	5hwr_A
5hwr_A	5hwq_A
5hwr_A	1ysl_B
5hwr_A	1ysl_B
5hwr_A	1txt_A
5hwr_A	1xpm_A
5hwr_A	3sqz_A
5hwr_A	3sqz_A
5hwr_A	2fa0_A
5hwr_A	2fa3_A
5hwr_A	2fa3_A
5hwr_A	7cqt_C
5hwr_A	2p8u_B
5hwr_A	2p8u_A
5hwr_A	2wya_A
5hwr_A	5kp8_A
5hwr_A	5kp7_A
5hws_C	5hws_C
5hws_C	5ayv_B
5hws_C	5hws_A
5hws_C	3wfj_A
5hws_C	5x20_A
5hws_C	6k1r_A
5hws_C	2ofp_B
5hws_C	1ks9_A
5hws_C	1yjq_A
5hws_C	1yon_A
5hws_C	2ofp_B
5hws_C	3hwr_B
5hws_C	3hwr_A
5hws_C	8ixm_B
5hws_C	8ix9_C
5hws_C	8ixh_A
5hwv_B	5hwv_B
5hxc_A	5hxc_A
5hxc_A	5hwy_A
5hxm_A	5hxm_A
5hxm_A	4kwu_A
5hy7_B	5hy7_B
5hy7_B	7dco_3
5hyh_A	5hyh_A
5hyh_A	2jcd_A
5hyh_A	3cht_A
5hyh_A	3cht_A
5hyh_A	3chu_B
5hyl_C	5hyl_C
5hyl_C	2yf3_C
5hyl_C	5hva_A
5hyl_C	5hzz_C
5hyn_D	5hyn_D
5hzf_A	5hzf_A
5hzf_A	5hkj_A
5hzi_A	5hzi_A
5hzl_B	5hzl_B
5hzr_A	5hzr_A
5i0a_A	5i0a_A
5i0a_A	2imz_A
5i0a_A	1zde_A
5i1t_A	5i1t_A
5i1y_B	5i1y_B
5i1y_B	5chb_C
6nqz_A	6nqz_A
6ns4_A	6ns4_A
6nsi_A	6nsi_A
6ntt_B	6ntt_B
6ntt_B	4wbc_A
6ntw_A	6ntw_A
6ntw_A	7kgm_A
6nu8_A	6nu8_A
6nu8_A	3pij_B
6nu8_A	2qqu_A
6nu8_A	2add_A
6nu8_A	8bet_C
6nu8_A	8beq_A
6nu9_A	6nu9_A
6nvo_A	6nvo_A
6nw9_A	6nw9_A
6nwm_B	6nwm_B
6nwm_B	6nwh_B
6nwm_B	6nwo_D
6nwz_A	6nwz_A
6nz0_Z	6nz0_Z
6nz4_A	6nz4_A
6o0w_A	6o0w_A
6o0w_A	7s2z_B
6o0w_A	7vu8_B
6o0w_A	7xoz_A
6o19_A	6o19_A
6o1t_A	6o1t_A
6o1t_A	5wd6_A
6o1y_A	6o1y_A
6o1y_A	6o1x_A
6o38_A	6o38_A
6o3p_B	6o3p_B
6o3p_B	6scx_A
6o43_A	6o43_A
6o6b_A	6o6b_A
6o6e_E	6o6e_E
6o6n_A	6o6n_A
6o6y_A	6o6y_A
6o6y_A	4eog_A
6o75_A	6o75_A
6o75_A	6o74_A
6o75_A	6o7d_A
6o75_A	6kbd_A
6o75_A	6ifn_A
6o75_A	6kc0_A
6o75_A	6o7h_A
6o75_A	6muu_A
6o7c_A	6o7c_A
6o80_A	6o80_A
6o9a_A	6o9a_A
6o9a_A	7an6_A
6oae_A	6oae_A
6oaq_A	6oaq_A
6oaq_A	6ob8_A
